order_id,order_date,city,restaurant_name,food_category,item_name,quantity,unit_price,discount,delivery_fee,gst,total_sales,delivery_time_min,payment_method,order_status,customer_rating,delivery_partner
700001,11/21/2025,Ahmedabad,Food Fiesta,Pizza,Margherita,1,366.49,43.46,52.24,16.15,391.42,51,Cash,Delivered,3.2,Suresh
700002,3/31/2026,Ahmedabad,Pizza Corner,South Indian,Uttapam,5,185.87,50.04,33.78,43.97,957.06,25,Wallet,Delivered,3.9,Amit
700003,6/23/2025,Rajkot,Urban Tadka,Pizza,Farmhouse,5,125.19,0.19,20.69,31.29,677.74,24,Card,Cancelled,,Rahul
700004,3/28/2025,Mumbai,Biryani Express,Beverages,Lassi,2,93.6,79.11,56.81,5.4,170.3,45,Card,Delivered,4.1,Rahul
700005,5/10/2025,Jaipur,Spice Hub,Pizza,Margherita,2,192.52,32.47,27.87,17.63,398.07,28,Card,Delivered,4.5,Amit
700006,11/10/2025,Gandhinagar,Urban Tadka,South Indian,Masala Dosa,4,158.91,58.51,59.05,28.86,665.04,42,Cash,Delivered,3.7,Ravi
700007,11/25/2025,Vadodara,Spice Hub,South Indian,Idli,4,220.35,66.14,39.09,40.76,895.11,47,Card,Delivered,3.5,Rahul
700008,10/12/2025,Surat,Pizza Corner,South Indian,Uttapam,2,389.3,50.65,38.86,36.4,803.21,18,Cash,Delivered,4.2,Amit
700009,10/15/2025,Surat,Food Fiesta,South Indian,Uttapam,3,148.63,67.66,32.53,18.91,429.67,69,Card,Delivered,3.1,Amit
700010,6/17/2026,Mumbai,Chinese Wok,Biryani,Paneer Biryani,1,191.16,41.21,33.21,7.5,190.66,64,UPI,Delivered,4.2,Amit
700011,11/3/2025,Rajkot,Urban Tadka,Burger,Paneer Burger,4,317.27,32.78,58.64,61.81,1356.75,28,UPI,Delivered,4.7,Amit
700012,1/20/2026,Rajkot,South Treat,Burger,Cheese Burger,4,334.65,67.04,43.36,63.58,1378.5,36,Card,Delivered,3.3,Amit
700013,6/20/2025,Gandhinagar,Chinese Wok,Biryani,Hyderabadi Veg,2,203.1,7.96,32.86,19.91,451.01,71,Wallet,Delivered,4.8,Vikas
700014,8/12/2025,Vadodara,Urban Tadka,Chinese,Fried Rice,1,166.61,53.7,39.27,5.65,157.83,51,Cash,Cancelled,,Vikas
700015,7/17/2025,Mumbai,Urban Tadka,Chinese,Fried Rice,4,271.24,35.96,26.61,52.45,1128.06,49,Cash,Delivered,4.9,Priya
700016,9/27/2025,Jaipur,Burger House,Pizza,Farmhouse,1,300.01,75.79,43.95,11.21,279.38,46,Cash,Delivered,4.7,Karan
700017,2/17/2026,Rajkot,South Treat,Pizza,Veg Supreme,2,166.1,54.87,57.98,13.87,349.18,25,Cash,Delivered,4.1,Priya
700018,4/8/2026,Vadodara,Pizza Corner,Beverages,Lassi,3,192.75,78.41,48.8,24.99,573.63,27,Cash,Cancelled,,Neha
700019,3/18/2026,Vadodara,Burger House,Chinese,Noodles,3,348.87,17.25,54.12,51.47,1134.95,15,Wallet,Delivered,3.1,Karan
700020,6/30/2025,Jaipur,Food Fiesta,Pizza,Farmhouse,3,100.06,65.14,20.93,11.75,267.72,38,UPI,Delivered,4.8,Ravi
700021,9/1/2025,Rajkot,South Treat,Beverages,Fresh Juice,1,393.77,9.48,53.05,19.21,456.55,46,Wallet,Delivered,3.9,Rahul
700022,5/2/2025,Vadodara,Pizza Corner,Biryani,Paneer Biryani,2,86.67,72.33,21.25,5.05,127.31,22,Cash,Delivered,3.9,Neha
700023,3/13/2026,Gandhinagar,Food Fiesta,Burger,Cheese Burger,3,202.53,48.16,57.43,27.97,644.83,20,Cash,Delivered,3.3,Karan
700024,3/4/2026,Vadodara,Spice Hub,South Indian,Uttapam,1,210.02,14.71,47.88,9.77,252.96,53,UPI,Delivered,4.1,Neha
700025,7/7/2025,Gandhinagar,Food Fiesta,Biryani,Veg Biryani,2,189.9,28.12,26.14,17.58,395.4,22,UPI,Cancelled,,Karan
700026,11/26/2025,Gandhinagar,Pizza Corner,Pizza,Margherita,5,220.75,32.25,46.74,53.58,1171.82,72,Wallet,Delivered,3.9,Ravi
700027,4/27/2025,Mumbai,Pizza Corner,South Indian,Uttapam,3,177.48,18.31,26.28,25.71,566.12,29,Card,Delivered,3.8,Vikas
700028,11/5/2025,Pune,Chinese Wok,Biryani,Paneer Biryani,1,365.54,76.3,20.24,14.46,323.94,45,Card,Delivered,4.2,Rahul
700029,8/29/2025,Mumbai,Spice Hub,Burger,Paneer Burger,2,389.31,55.39,27.07,36.16,786.46,74,Wallet,Delivered,3.7,Rahul
700030,1/2/2026,Pune,Biryani Express,Burger,Paneer Burger,5,356.4,22.01,23.4,88,1871.39,30,Cash,Delivered,3.4,Ravi
700031,5/13/2026,Vadodara,Spice Hub,Burger,Cheese Burger,4,275.54,36.79,26.48,53.27,1145.12,58,UPI,Cancelled,,Vikas
700032,5/6/2026,Mumbai,South Treat,Dessert,Gulab Jamun,3,125.08,59.04,25.57,15.81,357.58,15,Wallet,Cancelled,,Vikas
700033,1/2/2026,Jaipur,Biryani Express,Dessert,Ice Cream,4,334.74,4.94,22.69,66.7,1423.41,70,Cash,Delivered,3.5,Karan
700034,3/14/2026,Mumbai,Burger House,South Indian,Masala Dosa,4,263.28,68.41,24.6,49.24,1058.55,27,Wallet,Delivered,4,Vikas
700035,1/4/2025,Rajkot,Spice Hub,Pizza,Veg Supreme,5,201.08,33.52,38.89,48.59,1059.36,42,Card,Delivered,3.7,Vikas
700036,3/22/2026,Surat,Biryani Express,Burger,Veg Burger,5,207.16,16.9,52.47,50.95,1122.32,46,Cash,Delivered,4.3,Amit
700037,5/10/2026,Gandhinagar,Food Fiesta,Beverages,Lassi,3,258.46,20.88,37.86,37.72,830.08,36,Cash,Cancelled,,Priya
700038,5/3/2025,Mumbai,Food Fiesta,Burger,Veg Burger,2,141.36,22.25,21.05,13.02,294.54,42,Wallet,Delivered,4.9,Neha
700039,5/5/2026,Gandhinagar,Burger House,Beverages,Fresh Juice,3,86.23,59.43,54.06,9.96,263.28,64,UPI,Delivered,4.4,Vikas
700040,1/27/2025,Ahmedabad,Urban Tadka,South Indian,Idli,2,93.12,23.58,55.03,8.13,225.82,52,Card,Cancelled,,Karan
700041,2/10/2026,Jaipur,Urban Tadka,Beverages,Cold Coffee,4,387.27,57.31,53.66,74.59,1620.02,65,UPI,Delivered,3.1,Ravi
700042,9/17/2025,Mumbai,Biryani Express,Burger,Paneer Burger,3,218.62,57.8,49.36,29.9,677.32,33,Cash,Delivered,4.4,Amit
700043,5/21/2026,Mumbai,Biryani Express,North Indian,Paneer Butter Masala,3,223.75,40.62,42.75,31.53,704.91,30,Wallet,Delivered,4.3,Suresh
700044,3/5/2025,Pune,Urban Tadka,South Indian,Idli,5,246.8,64.37,24.89,58.48,1253,26,Wallet,Delivered,4.2,Rahul
700045,6/13/2026,Gandhinagar,Burger House,Chinese,Fried Rice,5,398.69,49.14,58.73,97.22,2100.26,55,Wallet,Delivered,4.9,Karan
700046,5/16/2026,Ahmedabad,Pizza Corner,Pizza,Veg Supreme,2,234.99,36.01,36.34,21.7,492.01,63,Wallet,Delivered,4.7,Suresh
700047,1/21/2026,Rajkot,Burger House,Dessert,Gulab Jamun,2,364.98,48.15,53.83,34.09,769.73,46,UPI,Delivered,3.5,Suresh
700048,2/17/2025,Ahmedabad,Food Fiesta,North Indian,Naan Combo,2,234.09,8.36,22.72,22.99,505.53,37,Card,Delivered,3.3,Rahul
700049,6/1/2026,Rajkot,Food Fiesta,Beverages,Cold Coffee,2,353.79,24.01,37.5,34.18,755.25,21,Card,Delivered,4,Amit
700050,2/22/2026,Rajkot,South Treat,Beverages,Lassi,3,365.85,7.92,58.7,54.48,1202.81,31,Wallet,Delivered,4.7,Amit
700051,3/22/2026,Jaipur,Food Fiesta,Dessert,Ice Cream,5,290.56,79.19,30.53,68.68,1472.82,29,Wallet,Delivered,4.8,Amit
700052,6/10/2025,Surat,Burger House,North Indian,Paneer Butter Masala,4,352.74,10.89,43.49,70,1513.56,36,Wallet,Delivered,4.8,Karan
700053,1/19/2026,Jaipur,Pizza Corner,Pizza,Margherita,3,365.21,13.07,59.68,54.13,1196.37,73,UPI,Cancelled,,Ravi
700054,2/20/2026,Jaipur,Pizza Corner,Beverages,Lassi,1,162.73,35.39,35.17,6.37,168.88,17,Cash,Cancelled,,Rahul
700055,11/22/2025,Rajkot,Chinese Wok,Chinese,Noodles,1,393.11,34.12,37.9,17.95,414.84,59,UPI,Delivered,3.1,Priya
700056,12/29/2025,Jaipur,South Treat,South Indian,Masala Dosa,1,185.58,18.12,30.46,8.37,206.29,19,UPI,Delivered,4.3,Ravi
700057,5/29/2026,Gandhinagar,South Treat,Biryani,Paneer Biryani,1,374.82,62.25,31.1,15.63,359.3,17,Wallet,Cancelled,,Rahul
700058,6/24/2026,Rajkot,South Treat,Burger,Paneer Burger,1,349.34,36.54,35.86,15.64,364.3,27,UPI,Cancelled,,Ravi
700059,4/16/2025,Pune,Chinese Wok,Burger,Veg Burger,5,215.46,69.89,31.33,50.37,1089.11,70,UPI,Cancelled,,Suresh
700060,3/21/2025,Ahmedabad,Burger House,South Indian,Idli,5,160.23,46.73,41.8,37.72,833.94,18,Wallet,Cancelled,,Vikas
700061,3/1/2025,Gandhinagar,Spice Hub,Biryani,Hyderabadi Veg,3,147.86,45.79,35.35,19.89,453.03,32,Card,Delivered,4.8,Suresh
700062,9/12/2025,Surat,Chinese Wok,South Indian,Uttapam,5,319.77,7.38,51.17,79.57,1722.21,62,Cash,Delivered,4.2,Priya
700063,3/12/2025,Ahmedabad,Spice Hub,Biryani,Veg Biryani,2,118.88,25.4,31.26,10.62,254.24,73,Card,Cancelled,,Priya
700064,2/15/2025,Mumbai,Food Fiesta,Biryani,Veg Biryani,5,188.43,56.62,49.33,44.28,979.14,68,Card,Delivered,3.4,Ravi
700065,4/28/2025,Vadodara,South Treat,North Indian,Naan Combo,3,367.52,14.07,36.62,54.42,1179.53,20,Wallet,Delivered,3.5,Amit
700066,7/9/2025,Jaipur,Chinese Wok,Chinese,Fried Rice,4,327.96,70.27,47.43,62.08,1351.08,35,Wallet,Delivered,3.4,Neha
700067,6/13/2025,Rajkot,Biryani Express,Chinese,Noodles,5,108.98,27.77,38.56,25.86,581.55,39,Card,Delivered,3.1,Priya
700068,4/3/2026,Gandhinagar,Food Fiesta,Dessert,Gulab Jamun,3,371.2,6.46,29.26,55.36,1191.76,36,Card,Delivered,3.5,Ravi
700069,10/9/2025,Pune,Pizza Corner,South Indian,Uttapam,2,242.33,70.25,58.24,20.72,493.37,66,Wallet,Delivered,4.9,Priya
700070,4/5/2026,Vadodara,Food Fiesta,Chinese,Manchurian,4,84.98,7.92,35.06,16.6,383.66,71,Cash,Delivered,4.3,Vikas
700071,6/3/2025,Vadodara,Spice Hub,North Indian,Dal Makhani,3,306.6,45.84,53.19,43.7,970.85,56,Cash,Delivered,3.4,Suresh
700072,10/30/2025,Ahmedabad,Urban Tadka,Pizza,Farmhouse,2,211.72,73.85,47.14,17.48,414.21,41,UPI,Delivered,3.6,Vikas
700073,8/26/2025,Ahmedabad,Urban Tadka,Dessert,Brownie,2,282.85,42.48,44.4,26.16,593.78,59,Cash,Cancelled,,Suresh
700074,2/19/2026,Ahmedabad,Pizza Corner,Dessert,Brownie,5,87.48,20.45,41.3,20.85,479.1,56,UPI,Delivered,3.5,Ravi
700075,2/28/2025,Pune,Chinese Wok,Biryani,Veg Biryani,1,264.12,72.69,24.37,9.57,225.37,47,UPI,Delivered,4.2,Amit
700076,6/8/2025,Surat,Spice Hub,Biryani,Veg Biryani,1,187.75,2.38,59.65,9.27,254.29,56,Cash,Delivered,4.9,Neha
700077,12/25/2025,Jaipur,Spice Hub,Burger,Veg Burger,4,393.32,58.16,44.49,75.76,1635.37,32,Wallet,Delivered,3.7,Vikas
700078,12/18/2025,Pune,South Treat,North Indian,Paneer Butter Masala,4,285.19,40.57,23.18,55.01,1178.38,64,UPI,Delivered,4.6,Karan
700079,11/4/2025,Pune,Burger House,North Indian,Paneer Butter Masala,1,211.41,53.24,45.36,7.91,211.44,29,Wallet,Cancelled,,Vikas
700080,10/7/2025,Surat,Biryani Express,Dessert,Brownie,4,282.52,72.46,20.2,52.88,1130.7,25,Cash,Delivered,3.6,Vikas
700081,5/15/2025,Jaipur,Urban Tadka,Beverages,Lassi,1,354.42,5.11,56.91,17.47,423.69,52,Wallet,Delivered,3.1,Vikas
700082,5/28/2026,Vadodara,Pizza Corner,Chinese,Manchurian,4,292.15,70,29.79,54.93,1183.32,15,Cash,Cancelled,,Vikas
700083,1/19/2025,Vadodara,Spice Hub,Pizza,Farmhouse,1,158.78,29.09,42.71,6.48,178.88,70,Cash,Delivered,3.6,Suresh
700084,6/28/2025,Surat,Chinese Wok,Chinese,Fried Rice,2,242.87,65.54,33.82,21.01,475.03,24,Wallet,Delivered,3.9,Rahul
700085,3/15/2025,Gandhinagar,Pizza Corner,South Indian,Masala Dosa,1,151.07,39.13,52.94,5.6,170.48,15,UPI,Delivered,3.8,Priya
700086,2/22/2026,Jaipur,South Treat,Beverages,Fresh Juice,5,163.34,32.08,21.15,39.23,845,63,Cash,Delivered,3.1,Neha
700087,3/18/2025,Ahmedabad,Pizza Corner,South Indian,Uttapam,2,363.41,75.81,30.1,32.55,713.66,30,Cash,Delivered,4.8,Vikas
700088,5/1/2026,Mumbai,Biryani Express,Chinese,Fried Rice,2,366.95,62.87,53.75,33.55,758.33,26,Wallet,Delivered,4.8,Ravi
700089,5/19/2026,Vadodara,Burger House,North Indian,Naan Combo,2,162.09,44.54,46.81,13.98,340.43,27,Card,Delivered,3.9,Rahul
700090,6/30/2025,Pune,South Treat,Biryani,Paneer Biryani,5,296.8,78.56,27.78,70.27,1503.49,27,Card,Delivered,4.1,Karan
700091,1/22/2025,Rajkot,Food Fiesta,Chinese,Noodles,5,284.29,29.32,41.66,69.61,1503.4,69,Card,Delivered,3.4,Vikas
700092,6/21/2026,Vadodara,Chinese Wok,North Indian,Dal Makhani,3,207.18,65.85,37.43,27.78,620.9,28,Card,Cancelled,,Karan
700093,7/16/2025,Vadodara,Chinese Wok,Biryani,Hyderabadi Veg,3,175.97,28.96,53.12,24.95,577.02,30,Card,Delivered,4.4,Rahul
700094,1/16/2025,Pune,Spice Hub,Biryani,Paneer Biryani,5,249.8,3.43,45.39,62.28,1353.24,25,Card,Delivered,3.8,Neha
700095,6/1/2026,Jaipur,Spice Hub,Dessert,Brownie,4,355.89,28.83,32.79,69.74,1497.26,33,Wallet,Cancelled,,Neha
700096,1/23/2026,Jaipur,Biryani Express,North Indian,Paneer Butter Masala,3,363.84,78.49,57.94,50.65,1121.62,71,Cash,Cancelled,,Priya
700097,12/24/2025,Pune,Food Fiesta,North Indian,Naan Combo,5,223.31,51.24,31.07,53.27,1149.65,56,Card,Delivered,3.4,Priya
700098,3/28/2026,Pune,Chinese Wok,Biryani,Hyderabadi Veg,1,143.4,30.24,34.26,5.66,153.08,32,UPI,Delivered,4.9,Priya
700099,10/10/2025,Surat,Biryani Express,Biryani,Hyderabadi Veg,4,186.64,58.07,24.67,34.42,747.58,43,Wallet,Delivered,4,Amit
700100,2/28/2025,Vadodara,Chinese Wok,Chinese,Fried Rice,3,331.2,57.77,55.43,46.79,1038.05,73,Cash,Delivered,4,Karan
700101,3/16/2026,Ahmedabad,Pizza Corner,Biryani,Veg Biryani,2,98.28,41.79,48.48,7.74,210.99,37,Wallet,Cancelled,,Ravi
700102,9/29/2025,Jaipur,Chinese Wok,Beverages,Fresh Juice,3,382.02,14.65,45.88,56.57,1233.86,35,Cash,Cancelled,,Rahul
700103,12/5/2025,Gandhinagar,South Treat,Pizza,Veg Supreme,2,356.22,60.26,48.66,32.61,733.45,59,UPI,Delivered,3.5,Amit
700104,4/30/2026,Ahmedabad,Spice Hub,Beverages,Fresh Juice,2,305.98,56.36,30.08,27.78,613.46,51,Cash,Delivered,4.1,Karan
700105,8/1/2025,Jaipur,Chinese Wok,South Indian,Uttapam,1,164.03,65.6,29.05,4.92,132.4,42,Wallet,Cancelled,,Priya
700106,9/27/2025,Surat,Biryani Express,Biryani,Paneer Biryani,2,234.61,79.88,55.32,19.47,464.13,48,Cash,Delivered,4.6,Suresh
700107,8/25/2025,Ahmedabad,Chinese Wok,Pizza,Farmhouse,5,106.78,33.84,26.43,25,551.49,35,Card,Delivered,3.1,Priya
700108,1/24/2026,Ahmedabad,Pizza Corner,Burger,Paneer Burger,1,143.46,64.46,36.19,3.95,119.14,26,UPI,Cancelled,,Rahul
700109,8/16/2025,Ahmedabad,Food Fiesta,North Indian,Naan Combo,5,376.9,46.46,48.99,91.9,1978.93,19,Card,Delivered,4.9,Vikas
700110,5/23/2025,Vadodara,Urban Tadka,North Indian,Naan Combo,5,341.19,42.32,28.7,83.18,1775.51,20,UPI,Cancelled,,Neha
700111,3/20/2025,Surat,Urban Tadka,Beverages,Cold Coffee,3,276.96,7.94,59.21,41.15,923.3,47,Card,Cancelled,,Amit
700112,5/27/2026,Rajkot,Pizza Corner,Pizza,Farmhouse,3,276.51,32.26,31.52,39.86,868.65,48,Card,Cancelled,,Suresh
700113,12/26/2025,Pune,Chinese Wok,Beverages,Fresh Juice,3,229.88,57.09,54.83,31.63,719.01,60,Cash,Cancelled,,Ravi
700114,8/9/2025,Ahmedabad,Spice Hub,Beverages,Fresh Juice,2,212.54,26.02,51.25,19.95,470.26,74,UPI,Delivered,4.4,Neha
700115,4/30/2025,Rajkot,Food Fiesta,Beverages,Lassi,4,368.67,1.26,22.55,73.67,1569.64,54,UPI,Delivered,4.9,Priya
700116,1/16/2025,Rajkot,Urban Tadka,Biryani,Veg Biryani,4,272.68,8.79,56.73,54.1,1192.76,16,Wallet,Delivered,3.6,Rahul
700117,4/29/2026,Jaipur,Food Fiesta,Chinese,Noodles,5,278.08,23.62,38.96,68.34,1474.08,74,Wallet,Cancelled,,Amit
700118,3/17/2025,Ahmedabad,Food Fiesta,Beverages,Lassi,2,282.98,79.7,29.25,24.31,539.82,71,Card,Cancelled,,Rahul
700119,6/17/2025,Ahmedabad,South Treat,Beverages,Lassi,1,211.74,39.91,44.12,8.59,224.54,19,Wallet,Delivered,4,Priya
700120,1/13/2026,Jaipur,Food Fiesta,Chinese,Manchurian,5,315.88,73,50.07,75.32,1631.79,57,Wallet,Delivered,3.6,Ravi
700121,1/19/2025,Rajkot,Chinese Wok,Dessert,Ice Cream,5,181.84,63.93,42.01,42.26,929.54,30,Card,Delivered,4.5,Amit
700122,6/18/2026,Vadodara,Biryani Express,Dessert,Ice Cream,3,356.58,33.91,54.38,51.79,1142,70,UPI,Delivered,4.3,Amit
700123,6/10/2025,Rajkot,South Treat,Biryani,Veg Biryani,3,235.23,36.06,35.98,33.48,739.09,66,Wallet,Cancelled,,Neha
700124,12/23/2025,Pune,South Treat,Beverages,Cold Coffee,4,189.55,30.84,21.61,36.37,785.34,24,Wallet,Delivered,4.8,Amit
700125,6/30/2025,Mumbai,Spice Hub,Biryani,Veg Biryani,2,156.71,76.56,47.16,11.84,295.86,47,Card,Cancelled,,Vikas
700126,11/4/2025,Rajkot,Biryani Express,Beverages,Lassi,4,318.01,57.98,46.48,60.7,1321.24,60,UPI,Cancelled,,Priya
700127,9/6/2025,Gandhinagar,Food Fiesta,North Indian,Dal Makhani,2,90.46,9.43,56.81,8.57,236.87,20,UPI,Delivered,4.1,Karan
700128,5/14/2025,Gandhinagar,Urban Tadka,Dessert,Ice Cream,1,158.88,68.17,57.16,4.54,152.41,20,Card,Delivered,3.2,Priya
700129,2/7/2026,Vadodara,Burger House,Dessert,Ice Cream,3,104.82,42.81,48.4,13.58,333.63,18,Card,Delivered,4.1,Karan
700130,9/22/2025,Rajkot,Biryani Express,Burger,Veg Burger,3,178.38,14.74,51.28,26.02,597.7,17,Wallet,Delivered,3.2,Neha
700131,4/28/2025,Ahmedabad,Chinese Wok,Beverages,Lassi,3,215.42,25.05,22.37,31.06,674.64,42,UPI,Delivered,3.6,Priya
700132,12/10/2025,Pune,Urban Tadka,South Indian,Uttapam,4,380.02,52.6,41.82,73.37,1582.67,31,Wallet,Delivered,3.9,Rahul
700133,5/9/2025,Surat,Pizza Corner,Pizza,Farmhouse,3,276.5,16.43,55.67,40.65,909.39,70,UPI,Delivered,3.5,Karan
700134,3/4/2026,Rajkot,Food Fiesta,Pizza,Farmhouse,5,362.08,0.24,40.31,90.51,1940.98,58,UPI,Cancelled,,Karan
700135,9/26/2025,Gandhinagar,Burger House,Burger,Veg Burger,3,80.7,39.94,25.98,10.11,238.25,37,UPI,Delivered,3.6,Neha
700136,1/1/2026,Vadodara,Burger House,South Indian,Uttapam,5,116.13,26.85,32.01,27.69,613.5,68,UPI,Delivered,4.1,Neha
700137,2/27/2026,Ahmedabad,Chinese Wok,North Indian,Dal Makhani,3,277.85,64.75,34.19,38.44,841.43,57,Wallet,Cancelled,,Vikas
700138,9/6/2025,Vadodara,South Treat,Chinese,Noodles,4,302.38,73.98,56.53,56.78,1248.85,63,Wallet,Delivered,3.9,Suresh
700139,7/19/2025,Ahmedabad,Chinese Wok,Chinese,Fried Rice,4,376.56,73.51,46.11,71.64,1550.48,25,Card,Delivered,4.6,Ravi
700140,7/5/2025,Mumbai,Chinese Wok,Biryani,Veg Biryani,5,271.47,27.5,29.3,66.49,1425.64,40,Cash,Delivered,3.2,Rahul
700141,6/8/2025,Mumbai,Urban Tadka,Biryani,Veg Biryani,2,151.99,41.78,52.23,13.11,327.54,19,UPI,Delivered,4.3,Amit
700142,3/17/2026,Jaipur,Spice Hub,Burger,Cheese Burger,2,338.2,53.12,56.16,31.16,710.6,19,Wallet,Delivered,3.2,Suresh
700143,3/28/2026,Gandhinagar,Biryani Express,Beverages,Fresh Juice,4,238.19,64.85,50.37,44.4,982.68,24,Cash,Cancelled,,Rahul
700144,11/9/2025,Mumbai,Spice Hub,Dessert,Gulab Jamun,3,106.31,36.32,45.43,14.13,342.17,38,Cash,Delivered,4.7,Neha
700145,3/1/2025,Vadodara,Spice Hub,Pizza,Farmhouse,2,315.32,68.51,25.75,28.11,615.99,70,Cash,Delivered,3.2,Vikas
700146,5/13/2025,Vadodara,Spice Hub,South Indian,Idli,2,223.24,15.73,23.87,21.54,476.16,48,Card,Delivered,4.3,Karan
700147,10/31/2025,Surat,South Treat,South Indian,Idli,2,273.8,26.57,47.56,26.05,594.64,53,Wallet,Delivered,3.6,Priya
700148,4/9/2025,Ahmedabad,Chinese Wok,Beverages,Fresh Juice,3,342.44,16.69,59.13,50.53,1120.29,68,UPI,Delivered,4.2,Suresh
700149,6/1/2025,Pune,Food Fiesta,North Indian,Naan Combo,3,89.31,63.73,24.94,10.21,239.35,34,Card,Delivered,4.4,Rahul
700150,9/4/2025,Surat,Urban Tadka,Beverages,Lassi,4,350.68,30.46,59.15,68.61,1500.02,20,UPI,Delivered,4.7,Neha
700151,7/14/2025,Vadodara,Pizza Corner,North Indian,Paneer Butter Masala,3,386.15,49.57,43.48,55.44,1207.8,37,UPI,Delivered,4.6,Priya
700152,4/2/2026,Ahmedabad,South Treat,Dessert,Ice Cream,4,177.09,33.26,22.15,33.76,731.01,39,Cash,Cancelled,,Neha
700153,4/13/2025,Jaipur,Chinese Wok,Burger,Cheese Burger,3,84.96,55.71,53.34,9.96,262.47,25,Wallet,Cancelled,,Ravi
700154,9/26/2025,Surat,Pizza Corner,Chinese,Manchurian,3,166.59,25.51,24.29,23.71,522.26,66,Cash,Delivered,4.7,Karan
700155,4/28/2025,Jaipur,Biryani Express,Dessert,Ice Cream,5,284.16,16.48,50.95,70.22,1525.49,71,Cash,Cancelled,,Ravi
700156,9/20/2025,Pune,Spice Hub,Beverages,Lassi,4,236.9,40.92,59.66,45.33,1011.67,39,Wallet,Delivered,4.1,Suresh
700157,6/5/2026,Jaipur,Food Fiesta,Chinese,Noodles,4,368.2,75.36,23.49,69.87,1490.8,66,Wallet,Delivered,4,Rahul
700158,3/22/2025,Jaipur,Burger House,Burger,Veg Burger,5,359.5,78.17,30.73,85.97,1836.03,68,Cash,Delivered,3.8,Suresh
700159,12/15/2025,Mumbai,Chinese Wok,South Indian,Masala Dosa,3,334.87,18.35,33.41,49.31,1068.98,17,UPI,Delivered,4.7,Neha
700160,7/18/2025,Vadodara,South Treat,North Indian,Paneer Butter Masala,4,139.07,71.79,36.57,24.22,545.28,19,Cash,Delivered,4.8,Ravi
700161,3/5/2025,Gandhinagar,Urban Tadka,Biryani,Paneer Biryani,1,179.59,55.43,56.45,6.21,186.82,27,UPI,Delivered,4.7,Ravi
700162,12/2/2025,Pune,Urban Tadka,Dessert,Ice Cream,3,142.73,62.48,21.85,18.29,405.85,35,Wallet,Cancelled,,Rahul
700163,1/15/2025,Gandhinagar,Urban Tadka,Burger,Paneer Burger,2,289.24,69.29,21.76,25.46,556.41,71,Card,Cancelled,,Neha
700164,4/9/2026,Surat,Burger House,North Indian,Paneer Butter Masala,5,331.12,12.49,39.12,82.16,1764.39,60,Wallet,Delivered,4.5,Amit
700165,1/6/2026,Ahmedabad,Biryani Express,Burger,Cheese Burger,3,224.95,14.21,27.68,33.03,721.35,56,Wallet,Delivered,3.8,Rahul
700166,4/8/2026,Pune,Biryani Express,Biryani,Veg Biryani,2,125.94,59.16,34.86,9.64,237.22,46,Cash,Delivered,4.4,Neha
700167,2/9/2025,Mumbai,Burger House,Dessert,Ice Cream,1,310.01,15.17,41.11,14.74,350.69,72,Card,Cancelled,,Priya
700168,4/17/2026,Gandhinagar,Burger House,Chinese,Fried Rice,2,82.72,29.35,32.06,6.8,174.95,31,Cash,Cancelled,,Ravi
700169,4/16/2026,Jaipur,Urban Tadka,South Indian,Idli,4,312.94,58.13,41.07,59.68,1294.38,49,Card,Delivered,4.4,Amit
700170,4/20/2025,Jaipur,Spice Hub,Pizza,Margherita,4,237.65,37.32,46.61,45.66,1005.55,35,Card,Cancelled,,Amit
700171,4/12/2026,Pune,Burger House,Biryani,Paneer Biryani,3,332.87,35.27,47.85,48.17,1059.36,17,UPI,Delivered,3.7,Karan
700172,1/15/2025,Rajkot,Spice Hub,Chinese,Fried Rice,4,366.4,11.83,56.24,72.69,1582.7,29,Card,Delivered,3.9,Vikas
700173,3/7/2026,Mumbai,Pizza Corner,South Indian,Masala Dosa,5,112.51,24.48,58.98,26.9,623.95,65,Wallet,Delivered,4.5,Vikas
700174,10/18/2025,Rajkot,Biryani Express,Biryani,Veg Biryani,2,93.56,30.14,46.11,7.85,210.94,51,Cash,Delivered,4.3,Neha
700175,5/27/2026,Gandhinagar,Spice Hub,Burger,Veg Burger,4,101.98,72.51,32.96,16.77,385.14,29,Cash,Delivered,4,Amit
700176,4/15/2025,Gandhinagar,South Treat,Chinese,Noodles,5,86.47,48.4,29.26,19.2,432.41,33,Cash,Delivered,3.3,Amit
700177,1/8/2026,Vadodara,Urban Tadka,Beverages,Cold Coffee,4,338.8,57.23,42.09,64.9,1404.96,29,Card,Cancelled,,Amit
700178,1/8/2025,Surat,Spice Hub,Chinese,Noodles,5,318.95,32.61,47.6,78.11,1687.85,15,Card,Delivered,4.4,Karan
700179,1/15/2025,Surat,Pizza Corner,Burger,Veg Burger,1,212.1,36.12,30.41,8.8,215.19,70,Cash,Delivered,3.1,Vikas
700180,7/29/2025,Pune,Food Fiesta,Burger,Veg Burger,3,306.05,70.56,33.84,42.38,923.81,71,Card,Delivered,4.5,Karan
700181,1/15/2026,Vadodara,Food Fiesta,South Indian,Uttapam,5,261.61,74.78,44.72,61.66,1339.65,63,Wallet,Delivered,4.3,Amit
700182,1/10/2026,Jaipur,Food Fiesta,Burger,Cheese Burger,5,311.82,22.09,21.31,76.85,1635.17,63,UPI,Cancelled,,Rahul
700183,3/19/2026,Mumbai,Spice Hub,Chinese,Fried Rice,3,216.23,56.63,30.55,29.6,652.21,60,Cash,Delivered,4.6,Amit
700184,11/15/2025,Vadodara,Food Fiesta,Burger,Cheese Burger,4,118.33,16.49,29.33,22.84,509,15,Cash,Delivered,4.3,Karan
700185,3/6/2025,Pune,Pizza Corner,Biryani,Veg Biryani,1,307.88,1.27,46.15,15.33,368.09,38,Card,Delivered,3.2,Amit
700186,5/31/2025,Ahmedabad,Chinese Wok,Pizza,Margherita,2,385.68,64.72,42.46,35.33,784.43,62,Card,Delivered,4.5,Ravi
700187,4/18/2026,Gandhinagar,Pizza Corner,Chinese,Fried Rice,4,305.12,23.78,27.09,59.84,1283.63,24,Cash,Delivered,3.4,Rahul
700188,2/8/2025,Rajkot,Food Fiesta,Biryani,Veg Biryani,3,366.5,36.41,55.65,53.15,1171.89,59,Card,Delivered,3.2,Karan
700189,11/3/2025,Gandhinagar,Pizza Corner,Chinese,Fried Rice,1,128.47,70.11,51.6,2.92,112.88,40,Cash,Delivered,4.9,Priya
700190,4/15/2025,Pune,Chinese Wok,Biryani,Hyderabadi Veg,5,143.85,12.37,49.45,35.34,791.67,57,Cash,Delivered,3.1,Vikas
700191,12/27/2025,Pune,Biryani Express,South Indian,Masala Dosa,3,130.84,0.48,34.95,19.6,446.59,64,Cash,Delivered,4.1,Priya
700192,12/16/2025,Gandhinagar,Food Fiesta,South Indian,Uttapam,2,322.48,1.13,23.61,32.19,699.63,72,Wallet,Delivered,3.7,Ravi
700193,11/19/2025,Rajkot,South Treat,Burger,Cheese Burger,2,153.62,28.66,20.33,13.93,312.84,57,Wallet,Cancelled,,Priya
700194,4/12/2025,Pune,Burger House,South Indian,Masala Dosa,2,345.07,15.8,28.02,33.72,736.08,44,Wallet,Cancelled,,Ravi
700195,7/3/2025,Rajkot,Chinese Wok,Biryani,Veg Biryani,5,197.91,51.86,27.03,46.88,1011.6,15,UPI,Delivered,4.1,Ravi
700196,12/19/2025,Rajkot,Burger House,Chinese,Manchurian,5,346.02,1.79,27.74,86.42,1842.47,56,Cash,Delivered,3.9,Vikas
700197,6/15/2026,Gandhinagar,Food Fiesta,South Indian,Masala Dosa,5,232.86,78.2,43.72,54.31,1184.13,19,Cash,Delivered,3.5,Karan
700198,4/21/2026,Rajkot,Biryani Express,North Indian,Paneer Butter Masala,1,164.07,68.04,41.84,4.8,142.67,20,Cash,Delivered,4.3,Amit
700199,2/16/2026,Jaipur,Spice Hub,Biryani,Veg Biryani,4,328.12,33.9,25.21,63.93,1367.72,25,Cash,Delivered,3.8,Priya
700200,4/25/2025,Rajkot,Food Fiesta,Biryani,Hyderabadi Veg,5,343.14,50.99,27.46,83.24,1775.41,29,Cash,Delivered,3.6,Karan
700201,4/27/2026,Jaipur,Spice Hub,North Indian,Dal Makhani,1,314.22,30.27,37.46,14.2,335.61,33,UPI,Delivered,4.4,Neha
700202,4/4/2025,Jaipur,Chinese Wok,Burger,Cheese Burger,1,95.14,46.13,31.23,2.45,82.69,25,UPI,Delivered,4.4,Ravi
700203,2/5/2025,Vadodara,South Treat,North Indian,Paneer Butter Masala,4,292.12,30.96,39.36,56.88,1233.76,65,Card,Delivered,3.1,Karan
700204,4/5/2026,Jaipur,Biryani Express,Dessert,Gulab Jamun,3,244.96,30.87,46.86,35.2,786.07,69,UPI,Cancelled,,Rahul
700205,11/10/2025,Gandhinagar,Spice Hub,South Indian,Uttapam,2,235.22,0.88,31.41,23.48,524.45,62,UPI,Cancelled,,Amit
700206,4/25/2026,Gandhinagar,Spice Hub,North Indian,Paneer Butter Masala,5,218.87,17.44,45.46,53.85,1176.22,43,UPI,Delivered,4.1,Priya
700207,11/27/2025,Gandhinagar,Burger House,South Indian,Masala Dosa,4,322.28,41.01,49.25,62.41,1359.77,33,Cash,Delivered,4.2,Amit
700208,2/22/2026,Jaipur,Burger House,North Indian,Dal Makhani,1,309.21,63.63,53.54,12.28,311.4,23,Wallet,Cancelled,,Ravi
700209,6/10/2026,Ahmedabad,Food Fiesta,South Indian,Idli,3,213.86,25.43,41.89,30.81,688.85,59,Card,Delivered,4.7,Karan
700210,8/11/2025,Jaipur,South Treat,Biryani,Hyderabadi Veg,1,312.78,55.17,33.89,12.88,304.38,47,Wallet,Delivered,3.3,Amit
700211,9/5/2025,Vadodara,Spice Hub,North Indian,Naan Combo,5,198.86,5,58.04,49.47,1096.81,30,Card,Delivered,4.9,Priya
700212,5/17/2026,Jaipur,Spice Hub,Chinese,Fried Rice,3,220.21,18.31,46.58,32.12,721.02,25,Wallet,Cancelled,,Priya
700213,8/4/2025,Pune,Biryani Express,Burger,Paneer Burger,5,127.69,62.47,48.34,28.8,653.12,27,Wallet,Delivered,4,Suresh
700214,1/14/2025,Ahmedabad,Burger House,North Indian,Paneer Butter Masala,5,107.65,62.07,23.76,23.81,523.75,41,Cash,Delivered,4.5,Karan
700215,3/7/2025,Gandhinagar,Biryani Express,South Indian,Uttapam,5,93.19,66.34,21.56,19.98,441.15,49,UPI,Delivered,4.3,Vikas
700216,4/18/2025,Jaipur,Biryani Express,Pizza,Veg Supreme,5,209.79,31.81,44.64,50.86,1112.64,32,UPI,Delivered,4.4,Suresh
700217,6/17/2026,Gandhinagar,South Treat,Biryani,Paneer Biryani,4,267.73,49.51,46.92,51.07,1119.4,40,Cash,Cancelled,,Vikas
700218,5/27/2026,Jaipur,Burger House,South Indian,Idli,2,337.99,69.87,26.2,30.31,662.62,58,Card,Delivered,3.2,Rahul
700219,5/8/2026,Gandhinagar,Burger House,South Indian,Uttapam,1,302.68,28.48,23.59,13.71,311.5,43,Wallet,Delivered,4,Suresh
700220,6/25/2025,Rajkot,Burger House,South Indian,Uttapam,3,282.62,60.36,25.27,39.38,852.15,58,Wallet,Delivered,3.3,Karan
700221,11/10/2025,Ahmedabad,Urban Tadka,Pizza,Margherita,1,239.63,6.14,49.03,11.67,294.19,46,Card,Delivered,3.3,Rahul
700222,1/8/2025,Vadodara,Chinese Wok,Dessert,Ice Cream,1,273.22,4.38,50.35,13.44,332.63,33,UPI,Cancelled,,Ravi
700223,4/30/2025,Rajkot,Chinese Wok,North Indian,Dal Makhani,5,94.5,45.16,49.42,21.37,498.13,52,UPI,Delivered,4.3,Priya
700224,9/28/2025,Jaipur,Chinese Wok,Pizza,Margherita,5,167.53,78.36,29.27,37.96,826.52,18,Cash,Delivered,3.6,Karan
700225,6/1/2026,Mumbai,Spice Hub,North Indian,Paneer Butter Masala,1,278.68,46.3,41.71,11.62,285.71,19,Cash,Cancelled,,Priya
700226,12/8/2025,Gandhinagar,Burger House,Burger,Cheese Burger,3,391.77,33.63,26.49,57.08,1225.25,26,UPI,Delivered,3.9,Vikas
700227,12/27/2025,Mumbai,South Treat,South Indian,Uttapam,4,84.4,38.84,52.4,14.94,366.1,58,Cash,Delivered,3.3,Vikas
700228,1/14/2025,Mumbai,South Treat,Biryani,Veg Biryani,3,119.8,38.01,32.72,16.07,370.18,43,UPI,Cancelled,,Rahul
700229,5/21/2025,Surat,Biryani Express,South Indian,Masala Dosa,5,245.88,61.86,51.99,58.38,1277.91,40,Card,Delivered,3.7,Vikas
700230,7/25/2025,Pune,South Treat,Burger,Cheese Burger,4,398.31,61.35,36.01,76.59,1644.49,53,Card,Delivered,4.3,Neha
700231,2/27/2026,Vadodara,Spice Hub,Burger,Cheese Burger,1,193.64,40.31,48.39,7.67,209.39,49,Card,Delivered,3.8,Neha
700232,2/17/2026,Pune,Urban Tadka,Biryani,Paneer Biryani,5,80.96,50.09,52.59,17.74,425.04,40,UPI,Cancelled,,Amit
700233,5/16/2026,Mumbai,South Treat,South Indian,Uttapam,2,307.09,11.27,29.54,30.15,662.6,69,UPI,Delivered,3.5,Priya
700234,8/17/2025,Rajkot,Spice Hub,Beverages,Cold Coffee,5,195.29,54.95,48.73,46.07,1016.3,39,Card,Delivered,3.4,Priya
700235,2/24/2026,Ahmedabad,Biryani Express,Chinese,Fried Rice,4,316.4,59.95,46.03,60.28,1311.96,29,Wallet,Delivered,4.5,Amit
700236,11/6/2025,Rajkot,South Treat,Burger,Paneer Burger,2,96.94,63.69,42.81,6.51,179.51,31,Cash,Delivered,4.4,Rahul
700237,6/9/2026,Ahmedabad,Food Fiesta,Pizza,Farmhouse,2,163.71,24.99,40.22,15.12,357.77,27,Card,Delivered,4.8,Suresh
700238,4/3/2025,Ahmedabad,Pizza Corner,Beverages,Lassi,3,265.28,1.35,59.89,39.72,894.1,34,Wallet,Delivered,3.1,Neha
700239,3/6/2026,Rajkot,Chinese Wok,Chinese,Noodles,1,181.01,23.25,36.8,7.89,202.45,18,Wallet,Delivered,3.4,Karan
700240,2/28/2025,Vadodara,Pizza Corner,Burger,Paneer Burger,2,361.64,67.13,31.73,32.81,720.69,61,Cash,Delivered,4.5,Neha
700241,2/1/2026,Surat,Chinese Wok,Pizza,Veg Supreme,3,357.59,59.93,51.51,50.64,1114.99,57,Card,Delivered,3.5,Suresh
700242,7/2/2025,Gandhinagar,Food Fiesta,Dessert,Gulab Jamun,5,90.7,52.68,25.61,20.04,446.47,61,Card,Delivered,3.9,Vikas
700243,6/22/2025,Surat,Biryani Express,Pizza,Margherita,2,342.12,33.13,48.16,32.56,731.83,38,Cash,Delivered,3.9,Karan
700244,4/5/2026,Surat,Spice Hub,Chinese,Fried Rice,1,156.05,56.06,32.23,5,137.22,75,UPI,Delivered,4.9,Rahul
700245,1/9/2025,Mumbai,Spice Hub,Pizza,Veg Supreme,4,386.44,67.23,20.11,73.93,1572.57,25,Card,Delivered,3.2,Vikas
700246,10/17/2025,Ahmedabad,Biryani Express,Chinese,Manchurian,3,172.11,62.29,55.08,22.7,531.82,23,Wallet,Delivered,4.5,Ravi
700247,4/16/2026,Rajkot,Chinese Wok,Pizza,Farmhouse,2,357.77,39.93,39.45,33.78,748.84,50,Wallet,Delivered,4.1,Rahul
700248,3/9/2025,Ahmedabad,Food Fiesta,Biryani,Veg Biryani,4,357.59,59.58,43.23,68.54,1482.55,35,Card,Delivered,4,Karan
700249,3/25/2026,Mumbai,Biryani Express,South Indian,Uttapam,4,227.09,39.56,24.62,43.44,936.86,58,Cash,Delivered,3.4,Priya
700250,3/16/2026,Surat,Food Fiesta,Biryani,Paneer Biryani,3,262.68,46.7,56.47,37.07,834.88,57,Cash,Delivered,4.1,Amit
700251,6/20/2026,Pune,Biryani Express,Biryani,Hyderabadi Veg,4,341.95,56.61,43.96,65.56,1420.71,56,Cash,Cancelled,,Vikas
700252,7/9/2025,Vadodara,Chinese Wok,North Indian,Dal Makhani,1,80.35,0.25,36.15,4,120.25,58,Card,Delivered,4.9,Rahul
700253,11/17/2025,Mumbai,Pizza Corner,South Indian,Uttapam,2,389.41,39.15,39.99,36.98,816.64,74,Card,Delivered,4,Amit
700254,5/16/2026,Pune,South Treat,Biryani,Veg Biryani,4,170.19,50.11,34.11,31.53,696.29,55,Wallet,Delivered,4.1,Neha
700255,10/24/2025,Surat,Burger House,North Indian,Dal Makhani,5,394.02,46.79,43.6,96.17,2063.08,16,UPI,Cancelled,,Priya
700256,11/26/2025,Mumbai,Biryani Express,Biryani,Veg Biryani,3,261.03,74.76,33.56,35.42,777.31,24,Cash,Delivered,4,Neha
700257,1/6/2026,Vadodara,Burger House,Pizza,Veg Supreme,4,96.88,61.08,31.59,16.32,374.35,64,UPI,Delivered,3.4,Ravi
700258,8/11/2025,Jaipur,Pizza Corner,Beverages,Fresh Juice,1,305.25,25.88,34.63,13.97,327.97,52,Card,Delivered,4.7,Amit
700259,5/20/2025,Ahmedabad,Burger House,Chinese,Manchurian,1,106.07,9.86,27.92,4.81,128.94,24,UPI,Delivered,4.8,Neha
700260,5/23/2025,Mumbai,Pizza Corner,Burger,Veg Burger,3,297.29,22.81,33.29,43.45,945.8,25,Card,Cancelled,,Karan
700261,3/1/2025,Vadodara,Urban Tadka,Biryani,Paneer Biryani,1,252.16,74.93,21.83,8.86,207.92,73,UPI,Cancelled,,Rahul
700262,4/4/2025,Surat,Urban Tadka,Chinese,Manchurian,4,264.62,61.96,42.31,49.83,1088.66,75,UPI,Delivered,3.9,Karan
700263,3/23/2026,Gandhinagar,Spice Hub,Chinese,Manchurian,2,212.47,41.36,31.37,19.18,434.13,75,Card,Delivered,3.6,Ravi
700264,11/30/2025,Pune,Urban Tadka,Beverages,Lassi,3,177.7,33.73,40.04,24.97,564.38,52,Wallet,Delivered,3.6,Ravi
700265,7/3/2025,Jaipur,Burger House,Pizza,Veg Supreme,4,379.59,71.22,37.88,72.36,1557.38,70,Card,Delivered,4.8,Neha
700266,6/21/2025,Ahmedabad,Urban Tadka,Pizza,Veg Supreme,5,157.47,28.28,57.58,37.95,854.6,66,Card,Delivered,4.1,Suresh
700267,4/19/2025,Mumbai,Pizza Corner,Burger,Cheese Burger,3,165.88,63.27,47.9,21.72,503.99,75,Card,Delivered,3.8,Rahul
700268,6/13/2025,Mumbai,Spice Hub,Pizza,Veg Supreme,3,318.39,78.47,26,43.84,946.54,29,Card,Delivered,4.3,Priya
700269,2/16/2025,Surat,Spice Hub,Chinese,Fried Rice,3,362.71,59.72,33.03,51.42,1112.86,55,Wallet,Cancelled,,Neha
700270,2/3/2026,Surat,Pizza Corner,North Indian,Paneer Butter Masala,5,274.42,46.22,28.66,66.29,1420.83,36,Wallet,Cancelled,,Amit
700271,6/4/2025,Vadodara,Burger House,Pizza,Margherita,5,137.76,24.82,31.2,33.2,728.38,37,Cash,Cancelled,,Rahul
700272,1/3/2026,Pune,Urban Tadka,Dessert,Gulab Jamun,1,248.36,43.93,40.99,10.22,255.64,61,Cash,Delivered,4.8,Ravi
700273,6/14/2026,Surat,South Treat,Chinese,Noodles,5,306.64,5.85,55.63,76.37,1659.35,37,Wallet,Delivered,4.7,Suresh
700274,5/20/2025,Jaipur,Urban Tadka,Pizza,Farmhouse,3,350.12,9.99,33.42,52.02,1125.81,58,Cash,Cancelled,,Priya
700275,4/3/2026,Gandhinagar,Food Fiesta,Burger,Paneer Burger,1,243.86,57.84,26.2,9.3,221.52,28,Card,Delivered,3.4,Vikas
700276,12/1/2025,Surat,Burger House,Pizza,Margherita,1,235.05,35.89,39.97,9.96,249.09,62,Cash,Cancelled,,Neha
700277,12/7/2025,Gandhinagar,Pizza Corner,Chinese,Manchurian,2,343.73,60.6,27.53,31.34,685.73,68,Card,Delivered,3.8,Amit
700278,3/9/2025,Surat,Biryani Express,Pizza,Veg Supreme,5,374.84,56.82,24.45,90.87,1932.7,36,Cash,Delivered,3.5,Suresh
700279,4/5/2025,Vadodara,South Treat,Dessert,Brownie,2,387.61,73.25,40.16,35.1,777.23,61,Wallet,Delivered,3,Rahul
700280,4/6/2025,Jaipur,Spice Hub,Burger,Veg Burger,4,369.37,56.56,52.04,71.05,1544.01,57,Cash,Delivered,3.1,Priya
700281,10/11/2025,Gandhinagar,Food Fiesta,Beverages,Cold Coffee,3,371.73,69.36,43.2,52.29,1141.32,35,Card,Delivered,3.3,Vikas
700282,8/30/2025,Rajkot,Biryani Express,Biryani,Veg Biryani,1,279.24,2.94,21.14,13.82,311.26,18,UPI,Delivered,4.4,Amit
700283,2/21/2025,Jaipur,South Treat,North Indian,Naan Combo,1,203.19,2.63,39.9,10.03,250.49,21,Card,Delivered,3.6,Neha
700284,3/25/2026,Jaipur,Biryani Express,South Indian,Masala Dosa,1,207.74,78.64,57.14,6.46,192.7,40,Wallet,Delivered,4.1,Amit
700285,12/22/2025,Rajkot,Biryani Express,Pizza,Margherita,5,330.03,79.81,31.29,78.52,1680.15,51,Wallet,Delivered,3.3,Ravi
700286,8/18/2025,Pune,Pizza Corner,North Indian,Naan Combo,2,255.48,69.42,42.69,22.08,506.31,66,Card,Delivered,3.9,Karan
700287,6/10/2025,Mumbai,Spice Hub,Pizza,Margherita,5,374.2,29.14,52.15,92.09,1986.1,32,Card,Cancelled,,Suresh
700288,2/26/2026,Vadodara,Biryani Express,Biryani,Veg Biryani,5,152.5,51.46,33.31,35.55,779.9,75,Wallet,Delivered,4.7,Karan
700289,4/1/2025,Vadodara,Pizza Corner,Chinese,Fried Rice,3,359.47,35.1,32.2,52.17,1127.68,38,Cash,Delivered,4.6,Rahul
700290,11/27/2025,Rajkot,South Treat,Burger,Paneer Burger,4,303.49,69.09,23.26,57.24,1225.37,53,Card,Cancelled,,Neha
700291,9/9/2025,Rajkot,Burger House,Burger,Veg Burger,4,259.16,79.49,56.37,47.86,1061.38,34,Card,Delivered,4.8,Suresh
700292,2/28/2025,Jaipur,Chinese Wok,Pizza,Margherita,3,84.91,6.6,21.98,12.41,282.52,64,Card,Cancelled,,Vikas
700293,4/11/2025,Gandhinagar,Pizza Corner,Chinese,Fried Rice,1,330.29,17.93,41.57,15.62,369.55,42,Wallet,Delivered,3.1,Karan
700294,3/23/2025,Surat,Pizza Corner,South Indian,Masala Dosa,5,377.71,27.75,43.48,93.04,1997.32,67,Wallet,Delivered,4.4,Neha
700295,10/24/2025,Gandhinagar,Chinese Wok,Dessert,Ice Cream,5,190.33,71.49,59.3,44.01,983.47,72,Wallet,Delivered,4.2,Vikas
700296,1/2/2025,Mumbai,Pizza Corner,Biryani,Veg Biryani,4,138.42,5.44,21.4,27.41,597.05,35,Wallet,Delivered,4.1,Vikas
700297,10/21/2025,Mumbai,Spice Hub,Burger,Paneer Burger,2,156.82,34.93,44.72,13.94,337.37,44,Card,Cancelled,,Neha
700298,12/24/2025,Pune,Urban Tadka,Beverages,Lassi,3,361.75,38.28,48.07,52.35,1147.39,50,Card,Delivered,4.6,Rahul
700299,11/29/2025,Gandhinagar,Burger House,Pizza,Farmhouse,2,155.78,74.09,57.86,11.87,307.2,27,Card,Delivered,4.2,Vikas
700300,11/5/2025,Gandhinagar,Urban Tadka,Dessert,Ice Cream,4,255.34,19.49,24.53,50.09,1076.49,48,Cash,Delivered,3.4,Amit
700301,6/20/2026,Mumbai,Chinese Wok,Chinese,Noodles,1,195.11,27.44,27.77,8.38,203.82,32,Cash,Cancelled,,Priya
700302,9/24/2025,Surat,Burger House,North Indian,Naan Combo,1,390.74,49.57,36.47,17.06,394.7,29,Wallet,Cancelled,,Rahul
700303,5/11/2025,Jaipur,Spice Hub,North Indian,Paneer Butter Masala,5,168.41,33.95,52.56,40.41,901.07,54,UPI,Delivered,4.3,Priya
700304,12/27/2025,Pune,Food Fiesta,North Indian,Paneer Butter Masala,2,209.81,56.12,34.48,18.18,416.16,27,UPI,Cancelled,,Rahul
700305,1/31/2026,Rajkot,Chinese Wok,Burger,Veg Burger,3,324.7,51.01,42.55,46.15,1011.79,34,Card,Delivered,3.7,Neha
700306,12/26/2025,Jaipur,Food Fiesta,Beverages,Lassi,4,233.56,27.19,51.36,45.35,1003.76,60,Wallet,Cancelled,,Karan
700307,10/20/2025,Rajkot,Food Fiesta,Burger,Cheese Burger,3,257.54,45.61,30.36,36.35,793.72,51,Wallet,Delivered,3.4,Priya
700308,5/25/2025,Surat,Burger House,Chinese,Noodles,1,379.26,60.9,54.55,15.92,388.83,31,Cash,Delivered,3.4,Ravi
700309,1/6/2025,Gandhinagar,Urban Tadka,Chinese,Noodles,2,176.1,20.12,44.49,16.6,393.17,73,Cash,Delivered,3.7,Karan
700310,10/22/2025,Ahmedabad,Food Fiesta,Chinese,Noodles,1,323.92,18.11,26.33,15.29,347.43,55,Wallet,Delivered,4.4,Neha
700311,12/27/2025,Surat,Urban Tadka,Dessert,Brownie,1,305.67,35.09,33.24,13.53,317.35,62,Wallet,Cancelled,,Rahul
700312,4/18/2026,Gandhinagar,South Treat,Biryani,Hyderabadi Veg,3,161.57,37.27,41.33,22.37,511.14,19,Card,Cancelled,,Suresh
700313,2/17/2025,Pune,Pizza Corner,Chinese,Noodles,2,143.04,31.32,29.81,12.74,297.31,30,Wallet,Delivered,4.1,Vikas
700314,2/21/2026,Surat,Food Fiesta,Pizza,Farmhouse,4,179.55,41.96,45.21,33.81,755.26,20,Cash,Cancelled,,Priya
700315,8/8/2025,Vadodara,Biryani Express,Burger,Paneer Burger,1,179.85,27.1,50.86,7.64,211.25,43,Wallet,Cancelled,,Vikas
700316,4/5/2025,Ahmedabad,Spice Hub,South Indian,Idli,1,392.07,76.84,27.41,15.76,358.4,20,Card,Delivered,3.7,Amit
700317,5/24/2025,Gandhinagar,Burger House,Chinese,Noodles,4,205.35,79.44,37.52,37.1,816.58,51,Card,Delivered,4.7,Vikas
700318,3/6/2026,Vadodara,Pizza Corner,Beverages,Lassi,2,297.68,17.98,22.1,28.87,628.35,33,UPI,Delivered,3.8,Amit
700319,9/3/2025,Vadodara,Chinese Wok,Pizza,Veg Supreme,1,361.76,60.79,24.16,15.05,340.18,61,Wallet,Cancelled,,Vikas
700320,10/13/2025,Surat,Burger House,Dessert,Brownie,3,378.88,25.07,36.97,55.58,1204.12,35,Card,Delivered,4.4,Ravi
700321,9/24/2025,Pune,Pizza Corner,Biryani,Veg Biryani,4,130.01,71.02,57.84,22.45,529.31,32,UPI,Delivered,4.6,Amit
700322,3/31/2026,Gandhinagar,South Treat,Dessert,Ice Cream,4,95.81,22.87,23.82,18.02,402.21,49,Wallet,Delivered,3.6,Amit
700323,1/23/2026,Vadodara,Pizza Corner,Pizza,Veg Supreme,4,156.44,51.94,20.28,28.69,622.79,68,Cash,Delivered,3.1,Amit
700324,12/15/2025,Vadodara,Chinese Wok,Beverages,Fresh Juice,5,348.78,58.83,23.04,84.25,1792.36,61,Card,Delivered,4,Vikas
700325,5/8/2026,Gandhinagar,Food Fiesta,Dessert,Ice Cream,5,166.76,27.93,30.35,40.29,876.51,31,Card,Cancelled,,Vikas
700326,1/12/2025,Vadodara,South Treat,Pizza,Farmhouse,3,205.89,29.76,56.87,29.4,674.18,44,Cash,Cancelled,,Karan
700327,1/18/2026,Rajkot,Spice Hub,North Indian,Paneer Butter Masala,4,122.55,61.86,23.62,21.42,473.38,36,Card,Delivered,3.9,Priya
700328,9/10/2025,Jaipur,Food Fiesta,Biryani,Veg Biryani,3,146.37,55.75,45.79,19.17,448.32,37,Wallet,Delivered,4.6,Amit
700329,7/16/2025,Pune,South Treat,North Indian,Naan Combo,2,229.61,26.47,49.14,21.64,503.53,46,Cash,Delivered,4.7,Ravi
700330,6/7/2025,Vadodara,Biryani Express,Chinese,Manchurian,2,336.24,36.94,52.44,31.78,719.76,22,Wallet,Delivered,4,Priya
700331,2/16/2025,Surat,Burger House,South Indian,Idli,5,342.92,78.58,44.93,81.8,1762.75,28,Wallet,Delivered,4.2,Ravi
700332,8/10/2025,Mumbai,Spice Hub,Chinese,Noodles,1,229.74,76.43,57.21,7.67,218.19,42,Card,Cancelled,,Neha
700333,5/1/2025,Vadodara,Chinese Wok,South Indian,Uttapam,3,149.81,69.42,51.35,19,450.36,49,Wallet,Delivered,4.2,Ravi
700334,5/15/2025,Surat,Food Fiesta,Chinese,Fried Rice,2,303.06,32.42,29.63,28.69,632.02,66,Card,Delivered,4,Neha
700335,2/27/2026,Pune,Spice Hub,Biryani,Veg Biryani,3,215.29,54.91,20.56,29.55,641.07,62,Wallet,Delivered,3.7,Ravi
700336,2/4/2025,Mumbai,South Treat,Burger,Veg Burger,3,244.28,4.68,29.09,36.41,793.66,20,UPI,Cancelled,,Rahul
700337,9/6/2025,Vadodara,Chinese Wok,South Indian,Idli,4,304.78,5.73,41.15,60.67,1315.21,44,UPI,Delivered,3.2,Priya
700338,11/28/2025,Mumbai,Food Fiesta,Pizza,Farmhouse,5,92.87,63.66,41.55,20.03,462.27,21,Card,Delivered,3.1,Vikas
700339,3/7/2026,Surat,Burger House,North Indian,Paneer Butter Masala,2,177.62,25.25,20.21,16.5,366.7,32,Wallet,Delivered,3.2,Priya
700340,5/8/2026,Pune,Burger House,Dessert,Gulab Jamun,5,200.04,1.27,42.04,49.95,1090.92,15,Wallet,Delivered,4.4,Ravi
700341,5/11/2025,Surat,Chinese Wok,North Indian,Paneer Butter Masala,4,374.15,13.02,57.27,74.18,1615.03,72,UPI,Cancelled,,Neha
700342,7/23/2025,Ahmedabad,Urban Tadka,Dessert,Gulab Jamun,1,258.76,54.19,27.71,10.23,242.51,15,Wallet,Cancelled,,Neha
700343,5/3/2025,Gandhinagar,Spice Hub,Dessert,Gulab Jamun,4,214.89,38.71,58.04,41.04,919.93,72,Cash,Delivered,3.8,Amit
700344,2/16/2026,Mumbai,South Treat,Dessert,Brownie,5,367.43,21.05,28.46,90.81,1935.37,22,UPI,Delivered,4.3,Karan
700345,10/23/2025,Surat,Chinese Wok,Pizza,Farmhouse,5,314.19,50.26,27.96,76.03,1624.68,75,Cash,Delivered,4.1,Ravi
700346,7/25/2025,Mumbai,Food Fiesta,Burger,Veg Burger,2,122.13,29.04,31.9,10.76,257.88,68,Wallet,Delivered,4.4,Priya
700347,11/8/2025,Vadodara,Biryani Express,Biryani,Veg Biryani,2,306.26,70.48,33.45,27.1,602.59,33,Wallet,Delivered,4.4,Suresh
700348,4/29/2025,Ahmedabad,Biryani Express,Biryani,Paneer Biryani,1,246.16,6.32,51.84,11.99,303.67,36,Wallet,Delivered,4.2,Vikas
700349,5/17/2026,Vadodara,Spice Hub,Biryani,Paneer Biryani,4,191.1,10.85,27.91,37.68,819.14,68,Cash,Delivered,4.1,Neha
700350,4/14/2025,Ahmedabad,Food Fiesta,North Indian,Paneer Butter Masala,1,174.51,20.66,41.96,7.69,203.5,39,Wallet,Cancelled,,Karan
700351,4/10/2026,Pune,South Treat,Biryani,Veg Biryani,3,327.66,19.06,53.29,48.2,1065.41,29,Cash,Delivered,3.3,Rahul
700352,5/8/2026,Rajkot,Food Fiesta,Chinese,Fried Rice,4,226.94,29.59,50.79,43.91,972.87,31,Card,Cancelled,,Ravi
700353,11/9/2025,Rajkot,Spice Hub,Biryani,Hyderabadi Veg,4,144.23,50.51,33.17,26.32,585.9,64,UPI,Cancelled,,Karan
700354,2/8/2025,Surat,Chinese Wok,Pizza,Margherita,2,327.89,4.76,53.08,32.55,736.65,45,UPI,Delivered,3.9,Priya
700355,4/16/2026,Vadodara,Food Fiesta,Dessert,Gulab Jamun,4,314.59,38.86,56.35,60.98,1336.83,52,Card,Delivered,3.5,Vikas
700356,8/31/2025,Jaipur,South Treat,Beverages,Fresh Juice,2,377.29,4.15,40.29,37.52,828.24,66,Card,Delivered,4.7,Neha
700357,1/27/2026,Gandhinagar,Spice Hub,Beverages,Lassi,2,112.67,1.33,20.29,11.2,255.5,59,Card,Delivered,3.3,Vikas
700358,5/13/2026,Vadodara,Burger House,Burger,Cheese Burger,2,350.66,33.4,53.52,33.4,754.84,65,Cash,Delivered,4.7,Vikas
700359,3/24/2026,Mumbai,South Treat,Dessert,Ice Cream,5,349.07,56.91,22.44,84.42,1795.3,72,UPI,Delivered,3.9,Priya
700360,11/4/2025,Mumbai,Chinese Wok,North Indian,Paneer Butter Masala,3,268.34,44.85,21.03,38.01,819.21,63,Cash,Delivered,4.9,Vikas
700361,5/5/2026,Surat,Spice Hub,Biryani,Paneer Biryani,3,88.38,32.18,47.45,11.65,292.06,51,UPI,Cancelled,,Ravi
700362,9/15/2025,Surat,Burger House,North Indian,Paneer Butter Masala,5,395.21,61.81,37.39,95.71,2047.34,69,Cash,Cancelled,,Karan
700363,10/11/2025,Vadodara,Burger House,Pizza,Margherita,2,189.67,65.51,24.38,15.69,353.9,46,Wallet,Delivered,3.1,Rahul
700364,2/10/2025,Pune,Biryani Express,Burger,Cheese Burger,3,170.3,65.87,52.95,22.25,520.23,61,Cash,Delivered,4,Karan
700365,2/17/2026,Vadodara,Chinese Wok,South Indian,Idli,3,201.97,74.97,59.49,26.55,616.98,29,Wallet,Delivered,3.7,Neha
700366,6/11/2026,Surat,Food Fiesta,North Indian,Naan Combo,4,124.21,2.95,50.32,24.69,568.9,43,UPI,Delivered,4.2,Amit
700367,3/3/2025,Pune,Burger House,North Indian,Dal Makhani,1,294.8,37.09,43.45,12.89,314.05,40,Wallet,Delivered,4.5,Amit
700368,10/8/2025,Vadodara,Pizza Corner,North Indian,Naan Combo,4,182.51,40.95,50.78,34.45,774.32,16,UPI,Cancelled,,Priya
700369,9/4/2025,Rajkot,Food Fiesta,Burger,Veg Burger,4,319.62,35.59,33.71,62.14,1338.74,36,UPI,Delivered,4.8,Priya
700370,2/12/2025,Pune,Food Fiesta,Beverages,Lassi,4,350.45,75.02,25.61,66.34,1418.73,74,Card,Delivered,3.2,Suresh
700371,2/21/2025,Rajkot,Urban Tadka,Dessert,Ice Cream,3,244.49,15.42,23.65,35.9,777.6,25,Wallet,Cancelled,,Vikas
700372,9/4/2025,Ahmedabad,Spice Hub,North Indian,Naan Combo,1,100.34,48.37,22.45,2.6,77.02,52,Card,Delivered,4.5,Amit
700373,3/9/2025,Mumbai,Chinese Wok,Pizza,Farmhouse,1,346.81,24.28,57.1,16.13,395.76,19,Wallet,Delivered,3.5,Vikas
700374,1/9/2025,Vadodara,Urban Tadka,Pizza,Veg Supreme,4,349.29,49.55,38.65,67.38,1453.64,46,Wallet,Delivered,3.9,Neha
700375,5/31/2025,Gandhinagar,South Treat,South Indian,Uttapam,4,306.84,15.71,40.63,60.58,1312.86,24,Card,Delivered,3.9,Karan
700376,11/7/2025,Mumbai,Burger House,Biryani,Paneer Biryani,5,265.27,51.99,27.83,63.72,1365.91,34,Card,Cancelled,,Ravi
700377,2/21/2025,Vadodara,Chinese Wok,Biryani,Hyderabadi Veg,2,215.64,11.33,34.09,21,475.04,52,UPI,Delivered,3.1,Vikas
700378,10/7/2025,Vadodara,Biryani Express,Burger,Veg Burger,2,118.06,20.69,31.61,10.77,257.81,48,Card,Delivered,3.5,Vikas
700379,3/24/2026,Surat,South Treat,North Indian,Dal Makhani,2,390.13,18.02,59.63,38.11,859.98,39,Wallet,Delivered,3.2,Suresh
700380,3/7/2026,Mumbai,Spice Hub,Biryani,Veg Biryani,2,180.07,13.62,23.4,17.33,387.25,59,Card,Delivered,3.7,Neha
700381,1/10/2026,Vadodara,Urban Tadka,Chinese,Noodles,5,172.17,52.11,21.71,40.44,870.89,34,UPI,Delivered,3,Priya
700382,6/4/2025,Gandhinagar,Urban Tadka,South Indian,Uttapam,3,200.74,75.1,57.17,26.36,610.65,46,UPI,Delivered,3,Priya
700383,1/4/2026,Pune,Biryani Express,Biryani,Veg Biryani,5,167.02,78.29,40.16,37.84,834.81,40,Card,Delivered,3.9,Priya
700384,5/4/2026,Jaipur,Pizza Corner,North Indian,Paneer Butter Masala,3,154.29,67.1,59.41,19.79,474.97,74,Card,Delivered,4.7,Priya
700385,3/27/2025,Ahmedabad,Burger House,Burger,Cheese Burger,5,89.1,31.2,30.54,20.72,465.56,71,Wallet,Delivered,5,Ravi
700386,3/6/2025,Ahmedabad,Chinese Wok,Biryani,Hyderabadi Veg,1,165.49,51.99,49.5,5.68,168.68,65,UPI,Cancelled,,Karan
700387,1/16/2026,Jaipur,Biryani Express,Pizza,Veg Supreme,4,242.25,38.56,59.22,46.52,1036.18,53,UPI,Delivered,4.4,Ravi
700388,1/28/2026,Rajkot,Urban Tadka,Burger,Veg Burger,2,194.18,39.13,47.52,17.46,414.21,30,Card,Cancelled,,Priya
700389,2/11/2026,Vadodara,Biryani Express,Pizza,Margherita,2,349.04,18.75,53.21,33.97,766.51,36,Cash,Delivered,4.2,Neha
700390,3/22/2026,Surat,Biryani Express,Chinese,Fried Rice,2,130.73,58,20.56,10.17,234.19,22,UPI,Delivered,3.3,Rahul
700391,5/1/2025,Vadodara,South Treat,Beverages,Cold Coffee,2,259.7,34.62,32.15,24.24,541.17,73,Cash,Delivered,3.3,Vikas
700392,3/12/2026,Mumbai,Burger House,South Indian,Uttapam,3,338.48,16.93,22.46,49.93,1070.9,42,Cash,Cancelled,,Suresh
700393,1/23/2026,Rajkot,Spice Hub,North Indian,Naan Combo,5,153.37,51.05,34.32,35.79,785.91,58,Cash,Delivered,3.9,Rahul
700394,3/12/2025,Pune,Biryani Express,Biryani,Hyderabadi Veg,5,159.5,27.44,58.8,38.5,867.36,44,Cash,Delivered,4.8,Amit
700395,1/9/2026,Jaipur,South Treat,Chinese,Fried Rice,5,181.19,26.32,50.91,43.98,974.52,43,Wallet,Delivered,4.6,Vikas
700396,9/14/2025,Vadodara,Urban Tadka,Chinese,Noodles,5,379.09,6.72,59.99,94.44,2043.16,22,UPI,Delivered,4.9,Amit
700397,7/19/2025,Vadodara,Food Fiesta,Chinese,Manchurian,3,398.72,26.24,33.55,58.5,1261.97,46,Cash,Delivered,4.6,Amit
700398,12/30/2025,Jaipur,Biryani Express,South Indian,Masala Dosa,2,162.79,38.07,38.02,14.38,339.91,32,Cash,Delivered,5,Karan
700399,10/16/2025,Pune,Chinese Wok,Burger,Paneer Burger,3,261.86,71.53,46.31,35.7,796.06,31,Card,Delivered,3.7,Karan
700400,6/26/2025,Rajkot,Food Fiesta,Dessert,Ice Cream,2,301.29,51.44,46.36,27.56,625.06,45,Cash,Delivered,5,Neha
700401,1/19/2026,Jaipur,Burger House,South Indian,Masala Dosa,1,301.13,56.84,28.35,12.21,284.85,17,Wallet,Delivered,4,Ravi
700402,6/23/2025,Rajkot,Biryani Express,Biryani,Paneer Biryani,2,242.37,57.84,24.1,21.34,472.34,68,Cash,Cancelled,,Amit
700403,1/28/2026,Surat,Biryani Express,Biryani,Veg Biryani,3,134.62,12.95,51.54,19.55,462,75,Cash,Delivered,3.1,Neha
700404,4/10/2025,Rajkot,Biryani Express,Biryani,Veg Biryani,2,141.59,1.31,42.92,14.09,338.88,37,Wallet,Cancelled,,Suresh
700405,11/17/2025,Pune,Urban Tadka,Pizza,Farmhouse,2,395.71,8.38,35.04,39.15,857.23,20,UPI,Delivered,3.8,Karan
700406,5/2/2025,Ahmedabad,South Treat,Burger,Cheese Burger,1,114.23,75.95,31.52,1.91,71.71,37,Wallet,Delivered,3.7,Rahul
700407,5/30/2025,Pune,South Treat,Pizza,Farmhouse,3,114.75,62.5,31.73,14.09,327.57,64,Cash,Delivered,3.7,Ravi
700408,7/5/2025,Rajkot,Burger House,South Indian,Masala Dosa,3,271.53,74.53,22.52,37,799.58,24,UPI,Delivered,5,Karan
700409,3/4/2026,Jaipur,Chinese Wok,North Indian,Paneer Butter Masala,1,129.67,1.28,37.43,6.42,172.24,57,Wallet,Delivered,4,Karan
700410,11/12/2025,Mumbai,Spice Hub,Burger,Cheese Burger,4,374.73,56.84,26.98,72.1,1541.16,41,Card,Delivered,4.7,Ravi
700411,4/8/2026,Surat,Food Fiesta,South Indian,Idli,2,336.2,53.9,22.77,30.93,672.2,48,UPI,Delivered,5,Neha
700412,2/14/2026,Ahmedabad,Urban Tadka,North Indian,Dal Makhani,3,321.51,48.44,39.32,45.8,1001.21,35,Cash,Delivered,3,Suresh
700413,5/21/2026,Surat,Pizza Corner,Beverages,Cold Coffee,5,218.81,42.22,25.39,52.59,1129.81,66,UPI,Delivered,3.8,Ravi
700414,6/23/2026,Rajkot,Spice Hub,Chinese,Fried Rice,1,362.9,67.43,27.75,14.77,337.99,54,Cash,Delivered,3.2,Priya
700415,11/20/2025,Gandhinagar,Chinese Wok,Dessert,Ice Cream,4,135.69,33.44,52.85,25.47,587.64,26,Wallet,Delivered,3.9,Karan
700416,5/2/2026,Rajkot,Urban Tadka,Burger,Paneer Burger,4,231.55,73.61,21.87,42.63,917.09,48,Cash,Delivered,4.4,Neha
700417,3/11/2025,Ahmedabad,Urban Tadka,North Indian,Naan Combo,1,305.61,30.36,55.53,13.76,344.54,47,UPI,Delivered,3.2,Rahul
700418,11/25/2025,Gandhinagar,Chinese Wok,South Indian,Masala Dosa,3,219.51,60.02,34.41,29.93,662.85,74,Wallet,Delivered,3.6,Karan
700419,11/20/2025,Vadodara,Chinese Wok,Pizza,Margherita,1,288.35,41.84,20.95,12.33,279.79,57,UPI,Delivered,3.4,Amit
700420,4/27/2025,Mumbai,Pizza Corner,Pizza,Farmhouse,2,254.52,41.71,34.49,23.37,525.19,15,Cash,Delivered,3.9,Rahul
700421,2/28/2025,Mumbai,Burger House,Beverages,Lassi,3,303.78,67.17,23.41,42.21,909.79,37,UPI,Delivered,4.8,Priya
700422,1/18/2025,Vadodara,Chinese Wok,Beverages,Cold Coffee,3,166.98,21.15,35.69,23.99,539.47,32,Wallet,Delivered,3.8,Suresh
700423,5/7/2025,Gandhinagar,Pizza Corner,South Indian,Idli,5,332.93,46.97,29.34,80.88,1727.9,18,UPI,Delivered,3.9,Ravi
700424,3/24/2026,Vadodara,Biryani Express,South Indian,Uttapam,4,335.38,78.6,44.84,63.15,1370.91,21,Wallet,Cancelled,,Vikas
700425,10/13/2025,Vadodara,Pizza Corner,North Indian,Dal Makhani,4,185.53,16.12,44.47,36.3,806.77,62,Cash,Delivered,3.1,Amit
700426,3/23/2025,Rajkot,Spice Hub,Beverages,Fresh Juice,1,318.51,7.54,28.65,15.55,355.17,34,Card,Delivered,3.5,Karan
700427,12/14/2025,Pune,Chinese Wok,Beverages,Cold Coffee,4,290.42,1.3,22.66,58.02,1241.06,57,Card,Delivered,4.9,Ravi
700428,11/14/2025,Gandhinagar,Burger House,Chinese,Manchurian,1,243.32,68.45,26.15,8.74,209.76,65,Card,Delivered,3.3,Amit
700429,6/1/2025,Gandhinagar,South Treat,Biryani,Hyderabadi Veg,1,132.27,18.66,24.94,5.68,144.23,55,Wallet,Delivered,4.1,Vikas
700430,3/23/2026,Gandhinagar,Spice Hub,Burger,Cheese Burger,2,395.62,67.92,27.05,36.17,786.54,29,Wallet,Delivered,4.9,Ravi
700431,1/18/2026,Vadodara,South Treat,Dessert,Ice Cream,3,388.51,57.52,47.72,55.4,1211.13,66,Wallet,Delivered,4.9,Vikas
700432,11/3/2025,Rajkot,Burger House,Burger,Paneer Burger,4,310.24,45.25,22.25,59.79,1277.75,53,Card,Delivered,3,Vikas
700433,3/6/2026,Mumbai,Pizza Corner,Chinese,Noodles,3,332.58,29.16,23.8,48.43,1040.81,47,Card,Delivered,4.3,Karan
700434,4/1/2026,Mumbai,South Treat,Chinese,Fried Rice,4,216.31,64.57,20.45,40.03,861.15,33,Wallet,Delivered,4.7,Priya
700435,10/30/2025,Ahmedabad,Chinese Wok,Burger,Paneer Burger,1,129.94,45.54,58.14,4.22,146.76,41,UPI,Cancelled,,Suresh
700436,4/25/2025,Surat,Chinese Wok,Biryani,Hyderabadi Veg,5,360.33,14.93,38.52,89.34,1914.58,39,Wallet,Delivered,3.5,Karan
700437,6/14/2025,Ahmedabad,Biryani Express,Chinese,Fried Rice,3,152.79,76.34,52.76,19.1,453.89,20,UPI,Delivered,4,Suresh
700438,4/7/2025,Jaipur,Food Fiesta,Pizza,Veg Supreme,3,245.04,14.24,29.11,36.04,786.03,71,UPI,Delivered,4.1,Ravi
700439,1/1/2025,Vadodara,Burger House,Pizza,Margherita,2,317.26,17.95,33.39,30.83,680.79,62,Card,Delivered,4.5,Ravi
700440,4/22/2026,Jaipur,Burger House,Chinese,Manchurian,3,321.84,44.67,32.81,46.04,999.7,46,Card,Cancelled,,Rahul
700441,11/12/2025,Jaipur,Urban Tadka,North Indian,Naan Combo,4,200.06,6.89,35.92,39.67,868.94,55,Card,Delivered,3.6,Priya
700442,3/3/2026,Gandhinagar,Biryani Express,Beverages,Lassi,5,321.9,38.31,30.9,78.56,1680.65,51,UPI,Cancelled,,Neha
700443,10/30/2025,Gandhinagar,Urban Tadka,Beverages,Fresh Juice,1,122.2,0.54,36.74,6.08,164.48,52,UPI,Delivered,3.6,Ravi
700444,7/4/2025,Surat,South Treat,North Indian,Dal Makhani,2,184.3,29.98,52.85,16.93,408.4,70,Card,Delivered,4.3,Amit
700445,1/29/2025,Ahmedabad,Biryani Express,Beverages,Cold Coffee,5,156.27,0.43,38.28,39.05,858.25,47,Wallet,Delivered,4.1,Priya
700446,6/17/2025,Gandhinagar,Pizza Corner,South Indian,Uttapam,3,92.38,43.3,34.27,11.69,279.8,15,Card,Delivered,3.2,Karan
700447,3/18/2025,Vadodara,South Treat,South Indian,Masala Dosa,2,148.49,42.7,40.62,12.71,307.61,38,Wallet,Delivered,4.1,Rahul
700448,4/30/2025,Vadodara,Spice Hub,North Indian,Paneer Butter Masala,1,193.53,21.21,48.6,8.62,229.54,43,UPI,Delivered,4.7,Neha
700449,5/21/2025,Pune,Pizza Corner,Dessert,Gulab Jamun,1,175.88,4.75,48.15,8.56,227.84,27,Wallet,Delivered,4.5,Amit
700450,5/7/2025,Rajkot,Food Fiesta,Burger,Paneer Burger,1,175.08,48.77,55.4,6.32,188.03,34,Cash,Cancelled,,Suresh
700451,2/3/2025,Mumbai,Pizza Corner,Chinese,Manchurian,5,295.96,44.7,55.23,71.75,1562.08,53,UPI,Delivered,3.1,Rahul
700452,9/9/2025,Mumbai,Biryani Express,Pizza,Farmhouse,5,296.76,43.52,31.36,72.01,1543.65,42,Wallet,Delivered,3.6,Rahul
700453,7/4/2025,Vadodara,Food Fiesta,Beverages,Lassi,3,354.88,68.33,31.6,49.82,1077.73,68,Wallet,Delivered,4.9,Amit
700454,3/9/2025,Jaipur,Chinese Wok,North Indian,Paneer Butter Masala,3,171.1,14.56,56.46,24.94,580.14,63,Card,Delivered,3.8,Suresh
700455,12/6/2025,Jaipur,Burger House,Beverages,Fresh Juice,5,271.93,36.73,21.2,66.15,1410.27,73,Card,Delivered,3.6,Karan
700456,1/8/2026,Ahmedabad,Food Fiesta,Burger,Paneer Burger,5,126.07,19.47,49.74,30.54,691.16,20,Card,Delivered,4.9,Karan
700457,3/28/2025,Vadodara,South Treat,South Indian,Idli,3,89.27,41.57,51.5,11.31,289.05,35,Cash,Cancelled,,Priya
700458,12/27/2025,Gandhinagar,Burger House,Pizza,Veg Supreme,2,145.68,44.48,36.78,12.34,296,63,Card,Delivered,4.9,Suresh
700459,1/9/2025,Rajkot,South Treat,Burger,Cheese Burger,5,143.69,74.69,25.39,32.19,701.34,25,Cash,Delivered,3.1,Priya
700460,1/23/2026,Pune,Burger House,North Indian,Paneer Butter Masala,3,284.85,5.28,57.39,42.46,949.12,21,UPI,Delivered,4.5,Suresh
700461,4/10/2025,Rajkot,Biryani Express,South Indian,Idli,3,394,66.76,30.82,55.76,1201.82,64,Wallet,Delivered,3.3,Priya
700462,9/11/2025,Mumbai,Biryani Express,Chinese,Manchurian,4,202.46,5.18,34.12,40.23,879.01,23,Wallet,Delivered,3.2,Amit
700463,11/12/2025,Ahmedabad,Spice Hub,North Indian,Paneer Butter Masala,5,100.26,39.95,52.31,23.07,536.73,34,UPI,Delivered,3.1,Neha
700464,2/27/2025,Jaipur,Spice Hub,Burger,Paneer Burger,4,274.07,73.58,40.63,51.13,1114.46,58,Cash,Delivered,5,Suresh
700465,6/12/2025,Rajkot,Urban Tadka,Beverages,Lassi,5,274.64,32.16,35.54,67.05,1443.63,51,Cash,Delivered,3.9,Rahul
700466,2/24/2025,Surat,Burger House,Pizza,Farmhouse,3,237.6,40.73,40.97,33.6,746.64,75,UPI,Delivered,4,Vikas
700467,8/28/2025,Vadodara,Urban Tadka,Chinese,Manchurian,2,178.27,45.49,38.71,15.55,365.31,46,Card,Cancelled,,Rahul
700468,4/30/2025,Pune,Spice Hub,Chinese,Manchurian,1,364.38,5.9,28.59,17.92,404.99,41,Wallet,Delivered,3.7,Vikas
700469,1/23/2026,Pune,Spice Hub,Biryani,Hyderabadi Veg,2,294.25,4.8,27.37,29.19,640.26,63,Wallet,Delivered,3.7,Priya
700470,4/7/2025,Mumbai,Spice Hub,Beverages,Lassi,4,328.85,44.45,37.77,63.55,1372.27,30,UPI,Delivered,3.3,Suresh
700471,7/6/2025,Ahmedabad,South Treat,Dessert,Ice Cream,3,181.61,34.49,58.73,25.52,594.59,67,Card,Cancelled,,Vikas
700472,12/25/2025,Surat,Urban Tadka,Pizza,Margherita,1,86.18,60.27,56.72,1.3,83.93,20,Cash,Cancelled,,Neha
700473,4/2/2025,Surat,Burger House,Beverages,Fresh Juice,1,106.13,74.98,36.95,1.56,69.66,23,Wallet,Delivered,3.1,Rahul
700474,12/26/2025,Pune,Food Fiesta,Pizza,Veg Supreme,2,108.73,73.67,22.6,7.19,173.58,64,Card,Delivered,4.7,Karan
700475,6/16/2026,Surat,Biryani Express,Burger,Cheese Burger,3,153.7,34.88,44.24,21.31,491.77,34,Cash,Delivered,3.1,Rahul
700476,1/15/2025,Mumbai,Pizza Corner,Beverages,Cold Coffee,4,316.11,65.46,47.69,59.95,1306.62,55,UPI,Delivered,3,Ravi
700477,1/12/2026,Ahmedabad,Chinese Wok,South Indian,Idli,4,376.16,7.1,41.92,74.88,1614.34,43,UPI,Cancelled,,Vikas
700478,4/10/2026,Pune,Food Fiesta,Chinese,Noodles,1,106.84,0.7,22.1,5.31,133.55,71,Cash,Delivered,4.8,Rahul
700479,3/30/2025,Pune,Biryani Express,North Indian,Paneer Butter Masala,2,292.62,59.09,24.36,26.31,576.82,58,Wallet,Delivered,4.9,Karan
700480,11/3/2025,Surat,Chinese Wok,Burger,Paneer Burger,3,219.46,35.96,34.18,31.12,687.72,30,Card,Delivered,3.1,Karan
700481,5/24/2026,Jaipur,South Treat,Burger,Veg Burger,1,330.41,6.49,30.43,16.2,370.55,71,Wallet,Delivered,4,Priya
700482,3/31/2025,Gandhinagar,Pizza Corner,Pizza,Veg Supreme,4,379.23,57.66,26.94,72.96,1559.16,43,UPI,Delivered,4.5,Ravi
700483,11/23/2025,Pune,Chinese Wok,Dessert,Brownie,5,378.1,27.33,56.61,93.16,2012.94,42,UPI,Delivered,3.2,Rahul
700484,4/30/2026,Pune,South Treat,Chinese,Fried Rice,5,353.16,73.02,35.23,84.64,1812.65,59,Card,Delivered,5,Rahul
700485,4/8/2025,Jaipur,South Treat,Dessert,Brownie,1,278.5,67.04,41.73,10.57,263.76,75,UPI,Delivered,4.5,Neha
700486,5/10/2025,Gandhinagar,Urban Tadka,Beverages,Fresh Juice,4,214.73,55.04,37.05,40.19,881.12,28,Wallet,Delivered,3.4,Amit
700487,2/5/2026,Gandhinagar,Chinese Wok,Chinese,Noodles,5,119.29,70.84,51.46,26.28,603.35,66,Card,Delivered,3.6,Ravi
700488,12/19/2025,Mumbai,Spice Hub,North Indian,Naan Combo,4,239.8,43.99,27.28,45.76,988.25,63,Cash,Cancelled,,Ravi
700489,8/10/2025,Rajkot,Food Fiesta,Beverages,Fresh Juice,4,92.73,27.96,47.85,17.15,407.96,74,Card,Delivered,4.6,Neha
700490,7/6/2025,Mumbai,Pizza Corner,Burger,Cheese Burger,5,226.06,31.05,43.88,54.96,1198.09,39,UPI,Delivered,4.4,Neha
700491,8/28/2025,Rajkot,Pizza Corner,Biryani,Hyderabadi Veg,5,224.44,40.95,24.7,54.06,1160.01,66,UPI,Delivered,3.4,Suresh
700492,11/2/2025,Jaipur,Biryani Express,Biryani,Paneer Biryani,3,203.3,48.63,49.52,28.06,638.85,35,Card,Delivered,3.7,Neha
700493,8/10/2025,Jaipur,South Treat,South Indian,Uttapam,5,169.81,13.13,54.23,41.8,931.95,71,Cash,Cancelled,,Suresh
700494,3/20/2026,Surat,Burger House,Biryani,Veg Biryani,3,257.58,50.58,36.11,36.11,794.38,61,UPI,Delivered,3.5,Ravi
700495,2/6/2025,Mumbai,Burger House,Burger,Cheese Burger,3,97.56,78.27,24.54,10.72,249.67,36,Wallet,Delivered,3.8,Suresh
700496,4/20/2026,Jaipur,Chinese Wok,Biryani,Paneer Biryani,2,135.39,23.01,22.42,12.39,282.58,41,Card,Cancelled,,Vikas
700497,5/25/2025,Gandhinagar,Urban Tadka,South Indian,Uttapam,5,134.39,51.54,54.13,31.02,705.56,43,Card,Delivered,4.2,Vikas
700498,3/13/2026,Ahmedabad,Spice Hub,North Indian,Naan Combo,1,305.61,15.08,39.78,14.53,344.84,31,Wallet,Delivered,4.2,Suresh
700499,1/25/2025,Jaipur,South Treat,Dessert,Ice Cream,5,177.14,59.02,41.82,41.33,909.83,16,Card,Cancelled,,Neha
700500,11/29/2025,Ahmedabad,Pizza Corner,Dessert,Brownie,1,189.06,62.64,39.45,6.32,172.19,43,Cash,Delivered,4.7,Amit
700501,10/24/2025,Surat,South Treat,North Indian,Paneer Butter Masala,5,242.36,51.78,58.35,58,1276.37,49,Cash,Cancelled,,Suresh
700502,4/16/2026,Surat,Chinese Wok,Dessert,Ice Cream,4,324.35,73.73,32.5,61.18,1317.35,28,Card,Delivered,4.6,Priya
700503,5/13/2026,Ahmedabad,Spice Hub,Pizza,Margherita,3,146.08,43.58,47.3,19.73,461.69,74,Card,Delivered,4.4,Ravi
700504,1/18/2025,Vadodara,Food Fiesta,Chinese,Noodles,5,239.21,26.18,33.51,58.49,1261.87,51,Wallet,Cancelled,,Vikas
700505,3/14/2025,Gandhinagar,Biryani Express,Beverages,Fresh Juice,5,177.02,52.85,20.91,41.61,894.77,75,Cash,Delivered,3.5,Karan
700506,11/27/2025,Surat,Urban Tadka,Chinese,Manchurian,2,154.04,78.94,54.38,11.46,294.98,49,Card,Delivered,5,Ravi
700507,6/4/2026,Mumbai,Biryani Express,Biryani,Veg Biryani,5,248.22,50.48,25.82,59.53,1275.97,51,Wallet,Delivered,4,Vikas
700508,4/16/2026,Pune,Urban Tadka,Pizza,Farmhouse,4,395.53,14.46,47.69,78.38,1693.73,42,Wallet,Delivered,3.2,Suresh
700509,11/15/2025,Surat,Burger House,Dessert,Gulab Jamun,1,111.3,51.6,32.13,2.98,94.81,54,Cash,Cancelled,,Amit
700510,6/4/2025,Pune,Chinese Wok,South Indian,Masala Dosa,3,141.77,27.15,31.68,19.91,449.75,66,Card,Delivered,3.5,Neha
700511,5/10/2025,Surat,Chinese Wok,Pizza,Farmhouse,4,91.17,63.12,59.9,15.08,376.54,44,Card,Delivered,3.9,Neha
700512,5/19/2026,Rajkot,Chinese Wok,Beverages,Lassi,5,202.73,31.28,52.77,49.12,1084.26,54,Card,Cancelled,,Karan
700513,11/19/2025,Surat,South Treat,Dessert,Brownie,5,233.44,29.37,21.11,56.89,1215.83,75,Cash,Delivered,3.4,Amit
700514,7/15/2025,Vadodara,Burger House,Beverages,Lassi,3,388.89,10.3,38.2,57.82,1252.39,43,Card,Delivered,3.4,Neha
700515,1/8/2025,Mumbai,Chinese Wok,North Indian,Dal Makhani,2,88.21,9.59,41.89,8.34,217.06,45,Card,Delivered,4.9,Suresh
700516,3/4/2026,Mumbai,Food Fiesta,Dessert,Ice Cream,4,175.65,50.98,48.1,32.58,732.3,20,Card,Cancelled,,Vikas
700517,4/10/2026,Rajkot,Biryani Express,Beverages,Cold Coffee,2,121.05,75.17,45.47,8.35,220.75,23,Card,Delivered,4.6,Karan
700518,4/5/2025,Gandhinagar,Spice Hub,South Indian,Idli,2,334.19,5.08,42.66,33.16,739.12,26,Wallet,Delivered,3.8,Suresh
700519,2/6/2025,Pune,South Treat,North Indian,Paneer Butter Masala,4,270.04,12.52,51.01,53.38,1172.03,34,Cash,Delivered,4.9,Ravi
700520,6/23/2025,Jaipur,Pizza Corner,Biryani,Hyderabadi Veg,4,114.5,78.57,30.95,18.97,429.35,58,Card,Delivered,4.3,Vikas
700521,2/8/2026,Ahmedabad,Biryani Express,Biryani,Paneer Biryani,5,262.01,27.57,58.1,64.12,1404.7,73,UPI,Delivered,3.8,Karan
700522,3/6/2025,Pune,Spice Hub,Burger,Paneer Burger,5,379.37,39.11,56.67,92.89,2007.3,35,Cash,Delivered,3.2,Priya
700523,2/8/2025,Gandhinagar,Spice Hub,Chinese,Manchurian,5,354.49,64.68,27.29,85.39,1820.45,47,UPI,Delivered,3.6,Amit
700524,2/1/2026,Mumbai,South Treat,South Indian,Idli,1,334.72,42.66,52.74,14.6,359.4,47,UPI,Cancelled,,Amit
700525,4/6/2025,Pune,Chinese Wok,North Indian,Dal Makhani,3,227.11,70.46,57.49,30.54,698.9,32,Cash,Cancelled,,Rahul
700526,1/17/2025,Surat,Biryani Express,South Indian,Uttapam,2,163.11,76.19,34.12,12.5,296.65,43,Cash,Cancelled,,Rahul
700527,2/7/2025,Gandhinagar,Pizza Corner,Chinese,Noodles,3,271.99,20.39,53.33,39.78,888.69,15,Cash,Cancelled,,Neha
700528,3/1/2025,Jaipur,Urban Tadka,North Indian,Naan Combo,2,272.8,40.12,42.75,25.27,573.5,63,Cash,Delivered,4.2,Neha
700529,6/28/2025,Surat,Biryani Express,North Indian,Naan Combo,1,86.81,46.82,27.87,2,69.86,22,Card,Delivered,4.8,Amit
700530,11/6/2025,Pune,South Treat,Biryani,Veg Biryani,2,122.67,77.99,35.58,8.37,211.3,21,UPI,Delivered,3.2,Karan
700531,2/5/2026,Mumbai,Pizza Corner,Burger,Paneer Burger,4,298.87,9.32,34.19,59.31,1279.66,16,UPI,Delivered,4.4,Rahul
700532,6/9/2026,Jaipur,Food Fiesta,Pizza,Veg Supreme,2,148.48,60.04,24.69,11.85,273.46,67,Wallet,Delivered,3.1,Karan
700533,12/20/2025,Vadodara,Urban Tadka,North Indian,Paneer Butter Masala,3,191.96,0.69,59.52,28.76,663.47,50,Cash,Delivered,3.9,Vikas
700534,10/19/2025,Vadodara,Food Fiesta,Chinese,Manchurian,2,168.13,62.18,54.24,13.7,342.02,25,Wallet,Delivered,3.8,Ravi
700535,6/22/2026,Jaipur,Chinese Wok,Pizza,Margherita,1,108.85,6.64,33.34,5.11,140.66,60,UPI,Cancelled,,Rahul
700536,10/24/2025,Surat,Food Fiesta,Chinese,Noodles,2,200.04,25.94,51.66,18.71,444.51,46,Wallet,Delivered,4.5,Priya
700537,12/7/2025,Mumbai,Urban Tadka,Biryani,Veg Biryani,2,392,5.99,21.19,38.9,838.1,72,UPI,Delivered,4.8,Amit
700538,6/1/2025,Jaipur,Urban Tadka,Beverages,Fresh Juice,3,117.28,53.13,55.1,14.94,368.75,58,Card,Delivered,4.2,Neha
700539,12/29/2025,Jaipur,Urban Tadka,Pizza,Veg Supreme,2,91.35,44.49,42.14,6.91,187.26,37,Cash,Delivered,4.4,Ravi
700540,3/29/2026,Rajkot,South Treat,Biryani,Veg Biryani,3,372.07,15.44,40.25,55.04,1196.06,49,UPI,Delivered,4.2,Rahul
700541,10/21/2025,Vadodara,Chinese Wok,Biryani,Veg Biryani,5,226.98,67.24,40.04,53.38,1161.08,70,UPI,Delivered,3.3,Priya
700542,7/18/2025,Ahmedabad,Urban Tadka,South Indian,Uttapam,4,151.32,22.48,44.32,29.14,656.26,44,Cash,Delivered,3.2,Amit
700543,2/18/2026,Ahmedabad,Burger House,Biryani,Hyderabadi Veg,2,386.3,57.58,53.86,35.75,804.63,68,UPI,Cancelled,,Rahul
700544,4/27/2025,Rajkot,Biryani Express,Chinese,Fried Rice,2,126.77,62.88,27.4,9.53,227.59,38,UPI,Delivered,4.6,Suresh
700545,4/15/2025,Vadodara,Food Fiesta,Biryani,Paneer Biryani,3,141.79,24.8,33.03,20.03,453.63,62,Cash,Delivered,3.5,Karan
700546,7/5/2025,Rajkot,Urban Tadka,South Indian,Uttapam,2,218.31,40.01,42.11,19.83,458.55,40,Card,Delivered,4,Amit
700547,3/7/2026,Vadodara,Food Fiesta,Chinese,Manchurian,5,288.53,12.54,39,71.51,1540.62,58,UPI,Delivered,3.8,Amit
700548,3/17/2025,Surat,Food Fiesta,Biryani,Hyderabadi Veg,1,395.58,11.58,32.89,19.2,436.09,61,Wallet,Delivered,4.7,Suresh
700549,11/3/2025,Mumbai,Food Fiesta,Biryani,Hyderabadi Veg,4,379.55,54.15,52.66,73.2,1589.91,71,UPI,Delivered,4.3,Suresh
700550,7/28/2025,Pune,Pizza Corner,Chinese,Fried Rice,4,276.85,6.91,23.29,55.02,1178.8,71,Card,Delivered,4.2,Rahul
700551,2/18/2026,Rajkot,Urban Tadka,Chinese,Fried Rice,2,254.2,20.05,48.67,24.42,561.44,72,Card,Delivered,4.3,Ravi
700552,4/29/2025,Surat,Urban Tadka,Beverages,Lassi,4,297.66,75.08,21.15,55.78,1192.49,21,Cash,Delivered,3.6,Ravi
700553,8/18/2025,Jaipur,Urban Tadka,Chinese,Noodles,4,214.13,73.95,55.93,39.13,877.63,59,Card,Delivered,5,Suresh
700554,4/1/2026,Vadodara,Chinese Wok,Burger,Paneer Burger,1,335.39,17.49,35.75,15.89,369.54,15,Cash,Delivered,3.1,Priya
700555,2/17/2026,Jaipur,Spice Hub,Dessert,Ice Cream,4,238.75,59.12,37.84,44.79,978.51,39,Cash,Delivered,3.1,Amit
700556,4/1/2026,Gandhinagar,Chinese Wok,South Indian,Uttapam,1,258.7,13.84,38.59,12.24,295.69,47,Cash,Delivered,3.2,Vikas
700557,6/10/2026,Mumbai,Chinese Wok,North Indian,Naan Combo,2,228.73,34.18,45.77,21.16,490.21,52,UPI,Delivered,4.4,Priya
700558,12/30/2025,Ahmedabad,Biryani Express,North Indian,Naan Combo,1,324.32,75.23,59.7,12.45,321.24,23,Card,Delivered,4.2,Karan
700559,3/16/2026,Vadodara,South Treat,Dessert,Gulab Jamun,5,235.38,79.66,26.81,54.86,1178.91,36,Cash,Delivered,4.8,Priya
700560,11/27/2025,Jaipur,Urban Tadka,South Indian,Idli,4,369.84,73.07,56.51,70.31,1533.11,48,UPI,Delivered,4.1,Priya
700561,6/5/2026,Rajkot,Food Fiesta,Dessert,Gulab Jamun,5,196.76,40.86,39.2,47.15,1029.29,21,Card,Delivered,4.2,Rahul
700562,2/22/2025,Mumbai,South Treat,Chinese,Noodles,4,135.55,69.53,58.86,23.63,555.16,44,Cash,Delivered,4.5,Priya
700563,3/31/2026,Ahmedabad,Biryani Express,North Indian,Paneer Butter Masala,5,116.41,54.32,49.33,26.39,603.45,42,Cash,Delivered,4.2,Karan
700564,1/23/2026,Surat,Biryani Express,Pizza,Farmhouse,1,89.92,27.8,44.87,3.11,110.1,60,Cash,Delivered,4.8,Priya
700565,2/2/2025,Mumbai,Food Fiesta,North Indian,Naan Combo,5,263.69,6.93,40.58,65.58,1417.68,46,UPI,Cancelled,,Karan
700566,3/13/2026,Rajkot,Pizza Corner,Chinese,Manchurian,4,96.66,59.62,41.4,16.35,384.77,27,Wallet,Delivered,3.4,Amit
700567,5/19/2026,Ahmedabad,Urban Tadka,Beverages,Fresh Juice,4,367.26,12.48,50.96,72.83,1580.35,68,UPI,Delivered,3.8,Ravi
700568,1/1/2025,Ahmedabad,Urban Tadka,South Indian,Masala Dosa,5,300.96,71.48,52.97,71.67,1557.96,67,Wallet,Delivered,4.7,Vikas
700569,8/14/2025,Gandhinagar,Urban Tadka,Chinese,Fried Rice,3,277.67,52.51,45.78,39.03,865.31,69,Card,Cancelled,,Karan
700570,3/19/2026,Mumbai,Burger House,Dessert,Gulab Jamun,4,255.29,10.45,26.28,50.54,1087.53,25,Card,Delivered,4.9,Amit
700571,5/12/2026,Gandhinagar,Burger House,South Indian,Uttapam,4,319.82,71.16,28.73,60.41,1297.26,16,Card,Cancelled,,Karan
700572,12/17/2025,Surat,South Treat,Burger,Cheese Burger,5,392.01,31.3,46.46,96.44,2071.65,48,Cash,Delivered,3,Priya
700573,7/19/2025,Surat,Food Fiesta,Burger,Paneer Burger,5,105.42,60.16,44.33,23.35,534.62,41,Wallet,Cancelled,,Vikas
700574,4/22/2026,Pune,South Treat,Beverages,Cold Coffee,5,121.25,61.56,50.59,27.23,622.51,41,Card,Delivered,3.9,Priya
700575,3/16/2026,Vadodara,Food Fiesta,Pizza,Farmhouse,4,120.17,45.13,21.65,21.78,478.98,72,UPI,Delivered,3.7,Suresh
700576,1/8/2026,Rajkot,Urban Tadka,Chinese,Noodles,2,201.54,8.22,55.49,19.74,470.09,27,UPI,Delivered,3.2,Ravi
700577,2/18/2025,Rajkot,Biryani Express,North Indian,Dal Makhani,5,276.88,68.25,43.49,65.81,1425.45,21,Card,Delivered,4.8,Karan
700578,9/15/2025,Rajkot,Burger House,North Indian,Dal Makhani,1,369.44,11.17,20.64,17.91,396.82,63,UPI,Delivered,3.9,Ravi
700579,2/28/2025,Mumbai,Pizza Corner,Chinese,Noodles,2,98.76,54.8,24.36,7.14,174.22,37,Cash,Cancelled,,Suresh
700580,8/19/2025,Rajkot,Chinese Wok,North Indian,Dal Makhani,3,253.53,29.63,59.7,36.55,827.21,21,Card,Delivered,3.1,Neha
700581,7/11/2025,Ahmedabad,Pizza Corner,Dessert,Gulab Jamun,1,271.91,21.22,31.92,12.53,295.14,75,Wallet,Delivered,3.6,Rahul
700582,10/27/2025,Ahmedabad,Biryani Express,Pizza,Veg Supreme,4,215.95,68.08,44.53,39.79,880.04,38,Wallet,Delivered,4.9,Vikas
700583,6/16/2026,Ahmedabad,Spice Hub,Pizza,Veg Supreme,1,281.09,54.22,54.8,11.34,293.01,23,Cash,Delivered,4.2,Amit
700584,5/11/2026,Jaipur,Spice Hub,South Indian,Idli,1,284.93,15.73,29.86,13.46,312.52,35,Wallet,Delivered,3.7,Priya
700585,1/17/2026,Pune,Food Fiesta,Pizza,Veg Supreme,3,91.11,42.08,46.94,11.56,289.75,67,Card,Cancelled,,Vikas
700586,3/7/2026,Rajkot,Food Fiesta,Chinese,Manchurian,2,129.39,63.44,50.63,9.77,255.74,26,Wallet,Delivered,4.5,Suresh
700587,3/19/2025,Jaipur,Spice Hub,Chinese,Fried Rice,2,337.83,34.37,21.67,32.06,695.02,48,Cash,Delivered,3.6,Rahul
700588,3/31/2026,Gandhinagar,Spice Hub,Burger,Cheese Burger,1,283.02,50.92,28.27,11.6,271.97,52,Wallet,Delivered,3.2,Ravi
700589,5/24/2026,Ahmedabad,Food Fiesta,Dessert,Ice Cream,5,176.84,10.97,46.25,43.66,963.14,30,Card,Delivered,3.9,Amit
700590,8/22/2025,Ahmedabad,Biryani Express,Pizza,Veg Supreme,1,243.75,52.2,40.64,9.58,241.77,44,Wallet,Delivered,3,Amit
700591,11/12/2025,Surat,Chinese Wok,Burger,Veg Burger,4,378.97,46.08,46.19,73.49,1589.48,58,Card,Delivered,4.2,Priya
700592,3/26/2025,Gandhinagar,Chinese Wok,Burger,Cheese Burger,5,269.8,77.04,24.68,63.6,1360.24,53,Wallet,Delivered,4.3,Karan
700593,2/8/2025,Pune,South Treat,North Indian,Naan Combo,3,328.57,33.31,46.79,47.62,1046.81,61,Card,Delivered,3.7,Ravi
700594,1/5/2026,Jaipur,Chinese Wok,Chinese,Manchurian,2,149.75,22.17,20.1,13.87,311.3,18,Wallet,Cancelled,,Vikas
700595,6/24/2026,Vadodara,Biryani Express,Burger,Veg Burger,5,110.11,23.7,37.72,26.34,590.91,66,Card,Delivered,3.8,Priya
700596,5/4/2025,Surat,Urban Tadka,South Indian,Idli,3,118.1,45.24,56.75,15.45,381.26,57,UPI,Delivered,3.7,Neha
700597,11/13/2025,Rajkot,Pizza Corner,South Indian,Uttapam,1,237.92,52.55,47.7,9.27,242.34,27,Cash,Delivered,4.3,Neha
700598,4/27/2026,Rajkot,Burger House,North Indian,Paneer Butter Masala,2,356.6,26.75,41.24,34.32,762.01,63,Wallet,Delivered,4.4,Amit
700599,2/14/2026,Pune,Food Fiesta,Biryani,Veg Biryani,3,123.52,29.73,39.13,17.04,397,15,Wallet,Delivered,3.2,Suresh
700600,6/12/2025,Mumbai,Pizza Corner,North Indian,Dal Makhani,3,190.77,60.31,27.56,25.6,565.16,25,Card,Delivered,3.5,Priya
700601,11/10/2025,Rajkot,Burger House,Biryani,Paneer Biryani,1,348.97,33.71,24.39,15.76,355.41,73,Cash,Delivered,3.1,Suresh
700602,2/4/2025,Jaipur,Food Fiesta,Chinese,Manchurian,5,121.04,72.3,51.23,26.65,610.78,35,Wallet,Delivered,4.6,Amit
700603,2/19/2025,Gandhinagar,South Treat,North Indian,Naan Combo,5,356.12,32.42,51.87,87.41,1887.46,75,Wallet,Delivered,4.9,Ravi
700604,9/24/2025,Rajkot,Pizza Corner,Dessert,Brownie,4,158.67,18.54,37.1,30.81,684.05,53,UPI,Delivered,3.4,Karan
700605,6/19/2025,Gandhinagar,Burger House,Chinese,Manchurian,1,334.04,66.34,45.61,13.39,326.7,71,Wallet,Delivered,4.3,Amit
700606,11/20/2025,Ahmedabad,Chinese Wok,Dessert,Brownie,4,312.27,42.05,52.32,60.35,1319.7,74,UPI,Delivered,4.4,Vikas
700607,5/31/2026,Pune,Burger House,Dessert,Ice Cream,1,295.19,74.29,38.81,11.04,270.75,40,Cash,Delivered,3.1,Karan
700608,7/9/2025,Ahmedabad,Food Fiesta,North Indian,Paneer Butter Masala,5,260.99,34.84,24.31,63.51,1357.93,67,UPI,Cancelled,,Ravi
700609,10/1/2025,Jaipur,South Treat,Chinese,Fried Rice,2,99.28,50.83,36.52,7.39,191.64,68,Card,Delivered,4.6,Karan
700610,2/11/2025,Ahmedabad,Chinese Wok,Beverages,Cold Coffee,3,375.13,13.78,23.68,55.58,1190.87,18,Cash,Delivered,4.5,Priya
700611,5/31/2025,Ahmedabad,Spice Hub,Beverages,Lassi,1,393.23,66.02,52.82,16.36,396.39,42,Card,Delivered,3.4,Neha
700612,12/10/2025,Ahmedabad,Pizza Corner,Burger,Cheese Burger,3,247.93,62.53,51.43,34.06,766.75,68,UPI,Delivered,3.4,Vikas
700613,9/4/2025,Jaipur,Food Fiesta,Burger,Veg Burger,1,232.5,42.83,49.35,9.48,248.5,55,Wallet,Cancelled,,Suresh
700614,4/19/2025,Rajkot,Food Fiesta,North Indian,Naan Combo,1,380.13,56.1,22.61,16.2,362.84,15,Card,Delivered,3.2,Karan
700615,6/18/2025,Rajkot,Pizza Corner,Burger,Veg Burger,4,259.38,28,28.37,50.48,1088.37,28,Cash,Cancelled,,Amit
700616,6/7/2025,Jaipur,South Treat,South Indian,Idli,5,230.15,21.89,50.93,56.44,1236.23,61,UPI,Delivered,3.5,Karan
700617,2/13/2026,Rajkot,Spice Hub,South Indian,Idli,5,102.23,0.34,52.32,25.54,588.67,61,Cash,Delivered,3.7,Karan
700618,10/5/2025,Vadodara,Food Fiesta,Pizza,Margherita,1,152.37,64.21,52.02,4.41,144.59,52,Card,Cancelled,,Rahul
700619,5/2/2025,Surat,Urban Tadka,South Indian,Uttapam,1,121.84,11.57,53.88,5.51,169.66,56,UPI,Delivered,4.5,Neha
700620,1/28/2026,Jaipur,Chinese Wok,Chinese,Noodles,3,101.1,11.01,35.73,14.61,342.63,52,Cash,Delivered,3,Vikas
700621,10/24/2025,Rajkot,Burger House,Pizza,Margherita,1,292.58,77.65,56.23,10.75,281.91,71,Cash,Delivered,3.2,Rahul
700622,6/28/2025,Pune,Food Fiesta,Biryani,Veg Biryani,5,315.18,55.36,21.64,76.03,1618.21,50,Wallet,Delivered,4.3,Neha
700623,10/11/2025,Gandhinagar,Burger House,North Indian,Naan Combo,2,140.69,42.81,24.31,11.93,274.81,39,UPI,Cancelled,,Suresh
700624,3/9/2025,Mumbai,Spice Hub,Pizza,Veg Supreme,2,207.14,33.67,51.7,19.03,451.34,30,Cash,Delivered,3.9,Suresh
700625,3/18/2026,Jaipur,Food Fiesta,Beverages,Fresh Juice,2,288.16,67.22,29.32,25.46,563.88,49,UPI,Delivered,3.9,Priya
700626,11/8/2025,Surat,Chinese Wok,Biryani,Hyderabadi Veg,3,105.26,53.83,27.6,13.1,302.65,54,Cash,Delivered,3.7,Vikas
700627,2/8/2026,Gandhinagar,Pizza Corner,Chinese,Manchurian,1,217.33,36.82,20.11,9.03,209.65,31,Cash,Delivered,3.4,Karan
700628,6/7/2026,Surat,South Treat,Chinese,Noodles,3,322.94,50.6,51.37,45.91,1015.5,74,UPI,Delivered,3.6,Vikas
700629,3/22/2025,Ahmedabad,Chinese Wok,Biryani,Hyderabadi Veg,1,296.31,9.95,40.32,14.32,341,52,Wallet,Delivered,3.5,Amit
700630,11/17/2025,Gandhinagar,Chinese Wok,Biryani,Veg Biryani,4,360.88,21.49,36.95,71.1,1530.08,31,Cash,Delivered,4.2,Suresh
700631,6/4/2025,Ahmedabad,Burger House,Biryani,Paneer Biryani,4,218.68,29.11,38.8,42.28,926.69,47,UPI,Delivered,4.1,Vikas
700632,6/18/2025,Jaipur,Spice Hub,Chinese,Noodles,5,100,23.63,56.2,23.82,556.39,26,UPI,Cancelled,,Karan
700633,2/14/2025,Jaipur,South Treat,Dessert,Ice Cream,2,221.04,39.99,28.85,20.1,451.04,34,Cash,Cancelled,,Amit
700634,1/13/2025,Rajkot,Chinese Wok,Burger,Paneer Burger,2,364.58,33.34,25.17,34.79,755.78,16,Wallet,Delivered,3.8,Priya
700635,6/21/2026,Surat,Food Fiesta,Chinese,Manchurian,5,173.3,45.08,54.34,41.07,916.83,44,Card,Delivered,3.5,Ravi
700636,1/11/2026,Surat,Burger House,Biryani,Veg Biryani,2,113.62,34.9,57.93,9.62,259.89,75,Card,Delivered,4.1,Neha
700637,8/12/2025,Jaipur,Spice Hub,North Indian,Paneer Butter Masala,2,91.08,31.01,58.99,7.56,217.7,30,Card,Delivered,4.3,Amit
700638,7/25/2025,Gandhinagar,South Treat,North Indian,Paneer Butter Masala,2,361.6,53.68,20.16,33.48,723.16,50,Wallet,Cancelled,,Vikas
700639,12/15/2025,Vadodara,South Treat,Dessert,Gulab Jamun,2,386.96,63.07,26.12,35.54,772.51,39,Cash,Delivered,4.8,Rahul
700640,1/4/2025,Rajkot,Pizza Corner,Biryani,Veg Biryani,5,327.6,37.88,25.33,80.01,1705.46,25,UPI,Delivered,3.3,Suresh
700641,4/26/2026,Ahmedabad,Biryani Express,South Indian,Idli,4,386.92,37.82,24.71,75.49,1610.06,51,Wallet,Delivered,4.2,Amit
700642,7/8/2025,Vadodara,South Treat,Chinese,Manchurian,2,208.01,59.29,32.75,17.84,407.32,50,Wallet,Cancelled,,Rahul
700643,2/21/2026,Ahmedabad,Food Fiesta,Dessert,Gulab Jamun,4,336.79,58.09,33.72,64.45,1387.24,34,Card,Delivered,4.9,Suresh
700644,5/10/2025,Mumbai,Food Fiesta,South Indian,Masala Dosa,4,391.44,53.25,23.8,75.63,1611.94,52,UPI,Delivered,4.2,Suresh
700645,10/2/2025,Jaipur,Chinese Wok,Beverages,Fresh Juice,1,226.52,35.54,25.38,9.55,225.91,72,Card,Cancelled,,Vikas
700646,4/17/2026,Rajkot,Biryani Express,Pizza,Farmhouse,5,366.13,40.07,27.27,89.53,1907.38,27,UPI,Delivered,5,Suresh
700647,9/21/2025,Ahmedabad,South Treat,South Indian,Idli,1,386.05,37.22,25.95,17.44,392.22,46,UPI,Cancelled,,Vikas
700648,6/21/2025,Jaipur,Biryani Express,Burger,Cheese Burger,1,341.05,65.82,33.19,13.76,322.18,37,Wallet,Delivered,3.5,Amit
700649,2/20/2025,Rajkot,Urban Tadka,South Indian,Uttapam,3,146.56,31.14,51.37,20.43,480.34,40,Cash,Cancelled,,Amit
700650,10/1/2025,Jaipur,Food Fiesta,Biryani,Hyderabadi Veg,2,135.55,26.32,35.93,12.24,292.95,20,Wallet,Delivered,4.2,Karan
700651,2/7/2026,Mumbai,Burger House,North Indian,Dal Makhani,1,251.62,3.01,27.87,12.43,288.91,29,Card,Delivered,3.4,Vikas
700652,11/27/2025,Mumbai,Spice Hub,South Indian,Idli,5,83.26,75.19,43.61,17.06,401.78,72,Card,Delivered,3.6,Vikas
700653,5/23/2025,Vadodara,Pizza Corner,South Indian,Masala Dosa,2,112.69,44.3,45.4,9.05,235.53,52,Cash,Delivered,3.8,Rahul
700654,3/8/2026,Mumbai,Biryani Express,North Indian,Dal Makhani,4,354.13,15.98,33.32,70.03,1503.89,26,UPI,Delivered,3.9,Neha
700655,10/19/2025,Ahmedabad,Chinese Wok,Dessert,Brownie,2,243.41,26.88,52.5,23,535.44,26,Wallet,Delivered,4.5,Ravi
700656,1/27/2025,Ahmedabad,Spice Hub,Dessert,Ice Cream,5,292.65,49.06,37.54,70.71,1522.44,63,Cash,Cancelled,,Karan
700657,4/25/2026,Surat,South Treat,Biryani,Veg Biryani,4,244,13.64,34.46,48.12,1044.94,43,Cash,Delivered,3.3,Suresh
700658,4/15/2026,Ahmedabad,Food Fiesta,Beverages,Cold Coffee,2,301.9,69.78,54.06,26.7,614.78,30,Wallet,Delivered,4.2,Vikas
700659,4/25/2025,Pune,Pizza Corner,North Indian,Naan Combo,2,338.73,73.95,56.95,30.18,690.64,70,Card,Delivered,3.1,Karan
700660,3/31/2025,Surat,Biryani Express,Pizza,Margherita,4,144.98,79.52,21.51,25.02,546.93,17,Cash,Delivered,4.9,Amit
700661,1/17/2025,Gandhinagar,Burger House,North Indian,Dal Makhani,5,385.78,51.04,57.69,93.89,2029.44,36,Card,Delivered,3.2,Karan
700662,5/26/2026,Surat,South Treat,South Indian,Idli,2,85.8,62.22,22.28,5.47,137.13,51,Card,Cancelled,,Rahul
700663,9/24/2025,Ahmedabad,Chinese Wok,Biryani,Paneer Biryani,4,324.21,23.28,32.07,63.68,1369.31,34,Wallet,Delivered,3.5,Vikas
700664,7/5/2025,Gandhinagar,Biryani Express,Beverages,Cold Coffee,4,139.95,26.63,57.63,26.66,617.46,57,UPI,Cancelled,,Ravi
700665,5/29/2025,Rajkot,Spice Hub,North Indian,Naan Combo,4,284.06,31.38,49.01,55.24,1209.11,47,Cash,Delivered,4.1,Priya
700666,10/30/2025,Vadodara,South Treat,Biryani,Paneer Biryani,3,341.42,66.81,46.4,47.87,1051.72,66,Wallet,Cancelled,,Rahul
700667,12/23/2025,Mumbai,Burger House,Chinese,Noodles,5,193.79,67.25,36.91,45.09,983.7,23,UPI,Delivered,4.1,Karan
700668,3/17/2026,Jaipur,Chinese Wok,North Indian,Paneer Butter Masala,1,348.49,31.3,50.95,15.86,384,25,Wallet,Delivered,4.1,Karan
700669,1/3/2025,Rajkot,Pizza Corner,North Indian,Dal Makhani,4,273.6,15.54,42.36,53.94,1175.16,62,Card,Delivered,3.2,Amit
700670,3/31/2025,Gandhinagar,Chinese Wok,North Indian,Naan Combo,5,377.5,62.8,35.56,91.24,1951.5,46,UPI,Cancelled,,Priya
700671,4/27/2026,Ahmedabad,Urban Tadka,North Indian,Dal Makhani,1,117.61,63.23,50.58,2.72,107.68,17,UPI,Cancelled,,Suresh
700672,12/4/2025,Mumbai,Pizza Corner,Burger,Paneer Burger,5,196.94,76.53,35.95,45.41,989.53,69,Cash,Delivered,4.5,Ravi
700673,8/6/2025,Ahmedabad,Urban Tadka,South Indian,Idli,1,140.93,37.17,42.47,5.19,151.42,36,Card,Delivered,3.9,Amit
700674,5/31/2025,Gandhinagar,Burger House,Chinese,Noodles,5,327.51,35.27,21.35,80.11,1703.74,23,Card,Delivered,4.3,Suresh
700675,5/1/2025,Vadodara,Pizza Corner,Biryani,Hyderabadi Veg,1,290.1,66.74,30.45,11.17,264.98,73,Wallet,Delivered,3.7,Karan
700676,12/2/2025,Vadodara,Biryani Express,South Indian,Uttapam,5,217.35,76.69,59.25,50.5,1119.81,71,Wallet,Delivered,3.1,Vikas
700677,8/13/2025,Jaipur,Urban Tadka,North Indian,Dal Makhani,4,199.76,70.82,54.12,36.41,818.75,46,Cash,Delivered,3,Rahul
700678,2/4/2026,Surat,Food Fiesta,Biryani,Veg Biryani,4,197.94,14.91,26.7,38.84,842.39,38,Wallet,Delivered,4.2,Rahul
700679,9/3/2025,Pune,Pizza Corner,Burger,Veg Burger,5,247.03,3.08,35.46,61.6,1329.13,41,Cash,Delivered,4.7,Rahul
700680,3/4/2026,Mumbai,Spice Hub,Pizza,Veg Supreme,3,310.8,29.51,27.9,45.14,975.93,44,UPI,Cancelled,,Ravi
700681,9/30/2025,Jaipur,Food Fiesta,South Indian,Uttapam,5,262.87,66.42,37.94,62.4,1348.27,26,UPI,Delivered,4,Neha
700682,2/24/2025,Rajkot,South Treat,Burger,Veg Burger,4,88.25,13.97,48.15,16.95,404.13,35,Card,Cancelled,,Suresh
700683,4/19/2025,Jaipur,South Treat,Biryani,Hyderabadi Veg,2,117.82,59.76,42.41,8.79,227.08,33,Wallet,Delivered,4.5,Rahul
700684,3/9/2025,Surat,South Treat,Pizza,Farmhouse,1,227.47,49.41,31.17,8.9,218.13,73,Wallet,Cancelled,,Vikas
700685,9/26/2025,Surat,South Treat,Chinese,Noodles,5,81.77,54.81,44.35,17.7,416.09,45,Card,Delivered,3.7,Priya
700686,5/4/2026,Jaipur,Urban Tadka,Biryani,Veg Biryani,1,202.08,52.62,32.42,7.47,189.35,48,Cash,Cancelled,,Ravi
700687,11/1/2025,Mumbai,Biryani Express,Dessert,Brownie,5,218.9,58.06,54.58,51.82,1142.84,42,UPI,Delivered,4.1,Priya
700688,1/9/2026,Jaipur,Pizza Corner,North Indian,Dal Makhani,1,193.8,78.42,26.46,5.77,147.61,41,Cash,Delivered,4.1,Ravi
700689,3/13/2025,Pune,Urban Tadka,Dessert,Ice Cream,4,98.12,28.49,49.86,18.2,432.05,36,UPI,Delivered,3.3,Amit
700690,3/14/2026,Surat,Chinese Wok,Burger,Cheese Burger,4,276.13,17.5,40.06,54.35,1181.43,63,Wallet,Cancelled,,Priya
700691,4/6/2026,Mumbai,Food Fiesta,Beverages,Cold Coffee,3,387.85,78.6,31.62,54.25,1170.82,52,Wallet,Delivered,3.9,Karan
700692,5/22/2026,Rajkot,Food Fiesta,North Indian,Naan Combo,1,140.16,35.72,42.5,5.22,152.16,31,Cash,Delivered,3.2,Ravi
700693,1/22/2025,Pune,Burger House,Beverages,Fresh Juice,3,181.62,17.46,57.91,26.37,611.68,18,Cash,Delivered,4.8,Neha
700694,4/25/2026,Vadodara,Food Fiesta,South Indian,Uttapam,1,327.37,39.66,38.46,14.39,340.56,44,Wallet,Cancelled,,Ravi
700695,11/9/2025,Vadodara,Burger House,Chinese,Manchurian,5,99.56,28.65,34.17,23.46,526.78,30,Card,Delivered,4.6,Neha
700696,1/4/2026,Gandhinagar,Burger House,Burger,Paneer Burger,3,208.61,61,20.13,28.24,613.2,60,Wallet,Delivered,3.7,Rahul
700697,2/28/2026,Mumbai,Chinese Wok,Beverages,Cold Coffee,3,267.76,15.59,22.24,39.38,849.31,73,UPI,Cancelled,,Ravi
700698,4/5/2026,Surat,Food Fiesta,Dessert,Ice Cream,4,159.83,31.54,55,30.39,693.17,25,Cash,Delivered,3.4,Rahul
700699,8/23/2025,Surat,Biryani Express,Dessert,Ice Cream,5,293.12,27.21,21.48,71.92,1531.79,22,Card,Delivered,3.8,Neha
700700,2/1/2026,Jaipur,Biryani Express,South Indian,Idli,4,237.71,58.41,39.84,44.62,976.89,72,Card,Delivered,4.2,Rahul
700701,4/8/2026,Jaipur,Urban Tadka,Dessert,Ice Cream,2,283.99,33.3,32.1,26.73,593.51,56,Cash,Delivered,3.9,Priya
700702,12/17/2025,Ahmedabad,Spice Hub,Burger,Paneer Burger,3,218.83,60.91,51.14,29.78,676.5,36,Wallet,Delivered,3.9,Rahul
700703,3/10/2026,Vadodara,South Treat,Pizza,Veg Supreme,2,258.09,71.4,44.33,22.24,511.35,32,Cash,Delivered,3.1,Ravi
700704,4/7/2026,Vadodara,Burger House,North Indian,Naan Combo,5,113.87,40.54,40.54,26.44,595.79,21,Cash,Cancelled,,Vikas
700705,3/6/2026,Gandhinagar,South Treat,North Indian,Naan Combo,4,299.27,20.46,32,58.83,1267.45,61,UPI,Delivered,4.6,Ravi
700706,2/5/2025,Surat,Spice Hub,Burger,Paneer Burger,5,119.61,25.92,27,28.61,627.74,48,Wallet,Cancelled,,Neha
700707,6/9/2026,Vadodara,Chinese Wok,Pizza,Margherita,5,378.12,60.27,27.27,91.52,1949.12,72,Card,Cancelled,,Rahul
700708,2/17/2026,Ahmedabad,Chinese Wok,Burger,Veg Burger,5,309.88,46.22,42.27,75.16,1620.61,65,UPI,Delivered,4.2,Suresh
700709,3/20/2026,Mumbai,Burger House,Chinese,Fried Rice,5,259.83,50.46,28.6,62.43,1339.72,63,Cash,Delivered,3.2,Karan
700710,4/11/2025,Gandhinagar,Food Fiesta,Burger,Paneer Burger,3,233.44,38.03,59.78,33.11,755.18,57,Wallet,Delivered,3.5,Priya
700711,4/18/2025,Pune,Burger House,Chinese,Fried Rice,4,272.2,1.57,35.29,54.36,1176.88,71,Cash,Delivered,5,Amit
700712,12/6/2025,Gandhinagar,Food Fiesta,Burger,Cheese Burger,5,317.56,62.4,57.77,76.27,1659.44,71,Cash,Delivered,3,Amit
700713,3/15/2025,Pune,Biryani Express,Biryani,Paneer Biryani,1,116.15,51.18,52.37,3.25,120.59,64,Cash,Delivered,4.4,Suresh
700714,6/14/2025,Rajkot,Food Fiesta,Chinese,Noodles,4,290.33,71.85,41.93,54.47,1185.87,19,Wallet,Delivered,3.3,Rahul
700715,4/16/2025,Rajkot,Biryani Express,North Indian,Naan Combo,1,110.06,72.57,20.08,1.87,59.44,61,Wallet,Delivered,3.8,Karan
700716,10/15/2025,Pune,Burger House,Beverages,Cold Coffee,2,269.56,44.26,39.35,24.74,558.95,53,Wallet,Delivered,4.9,Priya
700717,3/10/2026,Vadodara,Chinese Wok,Chinese,Manchurian,4,207.88,59.99,41.1,38.58,851.21,61,Wallet,Delivered,4.4,Suresh
700718,3/24/2026,Jaipur,Pizza Corner,Dessert,Ice Cream,2,231.93,22.61,28.24,22.06,491.55,28,Card,Delivered,3.1,Karan
700719,7/21/2025,Surat,Spice Hub,Chinese,Fried Rice,4,210.6,52.02,32.28,39.52,862.18,73,Card,Delivered,3.8,Rahul
700720,10/13/2025,Gandhinagar,South Treat,Biryani,Paneer Biryani,3,92.65,41.02,36.65,11.85,285.43,39,Wallet,Delivered,4.3,Ravi
700721,12/22/2025,Mumbai,Pizza Corner,North Indian,Dal Makhani,1,153.66,26.17,40.51,6.37,174.37,42,Wallet,Delivered,3,Karan
700722,3/31/2025,Gandhinagar,Pizza Corner,Dessert,Brownie,2,248.63,55.81,55.62,22.07,519.14,16,Cash,Delivered,4.4,Karan
700723,12/12/2025,Surat,Burger House,Chinese,Noodles,2,177.54,50.43,36.96,15.23,356.84,19,Card,Cancelled,,Priya
700724,10/31/2025,Pune,Burger House,Biryani,Veg Biryani,3,215.04,9.41,54.14,31.79,721.64,35,Card,Cancelled,,Rahul
700725,10/21/2025,Pune,Urban Tadka,North Indian,Naan Combo,3,255.38,12.89,45.39,37.66,836.3,67,UPI,Cancelled,,Vikas
700726,3/26/2025,Vadodara,South Treat,Biryani,Paneer Biryani,4,342.63,23.26,56.57,67.36,1471.19,33,Cash,Cancelled,,Karan
700727,2/10/2025,Pune,Food Fiesta,Chinese,Manchurian,5,343.55,76.76,37.94,82.05,1760.98,31,UPI,Delivered,3.3,Ravi
700728,4/14/2026,Jaipur,Burger House,South Indian,Idli,3,123.51,1.36,52.4,18.46,440.03,37,Wallet,Delivered,5,Vikas
700729,11/22/2025,Gandhinagar,Food Fiesta,South Indian,Uttapam,2,151,37.29,50.79,13.24,328.74,55,Cash,Delivered,3.3,Rahul
700730,1/5/2026,Surat,South Treat,North Indian,Paneer Butter Masala,5,254.28,58.99,32.62,60.62,1305.65,15,Cash,Delivered,4.3,Amit
700731,3/5/2026,Surat,Urban Tadka,South Indian,Idli,1,229.16,32,22.92,9.86,229.94,22,UPI,Cancelled,,Priya
700732,2/1/2026,Mumbai,Burger House,North Indian,Paneer Butter Masala,3,342.62,74.8,40.16,47.65,1040.87,23,UPI,Delivered,4.9,Priya
700733,1/30/2026,Jaipur,Chinese Wok,Chinese,Manchurian,1,226.12,66.56,28.47,7.98,196.01,70,Cash,Cancelled,,Vikas
700734,4/9/2026,Ahmedabad,Pizza Corner,Burger,Paneer Burger,2,278.6,21.48,56.12,26.79,618.63,51,Cash,Delivered,4.1,Ravi
700735,7/14/2025,Mumbai,Pizza Corner,North Indian,Naan Combo,3,256.92,38.81,54.72,36.6,823.27,52,Card,Delivered,3.2,Amit
700736,8/29/2025,Surat,South Treat,North Indian,Paneer Butter Masala,3,113.67,70.41,46.32,13.53,330.45,31,Cash,Cancelled,,Suresh
700737,8/1/2025,Ahmedabad,Pizza Corner,Beverages,Fresh Juice,1,279.65,44.55,46.39,11.75,293.24,37,Wallet,Delivered,4,Amit
700738,2/7/2026,Mumbai,Pizza Corner,Beverages,Lassi,4,123.81,30.59,51.39,23.23,539.27,67,Card,Delivered,3.3,Vikas
700739,7/24/2025,Jaipur,Spice Hub,Burger,Veg Burger,4,275.48,70.41,20.52,51.58,1103.61,36,UPI,Delivered,3.2,Priya
700740,6/1/2026,Rajkot,Pizza Corner,Chinese,Fried Rice,5,225.15,62.89,33.78,53.14,1149.78,74,Wallet,Delivered,3.4,Priya
700741,7/27/2025,Ahmedabad,Burger House,Beverages,Fresh Juice,1,140.4,64.49,27.77,3.8,107.48,28,UPI,Delivered,3.6,Ravi
700742,7/5/2025,Surat,Spice Hub,Beverages,Lassi,4,207.61,77.31,23.13,37.66,813.92,45,Cash,Delivered,4.9,Priya
700743,5/25/2025,Pune,Chinese Wok,Burger,Paneer Burger,3,277.82,6.02,35.5,41.37,904.31,56,UPI,Delivered,3.6,Suresh
700744,4/6/2025,Jaipur,Food Fiesta,Beverages,Fresh Juice,4,370.47,79.67,29.38,70.11,1501.7,53,Card,Delivered,3.1,Amit
700745,3/31/2026,Gandhinagar,Biryani Express,Pizza,Margherita,1,82.08,24.87,43.52,2.86,103.59,36,Wallet,Delivered,4,Rahul
700746,2/7/2025,Jaipur,Chinese Wok,Dessert,Ice Cream,1,327.98,23.51,38.65,15.22,358.34,54,UPI,Delivered,4.9,Priya
700747,8/30/2025,Vadodara,Biryani Express,Burger,Veg Burger,1,260.45,21.74,20.08,11.94,270.73,33,Cash,Delivered,3.6,Amit
700748,2/7/2026,Vadodara,Spice Hub,Pizza,Farmhouse,2,173.98,5.03,41.58,17.15,401.66,52,UPI,Delivered,3.4,Priya
700749,2/11/2025,Jaipur,Biryani Express,Dessert,Brownie,1,379.71,46.4,50.63,16.67,400.61,38,UPI,Delivered,4.1,Priya
700750,3/11/2025,Surat,Biryani Express,Burger,Paneer Burger,2,113.89,43.71,46.33,9.2,239.6,44,Card,Cancelled,,Rahul
700751,9/22/2025,Rajkot,Pizza Corner,Pizza,Margherita,3,112.77,50.96,32.16,14.37,333.88,30,UPI,Delivered,3.6,Rahul
700752,2/18/2025,Surat,Spice Hub,Beverages,Fresh Juice,3,365.02,48.8,24.36,52.31,1122.93,69,Wallet,Cancelled,,Karan
700753,7/3/2025,Rajkot,Urban Tadka,South Indian,Idli,4,304.62,65.03,45.38,57.67,1256.5,24,Wallet,Cancelled,,Vikas
700754,9/24/2025,Vadodara,Spice Hub,South Indian,Masala Dosa,2,139.8,64.88,22.27,10.74,247.73,33,UPI,Delivered,4.7,Priya
700755,5/23/2026,Rajkot,Spice Hub,North Indian,Dal Makhani,5,348.61,21.49,40.46,86.08,1848.1,37,Wallet,Delivered,3.2,Rahul
700756,12/18/2025,Ahmedabad,Burger House,North Indian,Paneer Butter Masala,1,323.38,42.06,32.75,14.07,328.14,32,Card,Delivered,4.1,Rahul
700757,4/4/2026,Pune,Chinese Wok,Biryani,Hyderabadi Veg,4,230.25,4.53,45.63,45.82,1007.92,36,UPI,Cancelled,,Karan
700758,12/25/2025,Vadodara,Biryani Express,Dessert,Gulab Jamun,1,381.3,6.52,25.22,18.74,418.74,33,Cash,Delivered,3.6,Karan
700759,5/29/2026,Jaipur,Spice Hub,Biryani,Hyderabadi Veg,1,169.17,54.37,54.19,5.74,174.73,15,Card,Delivered,4.7,Priya
700760,2/2/2026,Vadodara,Spice Hub,Dessert,Ice Cream,5,381.5,20.18,55.51,94.37,2037.2,21,Wallet,Delivered,3.7,Ravi
700761,1/14/2026,Surat,Burger House,Chinese,Fried Rice,3,114.43,72.59,24.48,13.54,308.72,34,Card,Delivered,4,Priya
700762,7/17/2025,Ahmedabad,Spice Hub,North Indian,Naan Combo,1,308.52,18.81,26.26,14.49,330.46,15,UPI,Delivered,4.4,Vikas
700763,5/7/2025,Gandhinagar,South Treat,Pizza,Veg Supreme,5,296.65,5.68,28.01,73.88,1579.46,17,UPI,Cancelled,,Amit
700764,4/21/2026,Pune,Chinese Wok,Chinese,Manchurian,3,124.01,71.81,52.3,15.01,367.53,61,UPI,Delivered,3.2,Amit
700765,6/12/2026,Pune,Spice Hub,North Indian,Paneer Butter Masala,2,123.79,64.5,44.17,9.15,236.4,27,Card,Delivered,3.5,Rahul
700766,4/1/2025,Jaipur,Chinese Wok,North Indian,Paneer Butter Masala,1,319.95,10.43,31.93,15.48,356.93,66,UPI,Cancelled,,Vikas
700767,2/21/2025,Mumbai,Chinese Wok,South Indian,Idli,4,80.34,22.91,37.7,14.92,351.07,70,Cash,Delivered,4.3,Amit
700768,11/30/2025,Jaipur,Biryani Express,South Indian,Uttapam,1,312.84,2.01,51.31,15.54,377.68,69,Wallet,Delivered,3.2,Vikas
700769,1/12/2025,Surat,Chinese Wok,Chinese,Fried Rice,2,131.44,1.71,50.23,13.06,324.46,47,Cash,Delivered,4.6,Priya
700770,10/6/2025,Mumbai,South Treat,Biryani,Hyderabadi Veg,5,198.89,50.61,56.16,47.19,1047.19,20,Wallet,Delivered,4.3,Amit
700771,2/23/2026,Vadodara,Biryani Express,South Indian,Idli,4,330.78,8.83,38.13,65.71,1418.13,30,UPI,Delivered,3.5,Rahul
700772,12/4/2025,Pune,Urban Tadka,Dessert,Gulab Jamun,2,372.8,20.17,59.95,36.27,821.65,17,Cash,Cancelled,,Suresh
700773,2/18/2025,Rajkot,Urban Tadka,Biryani,Veg Biryani,2,142.41,39.34,34.94,12.27,292.69,26,Cash,Delivered,3.2,Neha
700774,5/21/2026,Vadodara,Urban Tadka,Pizza,Veg Supreme,5,330.03,61.69,29.44,79.42,1697.32,44,Cash,Delivered,4.9,Karan
700775,1/18/2025,Gandhinagar,Food Fiesta,North Indian,Dal Makhani,1,218.61,77.5,29.7,7.06,177.87,21,Cash,Delivered,3.3,Amit
700776,8/13/2025,Pune,Pizza Corner,Beverages,Fresh Juice,4,147.56,13.69,50.04,28.83,655.42,75,UPI,Delivered,3.1,Priya
700777,5/11/2025,Jaipur,Pizza Corner,Pizza,Veg Supreme,4,252.29,7.48,26.86,50.08,1078.62,51,Card,Delivered,3.3,Amit
700778,5/7/2026,Jaipur,Food Fiesta,Chinese,Noodles,3,137.44,38.21,30.46,18.71,423.28,39,UPI,Delivered,4.3,Priya
700779,8/15/2025,Mumbai,Pizza Corner,Pizza,Veg Supreme,2,194.88,45.35,45.85,17.22,407.48,66,Wallet,Delivered,4.3,Suresh
700780,1/5/2026,Pune,Food Fiesta,Dessert,Brownie,4,279.49,38.72,55.43,53.96,1188.63,55,Cash,Delivered,4.4,Karan
700781,3/16/2025,Surat,Food Fiesta,South Indian,Masala Dosa,1,92.44,42.09,50,2.52,102.87,26,Cash,Delivered,3.8,Ravi
700782,4/28/2025,Ahmedabad,Urban Tadka,Biryani,Paneer Biryani,2,199.01,4.14,36.22,19.69,449.79,41,Card,Delivered,4.3,Rahul
700783,4/16/2026,Pune,Pizza Corner,Dessert,Brownie,2,96.93,67.72,46.07,6.31,178.52,66,Card,Delivered,4.3,Karan
700784,11/30/2025,Rajkot,Spice Hub,Biryani,Hyderabadi Veg,4,106.54,29.21,54.9,19.85,471.7,15,Wallet,Delivered,3.1,Karan
700785,6/19/2026,Mumbai,Urban Tadka,South Indian,Uttapam,3,139.77,44.96,49.11,18.72,442.18,62,Cash,Delivered,4.9,Neha
700786,3/14/2025,Mumbai,Pizza Corner,Burger,Paneer Burger,1,163.84,31.83,36.09,6.6,174.7,56,Wallet,Delivered,3.4,Suresh
700787,6/20/2025,Rajkot,Spice Hub,North Indian,Naan Combo,2,270.27,5.3,21.55,26.76,583.55,66,Card,Delivered,3.3,Priya
700788,3/1/2025,Surat,Biryani Express,Chinese,Noodles,5,397.06,23.1,32.44,98.11,2092.75,52,UPI,Delivered,3.6,Priya
700789,12/25/2025,Pune,South Treat,North Indian,Paneer Butter Masala,2,81.31,1.8,28.13,8.04,196.99,24,Wallet,Delivered,4.9,Amit
700790,5/27/2025,Vadodara,Biryani Express,Burger,Cheese Burger,4,99.95,28.42,29.9,18.57,419.85,58,UPI,Delivered,3.9,Karan
700791,4/23/2026,Surat,Urban Tadka,Dessert,Brownie,4,391.4,21.87,45.17,77.19,1666.09,35,Wallet,Delivered,3.1,Suresh
700792,5/4/2025,Vadodara,South Treat,Burger,Cheese Burger,3,137.31,29.28,34.99,19.13,436.77,70,Cash,Cancelled,,Vikas
700793,12/13/2025,Rajkot,Spice Hub,Chinese,Manchurian,4,88.97,56.32,43.02,14.98,357.56,41,Cash,Delivered,4.1,Priya
700794,6/23/2026,Ahmedabad,Burger House,Pizza,Farmhouse,1,96.92,41.75,50.41,2.76,108.34,19,UPI,Cancelled,,Ravi
700795,11/13/2025,Gandhinagar,Food Fiesta,Pizza,Veg Supreme,5,106.22,65.98,44.18,23.26,532.56,71,Wallet,Delivered,4.4,Vikas
700796,4/27/2026,Surat,South Treat,North Indian,Dal Makhani,4,291.5,6.06,40.66,58,1258.6,33,UPI,Delivered,4.5,Suresh
700797,3/2/2026,Vadodara,Chinese Wok,Pizza,Farmhouse,1,253.39,58.79,34.25,9.73,238.58,56,UPI,Delivered,3.3,Ravi
700798,10/24/2025,Pune,Biryani Express,Beverages,Fresh Juice,2,288.59,40.19,28.7,26.85,592.54,65,UPI,Delivered,3.5,Ravi
700799,3/16/2025,Ahmedabad,Spice Hub,Pizza,Margherita,3,227.79,59.06,37.67,31.22,693.2,25,Card,Delivered,3.4,Neha
700800,7/7/2025,Gandhinagar,Burger House,Chinese,Noodles,3,302.43,18.48,43.68,44.44,976.93,63,Card,Delivered,4.5,Priya
700801,3/16/2025,Gandhinagar,Pizza Corner,Chinese,Manchurian,4,263.99,64.84,35.02,49.56,1075.7,62,UPI,Delivered,3.8,Vikas
700802,10/17/2025,Rajkot,Biryani Express,Beverages,Cold Coffee,1,371.77,58.43,33.1,15.67,362.11,53,Wallet,Delivered,3.5,Ravi
700803,11/24/2025,Gandhinagar,Chinese Wok,Beverages,Lassi,2,391.24,55.27,49.41,36.36,812.98,27,Wallet,Delivered,4.9,Amit
700804,1/29/2025,Gandhinagar,Food Fiesta,Beverages,Fresh Juice,5,204.42,65.22,53.6,47.84,1058.32,28,Card,Delivered,3.4,Priya
700805,3/28/2025,Vadodara,Urban Tadka,Beverages,Lassi,1,354.7,53.94,24.77,15.04,340.57,37,Wallet,Delivered,4,Neha
700806,1/1/2025,Surat,Biryani Express,Dessert,Ice Cream,3,260.96,79.89,37.51,35.15,775.65,54,Cash,Delivered,3.9,Ravi
700807,1/25/2026,Gandhinagar,Burger House,Biryani,Paneer Biryani,3,98.38,46.11,50.1,12.45,311.58,48,Card,Delivered,4.1,Karan
700808,11/1/2025,Gandhinagar,Biryani Express,Biryani,Veg Biryani,5,260.57,16.42,24.54,64.32,1375.29,32,Wallet,Delivered,3.1,Suresh
700809,6/14/2026,Ahmedabad,Pizza Corner,South Indian,Masala Dosa,3,260.43,15.83,48.83,38.27,852.56,64,Wallet,Delivered,3,Suresh
700810,1/8/2026,Mumbai,Pizza Corner,South Indian,Idli,4,349.6,2.83,56.12,69.78,1521.47,24,Card,Delivered,4.2,Suresh
700811,1/10/2026,Gandhinagar,Chinese Wok,Chinese,Manchurian,5,218.72,70.42,27.3,51.16,1101.64,74,UPI,Cancelled,,Karan
700812,2/7/2025,Ahmedabad,Food Fiesta,North Indian,Naan Combo,5,199.23,14.4,35.45,49.09,1066.29,16,Wallet,Cancelled,,Neha
700813,2/21/2025,Gandhinagar,Pizza Corner,Beverages,Cold Coffee,4,381.15,58.8,44.45,73.29,1583.54,32,Wallet,Delivered,4.6,Rahul
700814,2/18/2026,Ahmedabad,Chinese Wok,Pizza,Margherita,1,133.5,6.28,39.54,6.36,173.12,15,Wallet,Delivered,3.3,Neha
700815,1/9/2026,Rajkot,Burger House,South Indian,Masala Dosa,4,380.19,18.79,53.4,75.1,1630.47,68,UPI,Delivered,4.1,Rahul
700816,6/20/2026,Jaipur,Biryani Express,Dessert,Ice Cream,4,177.77,15.38,21.83,34.79,752.32,70,Cash,Cancelled,,Neha
700817,9/5/2025,Rajkot,Burger House,North Indian,Dal Makhani,5,282.43,12.11,29.1,70,1499.14,68,UPI,Delivered,4.3,Neha
700818,2/20/2025,Surat,Burger House,Biryani,Veg Biryani,4,285.32,43.98,32.72,54.87,1184.89,65,Wallet,Cancelled,,Priya
700819,9/18/2025,Jaipur,Burger House,Chinese,Manchurian,4,396.3,63.92,58.07,76.06,1655.41,62,Cash,Delivered,3.5,Neha
700820,11/24/2025,Rajkot,Urban Tadka,Beverages,Cold Coffee,4,225.98,62.73,59.45,42.06,942.7,56,UPI,Delivered,4.2,Amit
700821,3/13/2026,Rajkot,Pizza Corner,South Indian,Idli,4,291.4,68.58,39.95,54.85,1191.82,25,Wallet,Delivered,3.3,Priya
700822,12/20/2025,Ahmedabad,Burger House,Biryani,Paneer Biryani,3,326.92,38.9,36.87,47.09,1025.82,41,Wallet,Delivered,3.4,Vikas
700823,5/20/2025,Pune,Chinese Wok,South Indian,Uttapam,2,367.35,32.96,56.48,35.09,793.31,28,Cash,Cancelled,,Neha
700824,1/30/2025,Jaipur,Pizza Corner,Burger,Veg Burger,5,356.95,13.06,41.58,88.58,1901.85,70,UPI,Delivered,3.7,Karan
700825,7/28/2025,Rajkot,South Treat,Beverages,Lassi,5,314.19,79.85,35.27,74.56,1600.93,24,UPI,Cancelled,,Karan
700826,6/30/2025,Surat,South Treat,Burger,Paneer Burger,5,239.31,29.01,40.64,58.38,1266.56,39,Cash,Delivered,4.6,Rahul
700827,12/2/2025,Mumbai,South Treat,Beverages,Lassi,1,258.49,26.42,52.59,11.6,296.26,24,UPI,Delivered,3.4,Suresh
700828,6/9/2025,Vadodara,South Treat,Dessert,Gulab Jamun,4,321.51,6.61,22.2,63.97,1365.6,74,Wallet,Delivered,3.4,Vikas
700829,12/22/2025,Surat,Pizza Corner,Chinese,Manchurian,3,239.47,14.84,23.9,35.18,762.65,44,UPI,Cancelled,,Ravi
700830,12/11/2025,Gandhinagar,Burger House,Pizza,Margherita,5,197.45,41.88,20.89,47.27,1013.53,53,Card,Cancelled,,Vikas
700831,8/5/2025,Mumbai,Chinese Wok,Biryani,Hyderabadi Veg,5,302.71,69.11,52.14,72.22,1568.8,46,Card,Cancelled,,Priya
700832,3/12/2026,Gandhinagar,Biryani Express,Burger,Veg Burger,1,121.55,67.17,48.28,2.72,105.38,41,Cash,Delivered,3.1,Vikas
700833,5/7/2025,Jaipur,Food Fiesta,South Indian,Idli,1,97.4,3.13,34.43,4.71,133.41,40,UPI,Delivered,4.6,Priya
700834,2/11/2026,Ahmedabad,Biryani Express,Dessert,Ice Cream,3,368.73,4.4,29.91,55.09,1186.79,20,Card,Delivered,4.7,Rahul
700835,4/6/2026,Pune,Burger House,Chinese,Manchurian,2,234.57,64.59,59.1,20.23,483.88,51,Card,Delivered,3.7,Neha
700836,9/17/2025,Ahmedabad,Burger House,Beverages,Fresh Juice,1,200.89,41.55,38.06,7.97,205.37,35,UPI,Delivered,5,Suresh
700837,1/23/2025,Gandhinagar,Pizza Corner,Chinese,Manchurian,5,309.42,41.21,46.27,75.29,1627.45,48,Card,Delivered,3.1,Priya
700838,11/13/2025,Jaipur,Biryani Express,Dessert,Ice Cream,5,323.14,75.36,57.78,77.02,1675.14,22,Cash,Delivered,4.6,Neha
700839,3/20/2025,Jaipur,Burger House,South Indian,Masala Dosa,4,362.02,30.06,23.11,70.9,1512.03,53,Wallet,Cancelled,,Ravi
700840,2/11/2026,Gandhinagar,South Treat,Burger,Paneer Burger,3,207.35,65.16,39.37,27.84,624.1,16,Cash,Delivered,4.6,Vikas
700841,2/26/2026,Mumbai,Burger House,Chinese,Fried Rice,5,194.58,75.98,59.07,44.85,1000.84,45,Wallet,Cancelled,,Ravi
700842,5/5/2025,Ahmedabad,South Treat,Chinese,Noodles,3,259.21,8.48,54,38.46,861.61,19,Card,Delivered,4.5,Suresh
700843,4/6/2025,Gandhinagar,Pizza Corner,Beverages,Fresh Juice,4,305.9,38.32,31.35,59.26,1275.89,33,Card,Delivered,3.8,Neha
700844,2/21/2025,Jaipur,South Treat,Dessert,Gulab Jamun,2,320.86,12.44,44.12,31.46,704.86,34,UPI,Cancelled,,Amit
700845,1/2/2026,Rajkot,Urban Tadka,Biryani,Hyderabadi Veg,2,246.85,72.67,20.59,21.05,462.67,37,Wallet,Delivered,4.1,Amit
700846,1/4/2026,Surat,Spice Hub,Chinese,Fried Rice,2,197.56,61.04,43.93,16.7,394.71,55,Cash,Delivered,3.7,Karan
700847,3/18/2026,Gandhinagar,Spice Hub,Dessert,Gulab Jamun,2,111.56,8.02,36.31,10.76,262.17,59,UPI,Delivered,4.2,Amit
700848,2/15/2026,Pune,Burger House,Beverages,Lassi,5,204.22,10.42,22.38,50.53,1083.59,44,Cash,Delivered,4.2,Karan
700849,10/9/2025,Vadodara,Biryani Express,Beverages,Lassi,5,262.13,22.32,55.45,64.42,1408.2,27,UPI,Delivered,3.4,Ravi
700850,5/5/2025,Gandhinagar,Food Fiesta,South Indian,Idli,1,394.38,45.09,22.78,17.46,389.53,45,Wallet,Cancelled,,Vikas
700851,2/26/2025,Jaipur,Food Fiesta,Chinese,Manchurian,4,94.99,51.63,42.49,16.42,387.24,19,UPI,Delivered,3.5,Priya
700852,2/16/2026,Ahmedabad,South Treat,Biryani,Paneer Biryani,5,231.16,62.9,33.61,54.64,1181.15,68,Wallet,Cancelled,,Rahul
700853,1/13/2026,Pune,Burger House,Chinese,Fried Rice,3,316.9,50.41,44.17,45.01,989.47,61,Wallet,Delivered,3.7,Ravi
700854,3/15/2026,Jaipur,Urban Tadka,Chinese,Fried Rice,4,282.53,19.13,33.86,55.55,1200.4,18,Cash,Delivered,3.6,Vikas
700855,4/21/2026,Surat,Urban Tadka,Beverages,Lassi,1,108.71,33.46,29.19,3.76,108.2,70,UPI,Delivered,3.3,Amit
700856,1/12/2026,Gandhinagar,Chinese Wok,Chinese,Manchurian,3,287.6,68.16,43.7,39.73,878.07,51,Cash,Delivered,4.5,Priya
700857,1/27/2026,Rajkot,Pizza Corner,Beverages,Lassi,3,392.92,76.4,55.41,55.12,1212.89,33,Wallet,Cancelled,,Rahul
700858,1/13/2026,Surat,Biryani Express,South Indian,Idli,4,188.88,15.8,27.8,36.99,804.51,26,Cash,Cancelled,,Neha
700859,2/25/2026,Rajkot,Chinese Wok,Beverages,Fresh Juice,5,298.33,22.24,47.93,73.47,1590.81,30,Cash,Delivered,3.7,Neha
700860,6/16/2026,Jaipur,Pizza Corner,Dessert,Gulab Jamun,3,287.05,71.45,59.39,39.49,888.58,65,Wallet,Delivered,3.2,Priya
700861,5/1/2026,Pune,Spice Hub,Pizza,Farmhouse,1,360.68,41.01,20.65,15.98,356.3,47,Cash,Delivered,4.8,Amit
700862,7/20/2025,Jaipur,Burger House,Burger,Veg Burger,2,163.48,26.52,26.08,15.02,341.54,70,UPI,Cancelled,,Vikas
700863,6/20/2025,Surat,Urban Tadka,Beverages,Lassi,4,292.68,43.4,51.47,56.37,1235.16,16,Cash,Delivered,3.4,Rahul
700864,11/5/2025,Gandhinagar,Pizza Corner,Burger,Veg Burger,3,170.67,9.36,52.02,25.13,579.8,54,Wallet,Cancelled,,Amit
700865,2/4/2026,Pune,Chinese Wok,Beverages,Fresh Juice,3,216.92,61.92,20.11,29.44,638.39,17,Wallet,Cancelled,,Vikas
700866,8/5/2025,Mumbai,Spice Hub,Burger,Paneer Burger,2,255.07,0.94,31.37,25.46,566.03,26,Wallet,Delivered,4.2,Karan
700867,4/16/2026,Gandhinagar,Food Fiesta,Beverages,Fresh Juice,2,372.53,71.86,20.55,33.66,727.41,20,Cash,Delivered,4,Priya
700868,1/27/2025,Vadodara,Chinese Wok,Pizza,Margherita,4,274.32,2.06,26.67,54.76,1176.65,54,Card,Cancelled,,Neha
700869,4/5/2025,Ahmedabad,Burger House,Burger,Veg Burger,1,171.72,15.33,26.3,7.82,190.51,38,Cash,Delivered,4,Neha
700870,9/29/2025,Ahmedabad,Spice Hub,Pizza,Veg Supreme,3,160.28,22.91,20.76,22.9,501.59,67,UPI,Cancelled,,Neha
700871,10/28/2025,Pune,Pizza Corner,North Indian,Naan Combo,4,300.23,47.03,51.21,57.69,1262.79,65,Cash,Delivered,3.3,Suresh
700872,5/26/2025,Pune,Pizza Corner,North Indian,Naan Combo,4,93.45,51.72,20.24,16.1,358.42,49,UPI,Cancelled,,Neha
700873,6/13/2026,Surat,Urban Tadka,South Indian,Masala Dosa,3,95.86,53.64,29.86,11.7,275.5,30,Card,Delivered,3.5,Suresh
700874,9/8/2025,Mumbai,Spice Hub,Biryani,Hyderabadi Veg,1,254.41,42.59,39.93,10.59,262.34,21,Wallet,Delivered,4.9,Priya
700875,4/8/2025,Rajkot,Biryani Express,Beverages,Cold Coffee,2,397.32,72.06,47.46,36.13,806.17,60,Cash,Cancelled,,Suresh
700876,11/19/2025,Jaipur,Biryani Express,Chinese,Fried Rice,4,353.79,60.03,42.43,67.76,1465.32,74,UPI,Delivered,4.5,Suresh
700877,11/28/2025,Surat,Food Fiesta,Beverages,Lassi,5,220.5,14.9,29.75,54.38,1171.73,45,UPI,Delivered,4.9,Amit
700878,2/6/2026,Ahmedabad,Urban Tadka,Burger,Paneer Burger,4,198.68,43.05,53.83,37.58,843.08,34,Cash,Cancelled,,Priya
700879,6/27/2025,Mumbai,South Treat,South Indian,Uttapam,4,352.88,57.71,26.83,67.69,1448.33,24,UPI,Delivered,3.1,Ravi
700880,7/18/2025,Ahmedabad,South Treat,Pizza,Farmhouse,3,340.11,28.43,54.15,49.6,1095.65,62,UPI,Delivered,3.2,Rahul
700881,7/14/2025,Pune,Chinese Wok,Burger,Paneer Burger,5,98.51,11.93,55.52,24.03,560.17,22,Wallet,Cancelled,,Neha
700882,6/7/2026,Surat,Pizza Corner,Burger,Paneer Burger,4,360.23,46.21,44.7,69.74,1509.15,70,UPI,Delivered,4.4,Ravi
700883,3/2/2025,Ahmedabad,Spice Hub,Dessert,Gulab Jamun,5,370.8,24.88,58.36,91.46,1978.94,43,UPI,Delivered,4.5,Neha
700884,5/2/2026,Jaipur,Urban Tadka,Pizza,Margherita,5,330.08,24.42,49.66,81.3,1756.94,64,Card,Delivered,4.8,Ravi
700885,5/9/2025,Pune,Spice Hub,South Indian,Uttapam,2,324.22,9.56,40.08,31.94,710.9,52,UPI,Cancelled,,Suresh
700886,10/28/2025,Vadodara,Spice Hub,Beverages,Fresh Juice,1,295.28,67.53,59.18,11.39,298.32,38,Cash,Delivered,4.5,Rahul
700887,1/25/2025,Jaipur,Pizza Corner,North Indian,Paneer Butter Masala,5,377.03,16.67,29.51,93.42,1991.41,22,UPI,Delivered,5,Priya
700888,3/4/2025,Jaipur,Urban Tadka,Pizza,Margherita,1,322.08,36.29,36.93,14.29,337.01,47,Cash,Delivered,3.2,Priya
700889,5/2/2026,Jaipur,Biryani Express,Chinese,Fried Rice,3,373.4,63.91,36.04,52.81,1145.14,23,Wallet,Delivered,4.6,Priya
700890,3/4/2025,Mumbai,Biryani Express,North Indian,Paneer Butter Masala,3,149.79,56.62,32.07,19.64,444.46,44,Card,Delivered,3,Priya
700891,2/8/2025,Surat,South Treat,North Indian,Dal Makhani,2,161.82,65.2,37.67,12.92,309.03,25,UPI,Cancelled,,Suresh
700892,5/26/2025,Ahmedabad,Biryani Express,South Indian,Masala Dosa,5,102.77,49.57,27.07,23.21,514.56,17,UPI,Delivered,3.6,Rahul
700893,6/2/2025,Gandhinagar,Burger House,South Indian,Uttapam,4,152.5,36.93,47.27,28.65,648.99,37,Wallet,Delivered,3.7,Neha
700894,3/13/2026,Pune,Food Fiesta,Biryani,Veg Biryani,1,258.02,66.69,51.74,9.57,252.64,41,Wallet,Delivered,3.4,Neha
700895,3/28/2026,Gandhinagar,Burger House,Dessert,Gulab Jamun,1,92.31,14.74,20.36,3.88,101.81,32,Wallet,Cancelled,,Karan
700896,6/7/2025,Ahmedabad,Biryani Express,Burger,Paneer Burger,5,265.59,35.82,23.95,64.61,1380.69,20,UPI,Cancelled,,Neha
700897,1/9/2026,Surat,Pizza Corner,Burger,Veg Burger,1,336.74,36.45,48.67,15.01,363.97,32,Wallet,Delivered,3.3,Karan
700898,1/2/2025,Jaipur,Chinese Wok,Pizza,Margherita,1,340.34,19.29,23.14,16.05,360.24,39,Card,Delivered,4.7,Rahul
700899,4/23/2025,Jaipur,Biryani Express,Beverages,Lassi,4,275.62,72.42,57.31,51.5,1138.87,28,UPI,Delivered,4.7,Karan
700900,5/5/2025,Ahmedabad,South Treat,North Indian,Naan Combo,4,324.55,72.34,44.08,61.29,1331.23,29,Wallet,Delivered,4.8,Suresh
700901,5/14/2025,Vadodara,South Treat,South Indian,Uttapam,2,118.45,14.88,25.99,11.1,259.11,25,Wallet,Cancelled,,Ravi
700902,10/1/2025,Ahmedabad,Biryani Express,Dessert,Ice Cream,4,225.14,77.84,20.98,41.14,884.84,21,Card,Delivered,4.6,Vikas
700903,7/28/2025,Pune,Burger House,Beverages,Lassi,5,126.48,31.21,31.29,30.06,662.54,38,Cash,Delivered,4.4,Suresh
700904,5/5/2025,Mumbai,South Treat,Pizza,Farmhouse,5,118.55,79.53,49.69,25.66,588.57,58,Cash,Delivered,4.2,Rahul
700905,8/17/2025,Pune,Biryani Express,Beverages,Lassi,2,151.58,69.58,38.32,11.68,283.58,27,Cash,Cancelled,,Suresh
700906,6/23/2026,Mumbai,Urban Tadka,Pizza,Farmhouse,1,270.75,21.52,52.34,12.46,314.03,46,Cash,Delivered,4.6,Neha
700907,2/21/2026,Jaipur,Chinese Wok,Burger,Veg Burger,4,356.35,25.02,45.56,70.02,1515.96,41,Wallet,Delivered,3.4,Neha
700908,11/25/2025,Rajkot,Biryani Express,North Indian,Naan Combo,3,302.03,67.97,37.06,41.91,917.09,16,Wallet,Delivered,3.6,Suresh
700909,6/24/2025,Gandhinagar,Spice Hub,South Indian,Idli,1,126.22,48.8,48.12,3.87,129.41,33,Cash,Delivered,3.8,Suresh
700910,4/7/2026,Gandhinagar,Pizza Corner,Dessert,Brownie,4,82.99,79.92,39.21,12.6,303.85,22,UPI,Delivered,4.8,Amit
700911,1/10/2025,Rajkot,Pizza Corner,Dessert,Brownie,4,315.29,77.38,58.72,59.19,1301.69,74,UPI,Delivered,3.3,Ravi
700912,7/31/2025,Surat,Spice Hub,Burger,Cheese Burger,4,204.25,69.98,23.16,37.35,807.53,36,Cash,Delivered,3.5,Priya
700913,1/28/2025,Mumbai,Spice Hub,Burger,Cheese Burger,5,192.93,26.05,30.48,46.93,1016.01,41,UPI,Cancelled,,Amit
700914,9/29/2025,Jaipur,Pizza Corner,South Indian,Masala Dosa,1,292.84,48.69,33.18,12.21,289.54,28,Wallet,Delivered,3.8,Suresh
700915,12/9/2025,Ahmedabad,Spice Hub,Dessert,Brownie,1,221.23,71.83,36.09,7.47,192.96,63,UPI,Cancelled,,Karan
700916,1/24/2025,Gandhinagar,Urban Tadka,Dessert,Brownie,1,224.75,1.42,46.48,11.17,280.98,66,Cash,Delivered,3.5,Vikas
700917,1/8/2026,Vadodara,Pizza Corner,Pizza,Veg Supreme,3,140.03,41.41,36.95,18.93,434.56,30,Cash,Delivered,4.5,Neha
700918,6/25/2025,Vadodara,Burger House,South Indian,Uttapam,4,307.72,43.43,43.58,59.37,1290.4,29,UPI,Delivered,4.9,Ravi
700919,4/11/2026,Mumbai,Burger House,Biryani,Veg Biryani,5,231.05,3.24,25.86,57.6,1235.47,41,Cash,Delivered,3.6,Neha
700920,5/6/2025,Vadodara,Biryani Express,Dessert,Gulab Jamun,5,181.16,26.67,59.67,43.96,982.76,60,Cash,Delivered,4.3,Vikas
700921,1/25/2025,Pune,Pizza Corner,Dessert,Brownie,4,235.76,11.45,54.72,46.58,1032.89,39,Card,Delivered,3.8,Suresh
700922,7/19/2025,Jaipur,Urban Tadka,Pizza,Farmhouse,3,130.89,59.61,30.19,16.65,379.9,25,UPI,Delivered,3.4,Neha
700923,1/5/2025,Rajkot,Biryani Express,Pizza,Margherita,3,192.72,22.11,39.82,27.8,623.67,25,Wallet,Delivered,3.2,Neha
700924,4/22/2025,Jaipur,Food Fiesta,North Indian,Naan Combo,2,224.93,49.22,54.4,20.03,475.07,59,Card,Delivered,3.3,Karan
700925,11/3/2025,Surat,Biryani Express,Dessert,Gulab Jamun,4,367.63,34.34,51.97,71.81,1559.96,73,Cash,Delivered,3.7,Priya
700926,4/14/2025,Surat,Biryani Express,Burger,Veg Burger,3,387.55,42.83,58.69,55.99,1234.5,47,Card,Delivered,4.8,Karan
700927,9/6/2025,Rajkot,Burger House,Beverages,Cold Coffee,1,169.19,60.22,23.95,5.45,138.37,57,Cash,Delivered,3.9,Vikas
700928,6/18/2026,Surat,Food Fiesta,Burger,Veg Burger,1,179.3,36.17,28.78,7.16,179.07,73,UPI,Delivered,4.6,Vikas
700929,4/3/2026,Ahmedabad,Urban Tadka,Biryani,Paneer Biryani,1,163.05,39.13,30.15,6.2,160.27,74,Wallet,Cancelled,,Rahul
700930,7/24/2025,Jaipur,Chinese Wok,Biryani,Veg Biryani,5,253.02,27.47,48.57,61.88,1348.08,19,Wallet,Delivered,4.3,Vikas
700931,6/22/2025,Vadodara,Pizza Corner,Dessert,Ice Cream,2,122.84,26.08,39.72,10.98,270.3,63,UPI,Delivered,4.3,Neha
700932,1/1/2025,Pune,Biryani Express,Burger,Veg Burger,5,166.01,42.98,42.49,39.35,868.91,71,Wallet,Delivered,3.3,Karan
700933,5/2/2026,Ahmedabad,South Treat,South Indian,Idli,2,246.24,29.91,49.34,23.13,535.04,69,Cash,Delivered,3.4,Amit
700934,2/9/2025,Ahmedabad,Burger House,Beverages,Fresh Juice,3,136.77,22.65,24.31,19.38,431.35,45,Wallet,Delivered,3.9,Neha
700935,11/14/2025,Jaipur,Spice Hub,Biryani,Paneer Biryani,4,347.5,26.19,33.95,68.19,1465.95,72,Cash,Delivered,3.5,Suresh
700936,11/13/2025,Jaipur,Pizza Corner,Beverages,Fresh Juice,3,324.94,43.02,55.49,46.59,1033.88,49,Cash,Cancelled,,Karan
700937,1/27/2026,Rajkot,Food Fiesta,Beverages,Cold Coffee,2,113.11,11.54,27.01,10.73,252.42,57,Wallet,Delivered,3.9,Vikas
700938,6/25/2025,Jaipur,Chinese Wok,Beverages,Cold Coffee,2,94.71,39.45,28.01,7.5,185.48,44,Wallet,Cancelled,,Amit
700939,3/23/2026,Mumbai,Urban Tadka,Dessert,Brownie,2,337.7,75.71,30.27,29.98,659.94,25,UPI,Delivered,3.1,Amit
700940,1/11/2026,Jaipur,Burger House,South Indian,Masala Dosa,3,248.96,70.9,20.02,33.8,729.8,59,Card,Delivered,4,Neha
700941,4/12/2026,Mumbai,Urban Tadka,South Indian,Idli,4,376.03,36.77,51.73,73.37,1592.45,46,Cash,Delivered,3.8,Ravi
700942,1/22/2025,Ahmedabad,Pizza Corner,Burger,Cheese Burger,3,158.12,29.95,31.33,22.22,497.96,32,Card,Delivered,4.4,Amit
700943,1/8/2026,Surat,Biryani Express,Dessert,Brownie,4,131,34.77,41.61,24.46,555.3,17,Card,Cancelled,,Vikas
700944,2/10/2026,Mumbai,Spice Hub,Burger,Veg Burger,3,350.42,62.64,24.62,49.43,1062.67,62,Card,Delivered,3.6,Priya
700945,2/25/2026,Gandhinagar,South Treat,Pizza,Margherita,5,304.11,49.73,28.07,73.54,1572.43,22,UPI,Delivered,4.1,Priya
700946,1/14/2025,Vadodara,Urban Tadka,Chinese,Noodles,2,353.91,72.38,38.6,31.77,705.81,43,Wallet,Cancelled,,Amit
700947,4/19/2025,Mumbai,Spice Hub,North Indian,Paneer Butter Masala,4,288.75,44.8,43.73,55.51,1209.44,27,UPI,Delivered,3.3,Suresh
700948,2/13/2026,Surat,Chinese Wok,Burger,Paneer Burger,4,155.62,39.42,30.58,29.15,642.79,44,UPI,Delivered,4.6,Rahul
700949,8/9/2025,Pune,Urban Tadka,Pizza,Veg Supreme,4,100.02,9.46,47.72,19.53,457.87,22,Card,Delivered,4.5,Ravi
700950,1/13/2025,Ahmedabad,Urban Tadka,Pizza,Margherita,4,112.4,26.58,29.32,21.15,473.49,15,UPI,Cancelled,,Vikas
700951,3/20/2025,Rajkot,Chinese Wok,Burger,Veg Burger,4,304.3,41.14,48.53,58.8,1283.39,75,Wallet,Delivered,4.7,Ravi
700952,12/7/2025,Jaipur,Spice Hub,Biryani,Hyderabadi Veg,2,264.75,33.31,36.45,24.81,557.45,75,UPI,Delivered,3.7,Rahul
700953,10/11/2025,Gandhinagar,Chinese Wok,Chinese,Noodles,5,101.15,29.13,31.23,23.83,531.68,63,UPI,Delivered,4.6,Rahul
700954,2/21/2026,Jaipur,Pizza Corner,Biryani,Hyderabadi Veg,4,110.97,2.31,54.35,22.08,518,59,UPI,Delivered,4.3,Suresh
700955,3/13/2026,Pune,Pizza Corner,Dessert,Ice Cream,3,140.66,0.08,34.43,21.1,477.43,71,Wallet,Delivered,3.2,Ravi
700956,9/30/2025,Ahmedabad,Biryani Express,Dessert,Ice Cream,5,105.5,19.11,59.18,25.42,592.99,41,Card,Delivered,4,Karan
700957,2/21/2025,Rajkot,Urban Tadka,Chinese,Noodles,4,326.25,18.13,39.81,64.34,1391.02,52,UPI,Delivered,4.9,Amit
700958,2/3/2025,Jaipur,Burger House,Chinese,Fried Rice,1,210.83,61.63,43.45,7.46,200.11,55,Cash,Delivered,4,Amit
700959,8/26/2025,Surat,Spice Hub,North Indian,Dal Makhani,4,326.57,8.83,30.54,64.87,1392.86,61,Cash,Delivered,3.3,Neha
700960,1/13/2025,Gandhinagar,South Treat,Dessert,Gulab Jamun,4,301.5,0.33,28.92,60.28,1294.87,71,Card,Delivered,4.9,Priya
700961,6/29/2025,Pune,Spice Hub,Dessert,Brownie,1,178.08,36.4,34.94,7.08,183.7,61,Wallet,Delivered,4.4,Suresh
700962,9/3/2025,Pune,Chinese Wok,Dessert,Brownie,2,324.13,34.24,47.95,30.7,692.67,72,UPI,Delivered,3.3,Rahul
700963,5/20/2026,Surat,South Treat,Dessert,Ice Cream,5,103.15,12.07,27.02,25.18,555.88,73,UPI,Delivered,3.9,Ravi
700964,4/26/2026,Rajkot,Biryani Express,Beverages,Lassi,1,365.24,14.84,45.01,17.52,412.93,34,Cash,Delivered,3.7,Priya
700965,8/14/2025,Gandhinagar,Pizza Corner,Dessert,Brownie,3,301.98,28.63,34.9,43.87,956.08,60,UPI,Delivered,3.8,Ravi
700966,5/4/2026,Rajkot,Spice Hub,Beverages,Lassi,3,271.78,51.06,33.82,38.21,836.31,50,UPI,Delivered,4.1,Neha
700967,1/13/2025,Jaipur,South Treat,North Indian,Naan Combo,5,248.86,27.15,48.9,60.86,1326.91,61,Wallet,Delivered,4.1,Suresh
700968,5/17/2025,Rajkot,Food Fiesta,Biryani,Veg Biryani,1,156.28,46,53.97,5.51,169.76,40,UPI,Delivered,3.3,Suresh
700969,12/16/2025,Jaipur,Urban Tadka,Pizza,Farmhouse,1,309.92,50.68,29.74,12.96,301.94,60,Card,Delivered,4.5,Karan
700970,4/23/2025,Pune,Chinese Wok,Burger,Cheese Burger,3,262.07,66.61,44.58,35.98,800.16,64,Card,Delivered,3.2,Karan
700971,5/26/2025,Jaipur,Pizza Corner,Burger,Paneer Burger,5,187.42,52.8,24.25,44.22,952.77,44,Wallet,Delivered,3.1,Rahul
700972,9/19/2025,Rajkot,Chinese Wok,Beverages,Fresh Juice,1,357.83,70.5,37.7,14.37,339.4,43,Card,Delivered,3.4,Amit
700973,1/18/2026,Rajkot,Burger House,South Indian,Idli,1,381.96,20.93,21.45,18.05,400.53,63,Card,Cancelled,,Vikas
700974,11/28/2025,Mumbai,Urban Tadka,Pizza,Veg Supreme,1,247.9,53.82,42,9.7,245.78,19,Card,Delivered,3.7,Neha
700975,4/18/2025,Rajkot,Food Fiesta,Chinese,Manchurian,2,273.02,23.74,43.06,26.11,591.47,40,Card,Cancelled,,Rahul
700976,11/18/2025,Pune,South Treat,Beverages,Lassi,3,220.77,68.73,31.92,29.68,655.18,64,UPI,Delivered,4.1,Neha
700977,2/28/2025,Ahmedabad,Food Fiesta,Beverages,Cold Coffee,4,132.97,33.45,47.09,24.92,570.44,61,UPI,Delivered,4.8,Karan
700978,3/25/2025,Jaipur,Chinese Wok,South Indian,Idli,2,235.35,2.23,41.39,23.42,533.28,67,UPI,Delivered,3.1,Suresh
700979,2/23/2025,Surat,Pizza Corner,South Indian,Idli,1,348.49,0.92,36.71,17.38,401.66,68,Cash,Delivered,4.3,Suresh
700980,5/17/2025,Gandhinagar,South Treat,Pizza,Veg Supreme,3,253.07,65.42,38.28,34.69,766.76,66,UPI,Delivered,4.1,Neha
700981,9/18/2025,Gandhinagar,South Treat,Dessert,Ice Cream,1,263.39,76.44,41.45,9.35,237.75,60,Wallet,Delivered,4.9,Neha
700982,10/10/2025,Vadodara,Pizza Corner,Beverages,Lassi,1,158.72,75.94,23.72,4.14,110.64,56,Wallet,Delivered,3.3,Priya
700983,5/2/2026,Vadodara,Biryani Express,Chinese,Noodles,4,88.36,53.51,34.67,15,349.6,44,Card,Delivered,3.8,Vikas
700984,4/21/2026,Pune,Pizza Corner,North Indian,Paneer Butter Masala,1,157.02,60.19,33.36,4.84,135.03,75,Card,Delivered,4.1,Rahul
700985,5/14/2025,Gandhinagar,South Treat,North Indian,Paneer Butter Masala,1,377.13,5.21,29.17,18.6,419.69,24,Wallet,Cancelled,,Ravi
700986,10/25/2025,Ahmedabad,Pizza Corner,South Indian,Idli,3,134.28,41.13,21.18,18.09,400.98,73,Cash,Delivered,3.6,Karan
700987,4/19/2025,Vadodara,Chinese Wok,Dessert,Brownie,5,225.77,10.06,41.19,55.94,1215.92,45,Wallet,Delivered,3.1,Priya
700988,2/13/2026,Rajkot,Pizza Corner,Chinese,Noodles,2,342.12,75.38,32.93,30.44,672.23,19,UPI,Cancelled,,Suresh
700989,1/16/2026,Jaipur,Urban Tadka,Chinese,Fried Rice,4,291.7,77.24,29.04,54.48,1173.08,62,UPI,Cancelled,,Amit
700990,4/11/2025,Ahmedabad,Spice Hub,Chinese,Noodles,1,395.59,3.57,59.97,19.6,471.59,28,Wallet,Delivered,4.2,Ravi
700991,4/26/2025,Ahmedabad,Burger House,Dessert,Ice Cream,1,259.59,21.39,37.42,11.91,287.53,36,UPI,Delivered,3,Amit
700992,9/24/2025,Rajkot,Food Fiesta,Pizza,Margherita,2,265.76,5.97,42.33,26.28,594.16,49,Cash,Delivered,3.6,Ravi
700993,7/24/2025,Surat,Chinese Wok,Burger,Paneer Burger,1,342.66,26.32,45.99,15.82,378.15,55,Wallet,Delivered,3.9,Karan
700994,11/26/2025,Mumbai,Food Fiesta,Pizza,Margherita,2,192.83,61.34,37.21,16.22,377.75,66,Cash,Delivered,3.5,Rahul
700995,4/8/2025,Mumbai,Food Fiesta,Beverages,Fresh Juice,5,154.02,56.82,36.99,35.66,785.93,65,UPI,Delivered,3.8,Vikas
700996,6/29/2025,Ahmedabad,Pizza Corner,Pizza,Farmhouse,5,339.96,28.05,30.07,83.59,1785.41,25,Cash,Delivered,4.3,Ravi
700997,9/8/2025,Gandhinagar,Chinese Wok,Chinese,Fried Rice,1,262.91,79.21,47.88,9.19,240.77,45,Wallet,Cancelled,,Amit
700998,4/8/2026,Rajkot,South Treat,Chinese,Noodles,2,323.2,37.9,50.64,30.43,689.57,54,UPI,Delivered,3.1,Vikas
700999,3/29/2026,Pune,Spice Hub,Pizza,Margherita,3,363.8,18.42,46.24,53.65,1172.87,68,Cash,Delivered,3.7,Vikas
701000,12/1/2025,Jaipur,Biryani Express,South Indian,Uttapam,1,202.08,32.48,58.75,8.48,236.83,71,Card,Delivered,4,Ravi
701001,2/17/2025,Gandhinagar,Urban Tadka,Biryani,Hyderabadi Veg,2,314.77,43.21,56.07,29.32,671.72,45,Card,Delivered,4.7,Amit
701002,3/23/2025,Pune,Spice Hub,Chinese,Manchurian,3,394.54,62.35,27.77,56.06,1205.1,15,Cash,Cancelled,,Rahul
701003,9/26/2025,Rajkot,South Treat,Pizza,Farmhouse,3,117.01,16.65,59.09,16.72,410.19,75,Wallet,Cancelled,,Vikas
701004,9/16/2025,Ahmedabad,Pizza Corner,Pizza,Margherita,5,141.2,34.31,26.41,33.58,731.68,40,Cash,Delivered,4.7,Vikas
701005,7/5/2025,Vadodara,Chinese Wok,Chinese,Fried Rice,1,164.37,37.83,49.68,6.33,182.55,67,Card,Cancelled,,Priya
701006,5/13/2026,Rajkot,Pizza Corner,Beverages,Lassi,2,187.58,61.14,51.37,15.7,381.09,66,Card,Delivered,4.2,Vikas
701007,1/7/2026,Mumbai,Food Fiesta,Chinese,Manchurian,2,196.16,64.6,40.85,16.39,384.96,60,Wallet,Delivered,4.5,Amit
701008,1/29/2026,Ahmedabad,Pizza Corner,North Indian,Paneer Butter Masala,3,195.05,43.02,48.86,27.11,618.1,59,Wallet,Delivered,4,Amit
701009,11/6/2025,Mumbai,Urban Tadka,Pizza,Margherita,4,211.48,39.87,44.37,40.3,890.72,74,Card,Cancelled,,Rahul
701010,6/3/2025,Vadodara,Urban Tadka,Biryani,Hyderabadi Veg,2,353.52,43.49,45.28,33.18,742.01,51,Cash,Cancelled,,Rahul
701011,7/6/2025,Jaipur,Chinese Wok,Burger,Cheese Burger,3,159.22,37.76,54.48,22,516.38,19,UPI,Cancelled,,Priya
701012,6/14/2025,Surat,Spice Hub,South Indian,Uttapam,1,118.77,24.44,33.71,4.72,132.76,26,Card,Delivered,4.4,Priya
701013,3/16/2026,Jaipur,Food Fiesta,South Indian,Idli,3,322.38,22.97,44.07,47.21,1035.45,65,Card,Cancelled,,Neha
701014,9/12/2025,Surat,Burger House,South Indian,Idli,5,158.59,63.1,40.42,36.49,806.76,65,Cash,Delivered,3.8,Rahul
701015,2/26/2025,Gandhinagar,South Treat,Pizza,Farmhouse,4,181.94,20.91,43.5,35.34,785.69,40,UPI,Delivered,4.4,Rahul
701016,2/1/2025,Ahmedabad,Urban Tadka,North Indian,Naan Combo,3,299.47,2.22,58.43,44.81,999.43,48,Wallet,Delivered,4.4,Priya
701017,8/20/2025,Mumbai,Food Fiesta,North Indian,Paneer Butter Masala,2,397.42,37.43,20.7,37.87,815.98,73,UPI,Delivered,4.4,Karan
701018,1/10/2025,Vadodara,Spice Hub,Dessert,Ice Cream,2,189.78,68.8,27,15.54,353.3,59,UPI,Delivered,3.5,Suresh
701019,6/23/2025,Vadodara,Biryani Express,North Indian,Dal Makhani,3,300.3,61.82,58.35,41.95,939.38,15,Cash,Delivered,3.4,Neha
701020,6/23/2026,Gandhinagar,Food Fiesta,Dessert,Brownie,1,153.22,79.22,26.84,3.7,104.54,24,Cash,Delivered,3.3,Vikas
701021,8/2/2025,Gandhinagar,Urban Tadka,South Indian,Masala Dosa,4,83.46,31.37,40.81,15.12,358.4,23,Cash,Delivered,4,Neha
701022,6/7/2025,Ahmedabad,Burger House,South Indian,Uttapam,3,92.03,71.29,55.01,10.24,270.05,51,UPI,Delivered,3.6,Karan
701023,8/3/2025,Rajkot,Spice Hub,Chinese,Fried Rice,5,269.38,34.53,40.18,65.62,1418.17,33,Cash,Delivered,3,Neha
701024,6/6/2025,Surat,Food Fiesta,North Indian,Paneer Butter Masala,4,375.6,33.82,53.97,73.43,1595.98,75,Card,Delivered,4.1,Neha
701025,9/25/2025,Pune,Chinese Wok,South Indian,Uttapam,5,236.97,15.84,54.47,58.45,1281.93,74,UPI,Delivered,4.1,Rahul
701026,5/31/2026,Vadodara,Biryani Express,South Indian,Masala Dosa,1,222.55,2.82,50.82,10.99,281.54,23,Cash,Delivered,3.5,Priya
701027,5/30/2026,Mumbai,Food Fiesta,Biryani,Veg Biryani,3,93.8,24.05,57.25,12.87,327.47,74,Wallet,Cancelled,,Rahul
701028,5/26/2026,Gandhinagar,Burger House,Burger,Veg Burger,4,306.42,61.25,26.07,58.22,1248.72,21,UPI,Delivered,3.1,Rahul
701029,4/13/2025,Gandhinagar,Biryani Express,Biryani,Paneer Biryani,2,337.72,0.16,52.98,33.76,762.02,30,Card,Delivered,4.3,Vikas
701030,4/22/2025,Jaipur,Chinese Wok,South Indian,Idli,5,177.44,25.94,22.78,43.06,927.1,19,UPI,Delivered,3.6,Rahul
701031,6/24/2026,Pune,Urban Tadka,Pizza,Veg Supreme,1,265.4,25.15,49.86,12.01,302.12,69,UPI,Delivered,4.4,Ravi
701032,11/8/2025,Vadodara,Chinese Wok,Burger,Cheese Burger,2,195.78,24.76,37.09,18.34,422.23,34,Cash,Cancelled,,Vikas
701033,6/16/2025,Mumbai,Chinese Wok,Pizza,Farmhouse,1,229.98,51.3,36.57,8.93,224.18,39,UPI,Cancelled,,Amit
701034,11/20/2025,Gandhinagar,Biryani Express,Dessert,Gulab Jamun,5,343.87,40.55,25.24,83.94,1787.98,56,UPI,Cancelled,,Karan
701035,12/13/2025,Vadodara,Burger House,Dessert,Brownie,2,113.15,4.05,59.14,11.11,292.5,72,Cash,Delivered,4.3,Amit
701036,7/6/2025,Pune,South Treat,Burger,Veg Burger,1,105.02,40.86,28.46,3.21,95.83,58,UPI,Delivered,4.4,Neha
701037,1/28/2025,Pune,Chinese Wok,Biryani,Hyderabadi Veg,5,228.09,20.45,20,56,1196,35,Cash,Cancelled,,Neha
701038,1/28/2026,Ahmedabad,Urban Tadka,Chinese,Fried Rice,2,332.26,38.98,52.77,31.28,709.59,46,Wallet,Delivered,3.6,Amit
701039,10/29/2025,Rajkot,Burger House,Chinese,Noodles,5,270.15,64.28,31.16,64.32,1381.95,36,Cash,Delivered,4.8,Rahul
701040,9/6/2025,Pune,Chinese Wok,Biryani,Hyderabadi Veg,3,105.89,28.29,27.23,14.47,331.08,68,Cash,Delivered,4.6,Amit
701041,8/23/2025,Gandhinagar,Food Fiesta,Pizza,Margherita,2,216.81,59.9,55.03,18.69,447.44,53,Cash,Delivered,3.6,Vikas
701042,2/28/2026,Mumbai,Spice Hub,Beverages,Cold Coffee,1,326.8,13.77,49.91,15.65,378.59,56,UPI,Delivered,4,Neha
701043,2/2/2026,Mumbai,Pizza Corner,North Indian,Paneer Butter Masala,2,194.49,10.58,37.52,18.92,434.84,41,Cash,Delivered,4.2,Vikas
701044,2/22/2025,Pune,Spice Hub,Chinese,Fried Rice,4,292.23,64.64,20.67,55.21,1180.16,31,Card,Delivered,3.4,Priya
701045,4/9/2026,Pune,Spice Hub,Burger,Paneer Burger,3,378.87,48.97,39.29,54.38,1181.31,71,Card,Delivered,4.2,Amit
701046,6/12/2026,Vadodara,Urban Tadka,Dessert,Brownie,4,363.06,56.3,25.58,69.8,1491.32,55,Wallet,Cancelled,,Priya
701047,6/9/2026,Ahmedabad,Food Fiesta,South Indian,Masala Dosa,1,145.49,59.21,57.29,4.31,147.88,58,Wallet,Delivered,3.5,Karan
701048,5/27/2025,Surat,Spice Hub,Biryani,Paneer Biryani,1,94.49,18.48,26.36,3.8,106.17,34,Cash,Delivered,3.6,Neha
701049,12/6/2025,Jaipur,Urban Tadka,Beverages,Lassi,4,202.86,46.63,25.49,38.24,828.54,15,Card,Cancelled,,Vikas
701050,11/18/2025,Mumbai,Biryani Express,Pizza,Margherita,3,152.99,66.28,45.27,19.63,457.59,20,Cash,Delivered,4.7,Rahul
701051,10/30/2025,Ahmedabad,Chinese Wok,Chinese,Manchurian,1,398.77,79.06,40.25,15.99,375.95,48,Card,Cancelled,,Amit
701052,1/30/2025,Ahmedabad,South Treat,Chinese,Fried Rice,5,282.85,45.83,23.34,68.42,1460.18,30,Card,Delivered,4.5,Suresh
701053,6/11/2026,Vadodara,Pizza Corner,South Indian,Masala Dosa,3,193.49,1.68,27.86,28.94,635.59,15,Card,Cancelled,,Amit
701054,9/18/2025,Mumbai,Pizza Corner,Burger,Cheese Burger,1,286.73,19.91,32.89,13.34,313.05,47,Wallet,Delivered,5,Suresh
701055,6/29/2025,Surat,Pizza Corner,Biryani,Hyderabadi Veg,3,341.87,8.51,34.97,50.86,1102.93,26,Wallet,Cancelled,,Vikas
701056,3/18/2025,Pune,Burger House,Beverages,Cold Coffee,4,348.57,22.89,49.51,68.57,1489.47,55,Cash,Delivered,4.9,Rahul
701057,1/8/2026,Rajkot,Urban Tadka,Chinese,Fried Rice,1,205.77,31.6,33.79,8.71,216.67,22,Card,Delivered,4.1,Amit
701058,6/25/2026,Pune,Chinese Wok,Beverages,Cold Coffee,4,335.36,70.75,42.41,63.53,1376.63,69,Card,Delivered,3.9,Vikas
701059,3/2/2026,Pune,Biryani Express,Burger,Veg Burger,5,162.75,3.62,24.63,40.51,875.27,61,Card,Delivered,4.9,Ravi
701060,2/15/2026,Rajkot,Biryani Express,Chinese,Manchurian,3,355.72,33.06,54.57,51.71,1140.38,47,Cash,Delivered,4.4,Suresh
701061,4/6/2026,Mumbai,Chinese Wok,South Indian,Idli,1,227.11,31.66,50.55,9.77,255.77,58,UPI,Cancelled,,Ravi
701062,8/20/2025,Ahmedabad,Food Fiesta,Beverages,Lassi,5,174.07,77.11,33.76,39.66,866.66,59,Wallet,Delivered,4,Priya
701063,2/28/2026,Rajkot,Food Fiesta,Dessert,Brownie,1,299.59,69.47,42.48,11.51,284.11,16,Wallet,Delivered,3.1,Priya
701064,11/23/2025,Pune,Burger House,Burger,Veg Burger,4,250,13.65,58.56,49.32,1094.23,75,Cash,Delivered,4.5,Karan
701065,3/2/2025,Ahmedabad,South Treat,Beverages,Fresh Juice,3,170.77,73.29,31.45,21.95,492.42,46,Card,Delivered,4.7,Suresh
701066,6/23/2026,Mumbai,Biryani Express,Beverages,Cold Coffee,2,95.7,11.65,43.98,8.99,232.72,44,Cash,Cancelled,,Ravi
701067,3/29/2026,Rajkot,Food Fiesta,Pizza,Margherita,5,348.91,13.65,39.97,86.55,1857.42,44,Card,Delivered,4.6,Vikas
701068,10/11/2025,Rajkot,South Treat,Pizza,Veg Supreme,1,126.05,13.02,46.7,5.65,165.38,51,Wallet,Delivered,3.7,Vikas
701069,1/20/2025,Rajkot,Spice Hub,Chinese,Fried Rice,4,295.28,25.31,52.24,57.79,1265.84,24,Wallet,Delivered,3.4,Amit
701070,6/2/2026,Vadodara,Urban Tadka,Dessert,Ice Cream,4,271.49,42.22,32.15,52.19,1128.08,33,Card,Delivered,3.4,Karan
701071,11/9/2025,Rajkot,Chinese Wok,South Indian,Masala Dosa,5,180.09,68.38,28.75,41.6,902.42,42,Card,Delivered,3.4,Ravi
701072,8/13/2025,Pune,South Treat,Beverages,Cold Coffee,3,96.11,21.17,47.62,13.36,328.14,24,UPI,Delivered,4.4,Rahul
701073,5/4/2026,Vadodara,Food Fiesta,Burger,Paneer Burger,4,240.61,23.01,50.53,46.97,1036.93,32,UPI,Delivered,3.2,Rahul
701074,4/4/2025,Ahmedabad,Chinese Wok,Pizza,Margherita,5,388.57,2.87,38.71,97,2075.69,44,Card,Cancelled,,Vikas
701075,4/17/2026,Rajkot,Food Fiesta,Beverages,Fresh Juice,1,204.22,75.36,41.9,6.44,177.2,58,Wallet,Delivered,4,Amit
701076,10/25/2025,Gandhinagar,Burger House,Dessert,Gulab Jamun,3,321.8,61.2,28.09,45.21,977.5,75,Card,Delivered,4,Priya
701077,1/6/2025,Mumbai,Pizza Corner,Beverages,Lassi,2,171.2,27.2,31.33,15.76,362.29,50,Cash,Cancelled,,Ravi
701078,5/21/2026,Vadodara,Food Fiesta,North Indian,Paneer Butter Masala,5,302.13,18.17,32.1,74.62,1599.2,21,UPI,Cancelled,,Priya
701079,2/21/2026,Ahmedabad,Biryani Express,Dessert,Ice Cream,5,227.83,64.28,58.01,53.74,1186.62,65,Card,Delivered,3.1,Suresh
701080,6/1/2025,Vadodara,Spice Hub,Dessert,Gulab Jamun,3,259.88,60.51,45.51,35.96,800.6,44,Card,Cancelled,,Rahul
701081,1/30/2025,Pune,Urban Tadka,Pizza,Veg Supreme,3,124.83,24.24,21.59,17.51,389.35,48,Card,Delivered,4.1,Ravi
701082,1/18/2026,Mumbai,Urban Tadka,Pizza,Margherita,2,118.51,50.72,36.72,9.32,232.34,68,Wallet,Delivered,3.5,Neha
701083,2/19/2025,Vadodara,Spice Hub,Dessert,Brownie,5,128.4,36.11,59.91,30.29,696.09,21,Wallet,Delivered,3.7,Amit
701084,2/4/2025,Surat,Urban Tadka,North Indian,Naan Combo,3,165.15,57.68,25.35,21.89,485.01,56,Wallet,Delivered,4,Karan
701085,4/12/2025,Jaipur,Food Fiesta,North Indian,Naan Combo,2,287.16,39.03,25.53,26.76,587.58,27,Cash,Cancelled,,Rahul
701086,12/11/2025,Surat,Burger House,Biryani,Hyderabadi Veg,5,242.94,51.4,50.22,58.16,1271.68,54,Cash,Delivered,4.4,Karan
701087,1/20/2025,Jaipur,Food Fiesta,South Indian,Masala Dosa,4,202.95,2.03,53.26,40.49,903.52,50,UPI,Cancelled,,Ravi
701088,11/19/2025,Surat,Pizza Corner,South Indian,Idli,2,131.48,3.69,21.59,12.96,293.82,37,Card,Cancelled,,Ravi
701089,2/1/2026,Pune,Urban Tadka,North Indian,Paneer Butter Masala,5,124.15,68.17,59.21,27.63,639.42,68,Cash,Cancelled,,Amit
701090,5/28/2025,Jaipur,Biryani Express,Pizza,Veg Supreme,4,278.69,75.64,21.26,51.96,1112.34,42,Wallet,Delivered,5,Rahul
701091,1/27/2025,Jaipur,Biryani Express,South Indian,Masala Dosa,1,184.91,43.69,20.42,7.06,168.7,57,Wallet,Cancelled,,Karan
701092,4/26/2026,Gandhinagar,Chinese Wok,North Indian,Naan Combo,1,227.85,40.74,44.87,9.36,241.34,41,Wallet,Delivered,4,Neha
701093,6/29/2025,Rajkot,Pizza Corner,Pizza,Veg Supreme,5,281.48,48.66,54.01,67.94,1480.69,20,Wallet,Delivered,4.2,Neha
701094,5/15/2026,Ahmedabad,Burger House,Dessert,Ice Cream,1,297.76,24.38,22.72,13.67,309.77,56,Card,Delivered,3.8,Amit
701095,6/10/2025,Jaipur,Chinese Wok,South Indian,Idli,4,184.46,21.29,57.39,35.83,809.77,52,UPI,Delivered,3.2,Vikas
701096,12/19/2025,Pune,Urban Tadka,North Indian,Naan Combo,1,382.21,11.57,52.09,18.53,441.26,53,Card,Delivered,4.7,Ravi
701097,1/25/2025,Pune,South Treat,Burger,Paneer Burger,1,221.95,50.18,55.91,8.59,236.27,40,Wallet,Delivered,4.1,Rahul
701098,6/25/2025,Surat,Urban Tadka,South Indian,Masala Dosa,1,133.93,4.01,26.12,6.5,162.54,70,Card,Delivered,4.6,Suresh
701099,4/17/2025,Surat,Pizza Corner,Burger,Cheese Burger,5,231.62,45.66,22.23,55.62,1190.29,23,UPI,Delivered,4,Neha
701100,5/15/2026,Pune,Food Fiesta,Dessert,Brownie,2,315.97,73.58,41.82,27.92,628.1,64,UPI,Cancelled,,Rahul
701101,6/15/2025,Surat,Food Fiesta,Dessert,Gulab Jamun,1,138.46,55.68,44.27,4.14,131.19,23,Wallet,Delivered,3.2,Rahul
701102,12/19/2025,Gandhinagar,Biryani Express,Burger,Cheese Burger,4,85.26,60.68,41.56,14.02,335.94,70,Wallet,Delivered,4.3,Amit
701103,1/6/2026,Gandhinagar,Pizza Corner,North Indian,Naan Combo,3,242.8,3.41,31.11,36.25,792.35,75,Cash,Delivered,3.1,Rahul
701104,2/24/2026,Rajkot,South Treat,Beverages,Fresh Juice,3,333.58,57.62,26.69,47.16,1016.97,64,UPI,Delivered,3.8,Priya
701105,6/14/2026,Ahmedabad,Urban Tadka,Dessert,Brownie,2,370.64,64.29,36.07,33.85,746.91,57,Wallet,Delivered,3.5,Rahul
701106,9/10/2025,Surat,Burger House,Biryani,Hyderabadi Veg,4,378.96,4.86,46.04,75.55,1632.57,30,UPI,Delivered,4.3,Priya
701107,1/11/2025,Jaipur,Pizza Corner,Pizza,Veg Supreme,1,316.77,71.13,44.14,12.28,302.06,38,UPI,Cancelled,,Ravi
701108,8/23/2025,Mumbai,Biryani Express,Pizza,Farmhouse,5,146.59,33.93,34.8,34.95,768.77,41,Wallet,Delivered,4.9,Rahul
701109,3/12/2025,Rajkot,South Treat,Dessert,Brownie,3,199.05,52.29,23.65,27.24,595.75,44,UPI,Delivered,4.4,Karan
701110,1/7/2025,Jaipur,Biryani Express,Biryani,Paneer Biryani,4,356.65,5.16,26.95,71.07,1519.46,37,Wallet,Delivered,4.2,Ravi
701111,9/30/2025,Vadodara,Spice Hub,Pizza,Margherita,5,268,32.89,49.07,65.36,1421.54,50,Card,Delivered,3.2,Amit
701112,5/20/2026,Pune,Pizza Corner,Burger,Veg Burger,1,343.55,41.03,49.67,15.13,367.32,67,UPI,Delivered,3.7,Suresh
701113,12/11/2025,Surat,South Treat,North Indian,Dal Makhani,1,299.14,49.28,44.71,12.49,307.06,16,Wallet,Cancelled,,Neha
701114,9/6/2025,Surat,South Treat,Chinese,Manchurian,3,340.53,8.12,50.64,50.67,1114.78,22,Card,Delivered,5,Karan
701115,5/1/2026,Mumbai,Food Fiesta,Dessert,Brownie,5,141.38,49,23.41,32.9,714.21,21,Wallet,Cancelled,,Ravi
701116,11/30/2025,Ahmedabad,Pizza Corner,Biryani,Veg Biryani,2,306.31,75.16,32.93,26.87,597.26,68,Card,Cancelled,,Vikas
701117,10/8/2025,Surat,Urban Tadka,South Indian,Idli,5,193.15,37.66,38.95,46.4,1013.44,44,UPI,Cancelled,,Amit
701118,2/26/2025,Pune,Pizza Corner,Chinese,Noodles,3,225.5,36.55,34.85,32,706.8,40,Card,Delivered,3.3,Priya
701119,4/21/2025,Jaipur,Spice Hub,Burger,Cheese Burger,2,332.31,2.81,25.26,33.09,720.16,32,Card,Delivered,4,Neha
701120,11/15/2025,Surat,South Treat,South Indian,Uttapam,4,165.85,60.13,33.63,30.16,667.06,15,Card,Delivered,4.4,Priya
701121,6/20/2026,Vadodara,South Treat,Dessert,Brownie,1,256.26,35.17,58.35,11.05,290.49,59,Card,Delivered,3.3,Amit
701122,9/28/2025,Gandhinagar,Pizza Corner,Chinese,Fried Rice,3,313.8,15.05,32.22,46.32,1004.89,30,Card,Cancelled,,Suresh
701123,5/1/2026,Surat,Chinese Wok,Burger,Cheese Burger,4,171.73,8.38,45.11,33.93,757.58,47,Wallet,Cancelled,,Ravi
701124,1/1/2025,Surat,Pizza Corner,Beverages,Fresh Juice,4,82.43,20.88,59.34,15.44,383.62,66,Wallet,Delivered,4.8,Karan
701125,12/1/2025,Rajkot,Urban Tadka,Pizza,Farmhouse,5,369.69,57.76,36.07,89.53,1916.29,43,Cash,Delivered,4.8,Ravi
701126,9/17/2025,Mumbai,Spice Hub,Chinese,Manchurian,5,349.55,19.91,27.41,86.39,1841.64,21,Cash,Cancelled,,Amit
701127,2/21/2025,Gandhinagar,Urban Tadka,Beverages,Fresh Juice,5,120.82,27.82,32.7,28.81,637.79,19,Cash,Delivered,4.4,Ravi
701128,1/13/2026,Mumbai,Food Fiesta,Biryani,Hyderabadi Veg,2,277.05,19.01,34.95,26.75,596.79,62,Wallet,Delivered,4.8,Rahul
701129,3/13/2025,Surat,Food Fiesta,North Indian,Paneer Butter Masala,1,380.35,23.9,31.94,17.82,406.21,24,Card,Cancelled,,Suresh
701130,3/21/2026,Ahmedabad,Chinese Wok,Chinese,Noodles,3,265.35,17.96,20.43,38.9,837.42,47,UPI,Delivered,3.4,Suresh
701131,8/21/2025,Ahmedabad,Burger House,North Indian,Naan Combo,4,96.7,39.73,33.62,17.35,398.04,67,Cash,Delivered,4.9,Ravi
701132,6/10/2026,Pune,Burger House,Pizza,Veg Supreme,4,364.77,69.28,50.91,69.49,1510.2,20,Wallet,Delivered,3.9,Amit
701133,7/13/2025,Gandhinagar,Spice Hub,South Indian,Uttapam,3,80.71,17.24,57.45,11.24,293.58,32,Card,Cancelled,,Amit
701134,3/6/2025,Surat,Urban Tadka,North Indian,Naan Combo,5,335.66,13.76,55.81,83.23,1803.58,41,Wallet,Delivered,3.6,Priya
701135,11/29/2025,Vadodara,Pizza Corner,Biryani,Paneer Biryani,4,214.19,63.34,48.38,39.67,881.47,31,Wallet,Delivered,3.6,Ravi
701136,3/8/2025,Jaipur,Pizza Corner,Pizza,Farmhouse,3,133.65,61.72,20.95,16.96,377.14,24,UPI,Cancelled,,Vikas
701137,4/28/2025,Mumbai,Chinese Wok,North Indian,Naan Combo,2,387.88,64.16,24.08,35.58,771.26,56,UPI,Delivered,4.3,Suresh
701138,6/20/2026,Ahmedabad,Spice Hub,Biryani,Hyderabadi Veg,1,370.24,15.42,34.41,17.74,406.97,59,Cash,Cancelled,,Neha
701139,3/14/2025,Ahmedabad,Urban Tadka,Burger,Cheese Burger,2,110.4,79.63,52.13,7.06,200.36,47,UPI,Delivered,3.2,Neha
701140,2/4/2026,Surat,South Treat,Beverages,Cold Coffee,4,304.39,25.7,25.63,59.59,1277.08,45,Card,Delivered,4.3,Ravi
701141,8/8/2025,Ahmedabad,Spice Hub,North Indian,Naan Combo,5,93.54,72.35,33.32,19.77,448.44,15,UPI,Delivered,4.1,Karan
701142,5/10/2026,Pune,Pizza Corner,South Indian,Idli,4,117.31,2.22,38,23.35,528.37,31,Wallet,Delivered,4.4,Karan
701143,1/21/2025,Ahmedabad,Spice Hub,Chinese,Fried Rice,3,203.24,21.8,46.16,29.4,663.48,45,Card,Delivered,4.9,Vikas
701144,11/19/2025,Pune,Chinese Wok,Burger,Paneer Burger,5,333.74,10.11,29.9,82.93,1771.42,45,Wallet,Delivered,3.9,Rahul
701145,1/12/2026,Jaipur,Burger House,Dessert,Ice Cream,3,279.76,73.37,54.27,38.3,858.48,67,Card,Delivered,3.6,Suresh
701146,8/12/2025,Ahmedabad,Biryani Express,North Indian,Naan Combo,3,381.26,57.41,27,54.32,1167.69,64,UPI,Delivered,5,Neha
701147,3/9/2025,Jaipur,Chinese Wok,Beverages,Lassi,5,325.42,30.99,30.09,79.81,1706.01,46,UPI,Delivered,4.3,Rahul
701148,6/20/2026,Surat,South Treat,Dessert,Gulab Jamun,3,139.53,46.8,30.88,18.59,421.26,63,Card,Delivered,3.7,Rahul
701149,6/29/2025,Surat,Chinese Wok,Chinese,Manchurian,5,357.21,23.06,27.95,88.15,1879.09,67,Card,Delivered,3.2,Neha
701150,6/5/2025,Gandhinagar,Urban Tadka,Dessert,Ice Cream,3,321.97,26.72,21.81,46.96,1007.96,69,UPI,Delivered,4,Priya
701151,10/6/2025,Ahmedabad,Pizza Corner,Pizza,Farmhouse,3,92.47,16.12,26.96,13.06,301.31,43,UPI,Delivered,3.1,Vikas
701152,5/3/2026,Gandhinagar,Food Fiesta,North Indian,Naan Combo,5,128.09,16.72,24.39,31.19,679.31,43,Card,Delivered,4.3,Priya
701153,5/24/2025,Rajkot,Burger House,Chinese,Noodles,5,125.75,71.22,41.88,27.88,627.29,16,Cash,Cancelled,,Rahul
701154,3/24/2026,Jaipur,Pizza Corner,South Indian,Uttapam,5,307.65,69.77,46.09,73.42,1587.99,25,UPI,Delivered,4.6,Rahul
701155,4/1/2025,Pune,Food Fiesta,Burger,Paneer Burger,3,396.81,23.53,28.32,58.35,1253.57,29,Cash,Cancelled,,Suresh
701156,11/12/2025,Rajkot,Burger House,Biryani,Hyderabadi Veg,1,154.45,67.37,54.78,4.35,146.21,64,UPI,Delivered,3,Suresh
701157,3/26/2026,Pune,Spice Hub,Beverages,Cold Coffee,2,310.93,27.71,38.52,29.71,662.38,39,Card,Delivered,3.4,Neha
701158,12/4/2025,Gandhinagar,Food Fiesta,Pizza,Margherita,2,240.19,6.68,33.03,23.69,530.42,27,Card,Delivered,4.4,Rahul
701159,3/9/2026,Mumbai,Spice Hub,South Indian,Uttapam,2,399.65,52.75,38.5,37.33,822.38,40,Wallet,Delivered,3.8,Amit
701160,9/28/2025,Rajkot,Biryani Express,Burger,Paneer Burger,1,82.47,65.68,56.11,0.84,73.74,63,Cash,Delivered,3.8,Rahul
701161,3/18/2026,Gandhinagar,Biryani Express,South Indian,Idli,4,379.32,18.8,53.51,74.92,1626.91,62,UPI,Delivered,3.7,Neha
701162,1/24/2025,Mumbai,South Treat,Chinese,Fried Rice,2,291.99,1.36,48.04,29.13,659.79,37,Cash,Delivered,3.4,Rahul
701163,4/15/2026,Vadodara,Food Fiesta,Burger,Veg Burger,3,253.27,39.18,39.12,36.03,795.78,49,Cash,Delivered,3.4,Vikas
701164,2/22/2026,Vadodara,Food Fiesta,Biryani,Paneer Biryani,4,368.09,51.37,55.27,71.05,1547.31,19,UPI,Delivered,3.5,Neha
701165,4/25/2025,Mumbai,Food Fiesta,Beverages,Cold Coffee,3,320.97,20.17,43.1,47.14,1032.98,57,Cash,Delivered,3.4,Amit
701166,6/16/2026,Gandhinagar,Urban Tadka,North Indian,Paneer Butter Masala,2,267.92,15.01,43.75,26.04,590.62,27,Wallet,Delivered,4.9,Rahul
701167,3/9/2025,Vadodara,Chinese Wok,South Indian,Uttapam,5,163.19,76.34,48.78,36.98,825.37,69,Card,Delivered,4,Karan
701168,4/23/2026,Pune,Food Fiesta,Chinese,Fried Rice,3,127.5,73.27,44.48,15.46,369.17,45,Cash,Cancelled,,Amit
701169,1/8/2026,Pune,Biryani Express,Chinese,Fried Rice,1,288.04,38.6,51.41,12.47,313.32,19,UPI,Delivered,4.8,Karan
701170,1/17/2026,Mumbai,Pizza Corner,Dessert,Ice Cream,1,377.16,63.78,38.36,15.67,367.41,45,UPI,Cancelled,,Neha
701171,4/26/2025,Pune,Urban Tadka,Biryani,Veg Biryani,5,265.04,71.69,54.65,62.68,1370.84,35,Cash,Delivered,4.9,Suresh
701172,3/5/2025,Ahmedabad,Spice Hub,Biryani,Paneer Biryani,1,293.22,54.28,51.43,11.95,302.32,48,Card,Delivered,4,Vikas
701173,6/9/2025,Ahmedabad,Food Fiesta,Pizza,Farmhouse,1,233.45,5.82,52.06,11.38,291.07,75,UPI,Delivered,4.4,Amit
701174,3/12/2026,Pune,Burger House,Dessert,Brownie,2,243.72,29.34,56.47,22.91,537.48,34,Card,Cancelled,,Vikas
701175,7/28/2025,Surat,Biryani Express,South Indian,Masala Dosa,3,131.55,68.24,38.09,16.32,380.82,46,Cash,Delivered,3.3,Neha
701176,1/18/2025,Gandhinagar,Pizza Corner,Dessert,Brownie,3,197.17,40.69,48.19,27.54,626.55,60,UPI,Cancelled,,Suresh
701177,8/23/2025,Ahmedabad,Biryani Express,Chinese,Fried Rice,5,252,25.78,43.76,61.71,1339.69,71,Wallet,Delivered,3.9,Priya
701178,1/5/2026,Rajkot,Biryani Express,Pizza,Veg Supreme,5,361.04,32.83,35.37,88.62,1896.36,72,UPI,Delivered,3.9,Rahul
701179,12/26/2025,Gandhinagar,Food Fiesta,Pizza,Veg Supreme,3,318.29,78.03,54.64,43.84,975.32,68,UPI,Delivered,4,Neha
701180,12/1/2025,Surat,Burger House,Chinese,Fried Rice,3,351.63,72.57,59.47,49.12,1090.91,38,UPI,Delivered,3.1,Amit
701181,1/27/2025,Surat,Urban Tadka,North Indian,Paneer Butter Masala,1,387.31,18.33,26.25,18.45,413.68,20,Cash,Delivered,4.9,Amit
701182,3/3/2026,Jaipur,Burger House,Chinese,Fried Rice,4,198.17,24.56,52.17,38.41,858.7,19,Card,Delivered,4.5,Amit
701183,12/9/2025,Jaipur,Spice Hub,Burger,Veg Burger,3,285.35,12.86,47.43,42.16,932.78,27,Cash,Delivered,3,Rahul
701184,2/11/2026,Rajkot,South Treat,Biryani,Hyderabadi Veg,2,397.29,24.58,56.67,38.5,865.17,28,Cash,Delivered,4.1,Vikas
701185,7/18/2025,Vadodara,Spice Hub,Chinese,Fried Rice,3,214.87,42.41,48.06,30.11,680.37,74,Card,Delivered,4.8,Rahul
701186,4/9/2026,Surat,Chinese Wok,Chinese,Fried Rice,4,303.07,70.15,30.86,57.11,1230.1,70,Cash,Delivered,3.2,Neha
701187,1/16/2025,Rajkot,Food Fiesta,Burger,Paneer Burger,1,386.06,61.81,53.13,16.21,393.59,58,Card,Delivered,3.6,Vikas
701188,9/24/2025,Mumbai,Urban Tadka,Chinese,Noodles,4,374.79,31.05,39.85,73.41,1581.37,35,Wallet,Delivered,3.9,Vikas
701189,4/15/2026,Vadodara,Urban Tadka,North Indian,Naan Combo,1,162.12,40.43,28.77,6.08,156.54,28,Cash,Delivered,4.5,Priya
701190,11/24/2025,Vadodara,Pizza Corner,Chinese,Manchurian,1,367.4,31.79,21.07,16.78,373.46,57,Card,Delivered,3.4,Suresh
701191,4/3/2026,Rajkot,Biryani Express,Pizza,Margherita,3,306.05,13.82,48.76,45.22,998.31,57,Cash,Delivered,4.3,Karan
701192,11/9/2025,Vadodara,Chinese Wok,North Indian,Naan Combo,1,202.1,22.84,54.38,8.96,242.6,65,Wallet,Cancelled,,Amit
701193,11/11/2025,Rajkot,Pizza Corner,Pizza,Farmhouse,4,272.69,58.88,36.1,51.59,1119.57,22,UPI,Cancelled,,Priya
701194,1/15/2026,Ahmedabad,Biryani Express,Chinese,Noodles,4,193.97,11.68,24.09,38.21,826.5,36,Card,Delivered,4.7,Amit
701195,1/7/2026,Vadodara,Biryani Express,Biryani,Paneer Biryani,4,126.06,21.3,42.09,24.15,549.18,26,UPI,Delivered,4.1,Priya
701196,3/13/2025,Gandhinagar,Biryani Express,Biryani,Veg Biryani,2,284.86,8.2,25.66,28.08,615.26,27,Wallet,Cancelled,,Ravi
701197,11/17/2025,Mumbai,Food Fiesta,South Indian,Masala Dosa,5,348.22,54.77,49.45,84.32,1820.1,53,Cash,Delivered,4.3,Ravi
701198,11/23/2025,Vadodara,Pizza Corner,North Indian,Dal Makhani,4,361.7,72.62,44.24,68.71,1487.13,72,Cash,Delivered,4.9,Vikas
701199,6/12/2026,Rajkot,South Treat,Burger,Cheese Burger,2,241.47,10.78,28.48,23.61,524.25,55,Wallet,Cancelled,,Amit
701200,1/1/2025,Pune,Food Fiesta,Biryani,Veg Biryani,4,184.62,26.11,20.81,35.62,768.8,26,Cash,Cancelled,,Neha
701201,2/2/2025,Mumbai,Food Fiesta,Chinese,Noodles,2,148.03,9.88,49.63,14.31,350.12,35,Cash,Cancelled,,Suresh
701202,2/20/2026,Rajkot,Spice Hub,Chinese,Noodles,5,396.3,56.41,21.61,96.25,2042.95,73,UPI,Delivered,3.8,Neha
701203,11/12/2025,Surat,Burger House,North Indian,Paneer Butter Masala,3,230.54,55.07,24.59,31.83,692.97,55,Card,Cancelled,,Vikas
701204,11/26/2025,Rajkot,Biryani Express,Beverages,Fresh Juice,1,256.19,32.17,32.62,11.2,267.84,41,Wallet,Delivered,3.5,Ravi
701205,12/5/2025,Surat,Chinese Wok,Dessert,Brownie,2,213.81,41.06,50.15,19.33,456.04,31,Cash,Delivered,4.6,Amit
701206,5/9/2026,Mumbai,Burger House,Burger,Paneer Burger,4,109.19,8.25,20.93,21.43,470.87,16,Wallet,Delivered,3,Amit
701207,2/8/2025,Vadodara,Food Fiesta,South Indian,Idli,1,253.7,43.39,23.68,10.52,244.51,16,Card,Delivered,4.7,Karan
701208,8/29/2025,Gandhinagar,Spice Hub,Beverages,Lassi,2,84.35,70.04,50.96,4.93,154.55,17,UPI,Delivered,3.3,Priya
701209,6/6/2025,Pune,Urban Tadka,Pizza,Veg Supreme,3,228.15,45.27,21.57,31.96,692.71,74,Wallet,Cancelled,,Rahul
701210,8/6/2025,Rajkot,Pizza Corner,Pizza,Veg Supreme,3,282.66,4.43,37.6,42.18,923.33,70,Cash,Delivered,3.9,Amit
701211,12/9/2025,Ahmedabad,Spice Hub,Burger,Paneer Burger,5,130.02,71.01,52.73,28.95,660.77,37,Cash,Delivered,3.5,Suresh
701212,1/18/2026,Rajkot,Food Fiesta,Pizza,Margherita,5,132.77,32.11,42.34,31.59,705.67,67,Cash,Delivered,4.4,Vikas
701213,3/27/2025,Rajkot,Food Fiesta,Biryani,Paneer Biryani,4,126.6,36.68,44.43,23.49,537.64,44,Wallet,Cancelled,,Karan
701214,8/10/2025,Pune,Urban Tadka,Pizza,Farmhouse,4,235.1,57.93,40.35,44.12,966.94,57,Cash,Delivered,4.1,Ravi
701215,3/6/2025,Pune,Burger House,Biryani,Paneer Biryani,2,119.29,31.74,42.04,10.34,259.22,75,UPI,Cancelled,,Amit
701216,3/24/2026,Ahmedabad,Pizza Corner,Biryani,Paneer Biryani,1,135.19,12.44,25.36,6.14,154.25,69,Cash,Delivered,4.5,Neha
701217,8/28/2025,Vadodara,Urban Tadka,Beverages,Cold Coffee,5,203.31,38.62,54.84,48.9,1081.67,25,Cash,Cancelled,,Neha
701218,2/21/2025,Ahmedabad,Pizza Corner,Chinese,Noodles,3,226.51,25.04,39.05,32.72,726.26,19,Cash,Cancelled,,Vikas
701219,8/11/2025,Pune,Pizza Corner,North Indian,Dal Makhani,5,393.43,33.65,22.11,96.68,2052.29,52,UPI,Delivered,3.7,Amit
701220,1/27/2025,Gandhinagar,Pizza Corner,Beverages,Fresh Juice,3,200.12,13.02,23.74,29.37,640.45,20,UPI,Delivered,3.7,Neha
701221,6/11/2025,Vadodara,Urban Tadka,Pizza,Veg Supreme,2,200.7,18.69,50.96,19.14,452.81,19,UPI,Delivered,3.4,Amit
701222,2/24/2026,Gandhinagar,Biryani Express,Burger,Veg Burger,4,223.26,3.98,29.09,44.45,962.6,45,Wallet,Delivered,3.7,Ravi
701223,1/20/2026,Jaipur,Biryani Express,Dessert,Ice Cream,2,366.37,6.96,37.35,36.29,799.42,48,Card,Cancelled,,Ravi
701224,5/1/2025,Surat,South Treat,Biryani,Veg Biryani,3,388.21,79.48,25.45,54.26,1164.86,59,UPI,Delivered,4.3,Priya
701225,5/31/2025,Rajkot,Burger House,South Indian,Uttapam,1,171.29,64.79,20.68,5.32,132.5,49,Cash,Delivered,3.4,Rahul
701226,4/16/2025,Vadodara,Urban Tadka,North Indian,Paneer Butter Masala,2,339.54,69.57,23.87,30.48,663.86,38,Card,Delivered,3.7,Rahul
701227,5/22/2026,Rajkot,South Treat,Biryani,Paneer Biryani,4,228.87,78.44,42.15,41.85,921.04,58,UPI,Delivered,3.4,Karan
701228,3/18/2025,Surat,South Treat,South Indian,Masala Dosa,1,310.54,22.67,34.99,14.39,337.25,71,Cash,Cancelled,,Priya
701229,5/31/2025,Gandhinagar,Burger House,Biryani,Hyderabadi Veg,1,155.64,49.82,51.99,5.29,163.1,72,Card,Delivered,3.2,Rahul
701230,12/31/2025,Mumbai,Spice Hub,Biryani,Paneer Biryani,2,204.66,34.22,34.34,18.76,428.2,33,Wallet,Delivered,3.7,Priya
701231,2/9/2026,Vadodara,Chinese Wok,Chinese,Fried Rice,1,200.66,37.44,23.68,8.16,195.06,69,Card,Delivered,3.7,Karan
701232,1/17/2026,Pune,Chinese Wok,South Indian,Masala Dosa,5,286.97,10.21,34.37,71.23,1530.24,47,UPI,Delivered,4.4,Rahul
701233,3/26/2025,Rajkot,Chinese Wok,Beverages,Cold Coffee,4,164.21,18.49,51.69,31.92,721.96,63,Cash,Delivered,4.7,Rahul
701234,7/3/2025,Rajkot,South Treat,South Indian,Idli,2,205.05,47.35,29.46,18.14,410.35,46,UPI,Delivered,4.7,Neha
701235,5/11/2026,Vadodara,Chinese Wok,Dessert,Brownie,4,153.9,4.45,38.95,30.56,680.66,53,UPI,Cancelled,,Neha
701236,1/31/2026,Gandhinagar,Biryani Express,Chinese,Manchurian,1,250.09,5.1,28.62,12.25,285.86,15,Card,Delivered,5,Ravi
701237,2/13/2025,Jaipur,Pizza Corner,South Indian,Uttapam,3,368.06,16.41,37.37,54.39,1179.53,24,Cash,Cancelled,,Rahul
701238,9/11/2025,Jaipur,Spice Hub,North Indian,Dal Makhani,3,200,35.33,31.56,28.23,624.46,66,UPI,Delivered,3.6,Vikas
701239,11/16/2025,Pune,Burger House,Pizza,Margherita,2,260.76,75.29,21.15,22.31,489.69,61,Card,Delivered,4.6,Suresh
701240,1/22/2026,Rajkot,Burger House,Chinese,Fried Rice,5,114,47.62,48.91,26.12,597.41,27,Card,Cancelled,,Karan
701241,3/7/2026,Rajkot,South Treat,Biryani,Hyderabadi Veg,4,80.84,9.39,39.53,15.7,369.2,50,UPI,Cancelled,,Vikas
701242,4/29/2026,Pune,Burger House,Pizza,Margherita,2,369.31,11.28,35.82,36.37,799.53,27,Wallet,Delivered,3.2,Vikas
701243,6/3/2026,Gandhinagar,Burger House,Pizza,Veg Supreme,3,384.07,77.2,53.32,53.75,1182.08,68,Cash,Delivered,4.9,Vikas
701244,7/21/2025,Vadodara,South Treat,Chinese,Manchurian,2,299.16,7.07,36.6,29.56,657.41,46,Wallet,Delivered,4.2,Priya
701245,4/25/2026,Pune,Chinese Wok,South Indian,Idli,1,349.42,64.99,46.15,14.22,344.8,74,Cash,Delivered,4.8,Karan
701246,2/15/2025,Jaipur,Food Fiesta,Beverages,Fresh Juice,4,232.95,24.9,54.88,45.34,1007.12,26,Wallet,Delivered,4.4,Neha
701247,5/13/2026,Ahmedabad,Burger House,Dessert,Brownie,4,142.87,69.28,24.84,25.11,552.15,47,Wallet,Delivered,4.2,Vikas
701248,2/19/2025,Vadodara,South Treat,North Indian,Paneer Butter Masala,4,291.35,44.12,43.32,56.06,1220.66,16,Card,Delivered,4.4,Priya
701249,11/13/2025,Surat,Food Fiesta,Burger,Paneer Burger,5,120.18,33.45,54.39,28.37,650.21,49,UPI,Cancelled,,Amit
701250,11/22/2025,Jaipur,Pizza Corner,South Indian,Idli,5,325.27,11.6,20.62,80.74,1716.11,43,UPI,Delivered,4.7,Rahul
701251,5/7/2025,Ahmedabad,Burger House,South Indian,Idli,1,312.49,33.05,31.41,13.97,324.82,54,Card,Delivered,4.8,Rahul
701252,7/26/2025,Surat,South Treat,Pizza,Veg Supreme,2,160.56,40.73,37.4,14.02,331.81,33,Cash,Delivered,4,Vikas
701253,1/15/2025,Surat,Pizza Corner,Biryani,Paneer Biryani,3,374.28,21.7,46,55.06,1202.2,32,Card,Delivered,3.7,Rahul
701254,4/28/2025,Surat,Urban Tadka,South Indian,Idli,3,318.3,12.64,31.78,47.11,1021.15,41,Wallet,Cancelled,,Ravi
701255,3/6/2026,Gandhinagar,South Treat,Chinese,Noodles,5,176.74,71.15,53.29,40.63,906.47,63,Card,Cancelled,,Priya
701256,12/3/2025,Ahmedabad,Spice Hub,Dessert,Brownie,5,358,47.59,40.32,87.12,1869.85,66,UPI,Delivered,3.5,Karan
701257,6/6/2026,Jaipur,Pizza Corner,North Indian,Paneer Butter Masala,5,313.02,46.06,34.27,75.95,1629.26,57,Wallet,Delivered,3.2,Amit
701258,6/13/2026,Rajkot,Spice Hub,Biryani,Paneer Biryani,5,87.4,8.49,31.63,21.43,481.57,45,Cash,Cancelled,,Amit
701259,3/19/2026,Rajkot,Spice Hub,Chinese,Noodles,4,214.95,49.74,26,40.5,876.56,72,Wallet,Delivered,4.7,Ravi
701260,6/7/2025,Pune,Pizza Corner,Beverages,Cold Coffee,5,220.72,65.23,32.51,51.92,1122.8,43,UPI,Delivered,4.4,Suresh
701261,1/14/2025,Jaipur,South Treat,Burger,Cheese Burger,2,295.35,53.11,33.14,26.88,597.61,18,Wallet,Delivered,3.3,Karan
701262,2/19/2026,Mumbai,Chinese Wok,North Indian,Naan Combo,1,376.02,54.56,50.06,16.07,387.59,30,Card,Delivered,4.3,Amit
701263,2/28/2025,Gandhinagar,Urban Tadka,Chinese,Noodles,5,319.12,33,56.28,78.13,1697.01,40,UPI,Cancelled,,Neha
701264,7/4/2025,Rajkot,Pizza Corner,Biryani,Hyderabadi Veg,3,123.33,17.12,44.09,17.64,414.6,53,UPI,Delivered,3.4,Suresh
701265,5/18/2025,Surat,Urban Tadka,Beverages,Fresh Juice,3,219.57,40.57,48.84,30.91,697.89,73,Wallet,Delivered,5,Karan
701266,8/14/2025,Rajkot,Food Fiesta,South Indian,Idli,2,372.93,51.83,59.3,34.7,788.03,73,Cash,Cancelled,,Vikas
701267,9/19/2025,Jaipur,Pizza Corner,South Indian,Uttapam,2,161.31,4.86,26.16,15.89,359.81,57,Card,Cancelled,,Amit
701268,1/14/2026,Gandhinagar,Spice Hub,Pizza,Margherita,3,247.29,1.61,39.69,37.01,816.96,46,Cash,Delivered,4.5,Priya
701269,7/11/2025,Rajkot,South Treat,Beverages,Lassi,3,209.81,1.98,44.65,31.37,703.47,59,Cash,Cancelled,,Vikas
701270,3/26/2026,Mumbai,Chinese Wok,Dessert,Brownie,5,357.55,21.87,47.34,88.29,1901.51,70,Wallet,Delivered,4.4,Priya
701271,12/19/2025,Gandhinagar,Burger House,North Indian,Naan Combo,3,103.5,31.86,21.75,13.93,314.32,46,Wallet,Delivered,4.6,Amit
701272,10/17/2025,Gandhinagar,Chinese Wok,South Indian,Idli,3,290.75,63.91,41.17,40.42,889.93,33,Cash,Delivered,4.4,Vikas
701273,3/16/2026,Vadodara,Pizza Corner,Biryani,Veg Biryani,2,86.92,62.74,34.21,5.55,150.86,66,Wallet,Cancelled,,Ravi
701274,6/21/2025,Jaipur,South Treat,Burger,Paneer Burger,4,255,60.57,36.34,47.97,1043.74,73,Wallet,Delivered,4.3,Ravi
701275,5/14/2026,Rajkot,Food Fiesta,Burger,Paneer Burger,3,374.97,57.69,48.21,53.36,1168.79,16,UPI,Cancelled,,Vikas
701276,5/25/2025,Gandhinagar,Spice Hub,Chinese,Noodles,3,392.01,60.33,39.48,55.79,1210.97,44,Wallet,Delivered,4.2,Neha
701277,2/17/2025,Jaipur,Biryani Express,South Indian,Idli,1,112.16,43.28,39.88,3.44,112.2,62,Card,Delivered,3.2,Ravi
701278,1/12/2025,Ahmedabad,Burger House,Pizza,Margherita,4,309.76,73.35,49.75,58.28,1273.72,37,Wallet,Delivered,3.5,Rahul
701279,6/25/2025,Ahmedabad,South Treat,Biryani,Paneer Biryani,3,224.4,17.31,51.93,32.79,740.61,61,Wallet,Delivered,4.5,Ravi
701280,12/18/2025,Pune,Urban Tadka,Beverages,Fresh Juice,4,163.19,75.94,26.46,28.84,632.12,49,Card,Cancelled,,Priya
701281,5/28/2026,Rajkot,Food Fiesta,Burger,Veg Burger,1,233.51,11.1,55.8,11.12,289.33,31,Card,Delivered,4.8,Amit
701282,5/26/2026,Surat,Food Fiesta,Chinese,Noodles,5,124.91,73.39,23.18,27.56,601.9,75,Card,Cancelled,,Vikas
701283,1/31/2026,Gandhinagar,Pizza Corner,Burger,Veg Burger,2,94.62,1.26,57.84,9.4,255.22,40,Wallet,Cancelled,,Karan
701284,1/13/2025,Pune,Spice Hub,Chinese,Noodles,5,121.25,23.66,31.07,29.13,642.79,72,Cash,Delivered,4.7,Ravi
701285,4/4/2025,Mumbai,Burger House,Chinese,Noodles,1,360.71,37.43,54.2,16.16,393.64,58,Cash,Delivered,3.5,Neha
701286,11/9/2025,Pune,Urban Tadka,Beverages,Cold Coffee,4,194.95,66.72,34.68,35.65,783.41,67,Card,Delivered,4.5,Amit
701287,3/27/2026,Jaipur,Urban Tadka,Dessert,Brownie,3,395.19,40.26,22.84,57.27,1225.42,20,Wallet,Cancelled,,Rahul
701288,3/13/2025,Rajkot,Chinese Wok,Biryani,Veg Biryani,1,220.73,41.12,32.82,8.98,221.41,23,UPI,Delivered,3.5,Priya
701289,8/23/2025,Vadodara,Urban Tadka,South Indian,Masala Dosa,2,313.58,26.44,56.75,30.04,687.51,38,Wallet,Delivered,4.8,Rahul
701290,12/20/2025,Mumbai,Chinese Wok,Pizza,Farmhouse,5,284.01,37.64,26.86,69.12,1478.39,38,Card,Delivered,3.3,Rahul
701291,8/7/2025,Pune,Food Fiesta,Burger,Paneer Burger,4,343.54,69.28,37.85,65.24,1407.97,67,Cash,Delivered,4.8,Ravi
701292,1/19/2025,Mumbai,South Treat,Chinese,Noodles,1,330.32,70.3,40.25,13,313.27,58,Wallet,Delivered,4.8,Ravi
701293,10/28/2025,Jaipur,Burger House,Chinese,Fried Rice,4,119.92,64.02,46.67,20.78,483.11,46,Wallet,Delivered,4.4,Vikas
701294,3/23/2025,Ahmedabad,Chinese Wok,Chinese,Manchurian,3,257.8,79.62,38.43,34.69,766.9,58,Cash,Cancelled,,Ravi
701295,3/28/2025,Pune,Biryani Express,Dessert,Ice Cream,3,112.43,1.72,48.83,16.78,401.18,35,Cash,Delivered,4.3,Amit
701296,7/13/2025,Ahmedabad,Chinese Wok,Beverages,Fresh Juice,1,212.28,47.67,22,8.23,194.84,43,UPI,Delivered,3.1,Suresh
701297,9/14/2025,Gandhinagar,Urban Tadka,Beverages,Fresh Juice,3,394.09,16.43,33.94,58.29,1258.07,61,Cash,Cancelled,,Karan
701298,12/18/2025,Jaipur,Biryani Express,North Indian,Dal Makhani,3,274.51,24.51,27.17,39.95,866.14,39,Card,Delivered,3.7,Ravi
701299,5/29/2025,Jaipur,Urban Tadka,Pizza,Farmhouse,5,390.08,79.6,26.76,93.54,1991.1,74,UPI,Delivered,4.9,Karan
701300,4/1/2026,Jaipur,Pizza Corner,Pizza,Veg Supreme,5,141.02,55.38,56.14,32.49,738.35,59,Cash,Delivered,3.2,Amit
701301,6/27/2025,Surat,Pizza Corner,Burger,Paneer Burger,1,331.79,75.19,41.12,12.83,310.55,66,Cash,Delivered,3.4,Neha
701302,6/16/2026,Mumbai,Burger House,Pizza,Veg Supreme,4,311.26,29.44,22.68,60.78,1299.06,30,Wallet,Cancelled,,Amit
701303,4/23/2026,Surat,Biryani Express,Burger,Cheese Burger,5,355.33,77.63,29.74,84.95,1813.71,46,Card,Cancelled,,Ravi
701304,11/24/2025,Jaipur,Burger House,Burger,Veg Burger,4,166.63,39.29,44.2,31.36,702.79,75,Card,Delivered,4.4,Vikas
701305,11/21/2025,Jaipur,Chinese Wok,Pizza,Margherita,2,387.87,49.25,55.35,36.32,818.16,47,UPI,Delivered,3.4,Rahul
701306,9/23/2025,Mumbai,Spice Hub,Beverages,Fresh Juice,2,390.63,7.25,37.9,38.7,850.61,70,Card,Delivered,4.9,Ravi
701307,7/4/2025,Vadodara,Spice Hub,Dessert,Ice Cream,4,368.98,18.11,24.84,72.89,1555.54,37,Wallet,Delivered,4.7,Rahul
701308,9/23/2025,Surat,Pizza Corner,Biryani,Paneer Biryani,3,318.04,39.02,40.02,45.76,1000.88,71,UPI,Delivered,4.9,Ravi
701309,5/31/2025,Vadodara,South Treat,Biryani,Paneer Biryani,2,243.05,5.49,21.68,24.03,526.32,20,UPI,Cancelled,,Priya
701310,11/11/2025,Mumbai,Food Fiesta,Dessert,Brownie,2,226.62,36.95,59.15,20.81,496.25,41,UPI,Delivered,3.3,Vikas
701311,3/5/2025,Gandhinagar,Spice Hub,Chinese,Fried Rice,5,346.88,25.77,34.51,85.43,1828.57,39,Wallet,Cancelled,,Amit
701312,1/5/2026,Gandhinagar,Spice Hub,Pizza,Veg Supreme,4,347.24,51.85,44.5,66.86,1448.47,53,Cash,Cancelled,,Amit
701313,6/2/2025,Gandhinagar,Pizza Corner,North Indian,Paneer Butter Masala,3,332.43,47.02,40.2,47.51,1037.98,59,Card,Delivered,3.6,Priya
701314,4/7/2025,Vadodara,Food Fiesta,Beverages,Cold Coffee,5,192.32,67.89,27.24,44.69,965.64,16,UPI,Delivered,5,Suresh
701315,2/1/2025,Gandhinagar,South Treat,Biryani,Veg Biryani,4,352.04,4.2,50.06,70.2,1524.22,57,Cash,Delivered,4.6,Ravi
701316,1/11/2025,Rajkot,Pizza Corner,South Indian,Uttapam,5,208.03,32.48,59.68,50.38,1117.73,38,Wallet,Delivered,3.4,Priya
701317,5/23/2025,Gandhinagar,Biryani Express,Dessert,Gulab Jamun,4,94.99,44.36,26.67,16.78,379.05,75,Wallet,Cancelled,,Amit
701318,5/17/2025,Rajkot,Chinese Wok,Burger,Paneer Burger,2,97.15,12.9,30.05,9.07,220.52,41,UPI,Delivered,4.7,Amit
701319,4/11/2025,Gandhinagar,South Treat,Biryani,Paneer Biryani,4,236.28,13.6,32.28,46.58,1010.38,47,Wallet,Delivered,3.3,Priya
701320,5/24/2025,Vadodara,Spice Hub,Chinese,Noodles,5,246.93,77.19,55.99,57.87,1271.32,67,Cash,Cancelled,,Vikas
701321,5/6/2025,Vadodara,Pizza Corner,South Indian,Masala Dosa,1,238.81,79.78,53.43,7.95,220.41,16,UPI,Delivered,4.7,Amit
701322,7/26/2025,Pune,Food Fiesta,Burger,Veg Burger,3,322.32,11.97,54.88,47.75,1057.62,18,Card,Delivered,4.9,Amit
701323,7/26/2025,Ahmedabad,Burger House,North Indian,Naan Combo,5,217.46,37.32,49.38,52.5,1151.86,75,UPI,Delivered,4,Neha
701324,9/3/2025,Ahmedabad,Chinese Wok,Burger,Veg Burger,5,298.74,18.57,40,73.76,1588.89,27,Cash,Cancelled,,Karan
701325,11/22/2025,Rajkot,Pizza Corner,Chinese,Fried Rice,4,94.58,71.35,39.61,15.35,361.93,19,Card,Delivered,3.3,Suresh
701326,7/17/2025,Pune,Food Fiesta,Dessert,Brownie,5,288.6,32.43,53,70.53,1534.1,40,Card,Cancelled,,Ravi
701327,5/5/2026,Vadodara,Biryani Express,Burger,Paneer Burger,4,391.15,50.68,42.31,75.7,1631.93,64,Cash,Delivered,4.7,Rahul
701328,4/19/2025,Vadodara,Biryani Express,Pizza,Margherita,5,166.45,56.99,25.01,38.76,839.03,30,UPI,Cancelled,,Rahul
701329,2/4/2026,Mumbai,Spice Hub,Burger,Cheese Burger,5,335.23,48.33,20.42,81.39,1729.63,58,Card,Cancelled,,Amit
701330,6/20/2026,Jaipur,Burger House,Pizza,Veg Supreme,5,204.62,9.8,21.6,50.67,1085.57,57,UPI,Delivered,4,Priya
701331,9/22/2025,Rajkot,Spice Hub,Burger,Cheese Burger,1,312.32,38.38,23.44,13.7,311.08,27,Card,Delivered,4.4,Rahul
701332,3/24/2026,Surat,Biryani Express,Pizza,Farmhouse,4,131.72,43.71,25.29,24.16,532.62,71,Cash,Cancelled,,Amit
701333,2/17/2026,Ahmedabad,Urban Tadka,Burger,Cheese Burger,2,339.69,57.65,31.5,31.09,684.32,74,Wallet,Cancelled,,Amit
701334,2/20/2026,Jaipur,Pizza Corner,Burger,Paneer Burger,3,209.63,5.23,25.36,31.18,680.2,54,Cash,Delivered,3.8,Rahul
701335,1/25/2025,Mumbai,Biryani Express,Chinese,Manchurian,1,117.39,13.32,31.74,5.2,141.01,38,UPI,Delivered,3.6,Rahul
701336,11/19/2025,Jaipur,Urban Tadka,Biryani,Hyderabadi Veg,4,179.5,51.63,47.36,33.32,747.05,55,UPI,Delivered,4.3,Ravi
701337,2/13/2026,Jaipur,Urban Tadka,Burger,Paneer Burger,4,361.13,27.34,56.66,70.86,1544.7,26,Cash,Delivered,4.5,Neha
701338,8/19/2025,Gandhinagar,Food Fiesta,Burger,Veg Burger,2,168.72,20.26,24,15.86,357.04,71,UPI,Cancelled,,Neha
701339,10/4/2025,Jaipur,Spice Hub,South Indian,Masala Dosa,4,103.01,29.19,58.51,19.14,460.5,68,UPI,Delivered,3.2,Karan
701340,2/3/2026,Gandhinagar,Food Fiesta,Beverages,Lassi,2,230.07,57.04,40.94,20.16,464.2,62,Wallet,Delivered,3.3,Amit
701341,10/11/2025,Vadodara,Burger House,North Indian,Paneer Butter Masala,5,232.95,17.85,47.07,57.35,1251.32,71,Card,Delivered,3.2,Amit
701342,5/19/2026,Vadodara,Burger House,Biryani,Paneer Biryani,5,169.58,47.85,59.19,40,899.24,75,Wallet,Delivered,3.4,Neha
701343,6/3/2026,Vadodara,Biryani Express,Beverages,Cold Coffee,4,124.52,61.09,35.77,21.85,494.61,62,Wallet,Delivered,3.4,Neha
701344,8/4/2025,Gandhinagar,Urban Tadka,Beverages,Fresh Juice,3,152.64,74.67,39.76,19.16,442.17,23,UPI,Delivered,3.5,Vikas
701345,9/14/2025,Pune,Spice Hub,Chinese,Fried Rice,5,103.13,8.43,24.43,25.36,557.01,47,Card,Delivered,3.6,Neha
701346,5/30/2025,Rajkot,Pizza Corner,Biryani,Veg Biryani,2,392.35,16.61,43.15,38.4,849.64,22,Cash,Delivered,3.6,Karan
701347,10/9/2025,Pune,Pizza Corner,Dessert,Ice Cream,5,260.8,6.48,33.81,64.88,1396.21,29,Wallet,Delivered,4.5,Amit
701348,11/11/2025,Jaipur,Spice Hub,North Indian,Dal Makhani,3,165.56,56.14,28.13,22.03,490.7,26,Wallet,Cancelled,,Rahul
701349,9/7/2025,Gandhinagar,Food Fiesta,South Indian,Masala Dosa,2,394.87,5.68,33.2,39.2,856.46,61,Card,Delivered,4.5,Suresh
701350,4/23/2025,Ahmedabad,Food Fiesta,Chinese,Fried Rice,1,138.95,11.07,34.42,6.39,168.69,32,Cash,Delivered,3.4,Rahul
701351,12/1/2025,Mumbai,Burger House,Dessert,Gulab Jamun,4,324.35,63.25,51.87,61.71,1347.73,53,Cash,Delivered,4.6,Rahul
701352,1/27/2026,Mumbai,Chinese Wok,North Indian,Dal Makhani,3,321.24,72.64,58.89,44.55,994.52,41,Cash,Cancelled,,Karan
701353,6/2/2025,Ahmedabad,Spice Hub,Pizza,Margherita,5,275.24,47.13,45.59,66.45,1441.11,49,Cash,Delivered,4.8,Ravi
701354,11/12/2025,Vadodara,Pizza Corner,Dessert,Gulab Jamun,4,105.19,73.02,52.18,17.39,417.31,55,UPI,Delivered,3,Neha
701355,8/13/2025,Rajkot,Burger House,Burger,Veg Burger,2,191.65,17.36,56.39,18.3,440.63,33,Card,Delivered,3.2,Ravi
701356,6/10/2025,Ahmedabad,Burger House,South Indian,Masala Dosa,3,379.75,47.42,52.68,54.59,1199.1,48,Wallet,Delivered,4.8,Priya
701357,6/16/2026,Ahmedabad,Biryani Express,Biryani,Veg Biryani,5,356.29,42.46,23.48,86.95,1849.42,48,Cash,Delivered,5,Neha
701358,10/16/2025,Rajkot,Pizza Corner,Dessert,Gulab Jamun,3,224.9,38.33,28.53,31.82,696.72,32,Cash,Delivered,4.2,Neha
701359,2/18/2025,Ahmedabad,Pizza Corner,Burger,Veg Burger,2,200.78,41.55,49.9,18,427.91,20,Card,Delivered,4.7,Amit
701360,8/20/2025,Pune,Urban Tadka,Biryani,Paneer Biryani,1,272.58,61.1,39.91,10.57,261.96,63,UPI,Delivered,3.4,Priya
701361,8/8/2025,Surat,Food Fiesta,Beverages,Lassi,3,339.95,40.47,24.62,48.97,1052.97,73,UPI,Delivered,3.1,Suresh
701362,10/20/2025,Rajkot,Burger House,Beverages,Lassi,5,300,57.48,27.61,72.13,1542.26,59,Cash,Cancelled,,Priya
701363,5/1/2026,Rajkot,South Treat,Chinese,Manchurian,5,322.13,0.52,38.12,80.51,1728.76,66,Wallet,Cancelled,,Priya
701364,7/6/2025,Ahmedabad,Biryani Express,Chinese,Noodles,3,81.11,21.56,25.13,11.09,257.99,45,UPI,Cancelled,,Amit
701365,4/4/2025,Jaipur,Food Fiesta,Chinese,Manchurian,5,180.94,57.54,33.36,42.36,922.88,25,UPI,Delivered,4.2,Ravi
701366,7/27/2025,Pune,Chinese Wok,Burger,Cheese Burger,5,376.3,24.82,48.26,92.83,1997.77,33,Cash,Delivered,3.5,Vikas
701367,2/22/2026,Vadodara,Pizza Corner,Burger,Paneer Burger,1,266.09,15.7,42.52,12.52,305.43,43,Wallet,Delivered,3.4,Rahul
701368,7/19/2025,Surat,Burger House,Chinese,Fried Rice,3,209.11,63.61,54.28,28.19,646.19,69,Card,Cancelled,,Rahul
701369,1/12/2026,Rajkot,Chinese Wok,Chinese,Noodles,1,190.96,68.66,40.79,6.12,169.21,46,Cash,Cancelled,,Karan
701370,4/18/2026,Rajkot,South Treat,South Indian,Idli,1,222.13,46.31,40.68,8.79,225.29,64,Cash,Delivered,4.8,Karan
701371,5/10/2026,Mumbai,Burger House,Dessert,Ice Cream,1,198.38,58.06,43.98,7.02,191.32,51,Cash,Delivered,3.6,Ravi
701372,3/9/2026,Surat,Urban Tadka,Beverages,Lassi,5,136.42,65.23,32.67,30.84,680.38,26,Wallet,Cancelled,,Amit
701373,9/5/2025,Surat,South Treat,Burger,Veg Burger,2,370.12,74.6,21.02,33.28,719.94,51,Card,Delivered,3.5,Priya
701374,6/15/2025,Jaipur,Spice Hub,Pizza,Farmhouse,1,187.51,76.68,41.86,5.54,158.23,44,Wallet,Cancelled,,Karan
701375,6/28/2025,Mumbai,Burger House,Pizza,Farmhouse,5,200.68,17.19,57.73,49.31,1093.25,68,Card,Delivered,4,Amit
701376,12/7/2025,Mumbai,Pizza Corner,Pizza,Veg Supreme,5,107.33,57.53,39.75,23.96,542.83,20,Wallet,Delivered,3.7,Karan
701377,5/5/2025,Gandhinagar,South Treat,Chinese,Noodles,3,133.81,25.48,58.66,18.8,453.41,65,Card,Delivered,3.7,Ravi
701378,10/3/2025,Jaipur,Spice Hub,Biryani,Hyderabadi Veg,5,134.33,11.43,32.76,33.01,725.99,15,Wallet,Delivered,4.3,Suresh
701379,7/26/2025,Pune,Biryani Express,Chinese,Fried Rice,1,323.96,30.74,57.35,14.66,365.23,58,Cash,Cancelled,,Karan
701380,3/30/2025,Surat,Biryani Express,Biryani,Hyderabadi Veg,5,271.99,73.34,38.15,64.33,1389.09,62,Card,Delivered,4.5,Suresh
701381,11/2/2025,Ahmedabad,Biryani Express,North Indian,Paneer Butter Masala,4,378.72,69.11,21.1,72.29,1539.16,24,Cash,Cancelled,,Priya
701382,11/17/2025,Vadodara,Spice Hub,Pizza,Margherita,5,327.31,42.72,45.38,79.69,1718.9,18,Wallet,Delivered,3.3,Neha
701383,6/3/2026,Gandhinagar,South Treat,Chinese,Noodles,2,192.23,79.3,47.66,15.26,368.08,16,Cash,Cancelled,,Amit
701384,11/21/2025,Pune,Pizza Corner,South Indian,Idli,3,330.43,56.91,37.89,46.72,1018.99,28,Wallet,Delivered,3.4,Amit
701385,10/18/2025,Mumbai,Spice Hub,South Indian,Masala Dosa,3,86.25,18.8,32.4,12,284.35,62,Card,Delivered,4.6,Priya
701386,12/25/2025,Vadodara,Spice Hub,Pizza,Farmhouse,3,180.84,32.77,32.88,25.49,568.12,70,UPI,Delivered,3.3,Vikas
701387,2/18/2026,Jaipur,Burger House,Dessert,Gulab Jamun,3,146.18,16.94,27.81,21.08,470.49,67,Cash,Delivered,3.4,Vikas
701388,4/8/2026,Ahmedabad,Food Fiesta,Biryani,Hyderabadi Veg,1,88.66,34.04,31.63,2.73,88.98,65,Wallet,Delivered,4.8,Rahul
701389,3/26/2025,Jaipur,Spice Hub,Beverages,Fresh Juice,1,233.7,62.04,31.41,8.58,211.65,16,Cash,Delivered,3.5,Rahul
701390,6/12/2026,Pune,Spice Hub,Dessert,Ice Cream,4,380.11,43.2,47.78,73.86,1598.88,44,Cash,Delivered,4,Neha
701391,9/19/2025,Mumbai,Burger House,Chinese,Fried Rice,3,376.04,79.71,33.49,52.42,1134.32,31,Cash,Delivered,3.2,Karan
701392,2/3/2025,Vadodara,Pizza Corner,Biryani,Paneer Biryani,2,264.03,49.18,23.95,23.94,526.77,41,Wallet,Delivered,3,Suresh
701393,1/22/2025,Vadodara,Spice Hub,Pizza,Farmhouse,2,99.51,9.45,34.32,9.48,233.37,34,Card,Delivered,3,Suresh
701394,5/26/2026,Mumbai,Spice Hub,Dessert,Brownie,3,236.33,75.56,53.67,31.67,718.77,50,Cash,Delivered,4.5,Suresh
701395,5/19/2026,Rajkot,Spice Hub,Burger,Veg Burger,4,266.01,55.78,49.47,50.41,1108.14,73,Card,Cancelled,,Priya
701396,4/18/2025,Vadodara,Food Fiesta,Chinese,Noodles,4,134.16,2.86,27.18,26.69,587.65,36,Wallet,Delivered,4,Ravi
701397,3/15/2026,Ahmedabad,Urban Tadka,Beverages,Cold Coffee,1,174.84,53.49,22.17,6.07,149.59,60,UPI,Delivered,3.7,Karan
701398,1/26/2025,Ahmedabad,Burger House,Dessert,Gulab Jamun,5,299.01,56.84,20.98,71.91,1531.1,17,Cash,Delivered,3.5,Amit
701399,8/5/2025,Surat,Food Fiesta,Chinese,Fried Rice,2,129.54,27.03,42.6,11.6,286.25,18,Cash,Delivered,4.7,Amit
701400,1/31/2026,Rajkot,Pizza Corner,South Indian,Idli,4,150.1,28.78,58.19,28.58,658.39,71,Cash,Delivered,4.4,Amit
701401,9/9/2025,Mumbai,Pizza Corner,Chinese,Noodles,3,335.91,41.2,21.72,48.33,1036.58,34,Cash,Delivered,3.8,Ravi
701402,7/1/2025,Ahmedabad,Pizza Corner,Pizza,Farmhouse,4,159.36,46.94,30.9,29.53,650.93,71,Card,Cancelled,,Neha
701403,4/9/2025,Pune,Chinese Wok,Burger,Cheese Burger,5,254.64,74.61,47.48,59.93,1306,65,Cash,Delivered,4,Karan
701404,11/8/2025,Pune,Burger House,Beverages,Lassi,1,335.75,19.34,40.55,15.82,372.78,52,Card,Cancelled,,Ravi
701405,3/5/2026,Ahmedabad,Food Fiesta,South Indian,Masala Dosa,3,399.89,17.78,23.71,59.09,1264.69,64,Card,Delivered,4.1,Rahul
701406,6/23/2026,Jaipur,Spice Hub,Chinese,Noodles,3,283.68,9.65,36.07,42.07,919.53,15,Cash,Delivered,4.1,Ravi
701407,4/2/2026,Gandhinagar,Food Fiesta,South Indian,Masala Dosa,2,382.1,26.72,36.44,36.87,810.79,59,Card,Cancelled,,Ravi
701408,2/7/2025,Pune,Chinese Wok,Beverages,Cold Coffee,3,269.39,17.35,27.31,39.54,857.67,46,Cash,Delivered,3.3,Vikas
701409,6/11/2026,Pune,Chinese Wok,Burger,Paneer Burger,2,108.28,58.12,55.55,7.92,221.91,20,Wallet,Delivered,4.2,Ravi
701410,10/1/2025,Ahmedabad,Spice Hub,Chinese,Fried Rice,4,169.3,44.13,54.97,31.65,719.69,19,UPI,Delivered,3.7,Karan
701411,6/17/2025,Vadodara,Pizza Corner,South Indian,Uttapam,3,387.38,39.4,49.93,56.14,1228.81,40,Wallet,Delivered,3.3,Suresh
701412,4/6/2026,Pune,Urban Tadka,North Indian,Dal Makhani,3,269.44,29.01,43.21,38.97,861.49,69,UPI,Delivered,3.6,Neha
701413,12/13/2025,Mumbai,Spice Hub,Pizza,Farmhouse,2,274.5,39.54,29.83,25.47,564.76,46,Card,Delivered,3.4,Amit
701414,1/18/2025,Vadodara,Burger House,South Indian,Masala Dosa,3,158.81,32.32,22.06,22.21,488.38,28,Cash,Delivered,3.7,Priya
701415,5/20/2025,Jaipur,Biryani Express,North Indian,Naan Combo,5,380.46,7.76,24.66,94.73,2013.93,34,Card,Delivered,4,Neha
701416,5/26/2026,Gandhinagar,Pizza Corner,Biryani,Veg Biryani,4,341.16,8.66,42.34,67.8,1466.12,36,Cash,Delivered,4,Amit
701417,12/24/2025,Jaipur,Food Fiesta,South Indian,Masala Dosa,3,370.18,17.18,30.54,54.67,1178.57,74,Card,Delivered,3.8,Suresh
701418,1/3/2025,Ahmedabad,Food Fiesta,Biryani,Hyderabadi Veg,3,255.64,14.16,30.24,37.64,820.64,41,Wallet,Delivered,4,Rahul
701419,9/5/2025,Vadodara,Urban Tadka,North Indian,Paneer Butter Masala,4,295.01,64.56,48.37,55.77,1219.62,54,UPI,Delivered,3,Amit
701420,7/1/2025,Gandhinagar,Food Fiesta,Pizza,Veg Supreme,5,135.26,3.56,27.37,33.64,733.75,36,Wallet,Delivered,4.3,Priya
701421,7/5/2025,Jaipur,Burger House,Beverages,Fresh Juice,2,152.78,73.07,27.8,11.62,271.91,27,Cash,Delivered,3.9,Amit
701422,12/12/2025,Pune,Urban Tadka,Dessert,Brownie,3,166.22,41.71,55.84,22.85,535.64,39,Card,Cancelled,,Vikas
701423,12/2/2025,Ahmedabad,Pizza Corner,Pizza,Margherita,4,271.42,56,54.71,51.48,1135.87,62,Card,Delivered,3.8,Neha
701424,2/16/2025,Rajkot,Food Fiesta,Biryani,Veg Biryani,2,214.63,56.32,23.39,18.65,414.98,41,Card,Cancelled,,Neha
701425,9/4/2025,Ahmedabad,Urban Tadka,Chinese,Fried Rice,2,94.74,37.54,41.31,7.6,200.85,21,Cash,Delivered,3.3,Neha
701426,6/24/2026,Vadodara,South Treat,Biryani,Veg Biryani,2,212.75,42.14,42.93,19.17,445.46,53,Card,Cancelled,,Karan
701427,5/22/2025,Ahmedabad,Spice Hub,South Indian,Uttapam,2,367.5,72.82,43.09,33.11,738.38,44,Card,Delivered,4.3,Ravi
701428,2/24/2026,Rajkot,South Treat,Beverages,Lassi,3,276.93,30.05,26.77,40.04,867.55,27,UPI,Delivered,4.2,Suresh
701429,4/14/2025,Gandhinagar,Burger House,Chinese,Noodles,1,147.52,2.92,26.6,7.23,178.43,46,UPI,Delivered,4.8,Amit
701430,7/4/2025,Surat,Burger House,Chinese,Noodles,2,387.41,31.61,28.38,37.16,808.75,48,Cash,Delivered,4.2,Rahul
701431,5/26/2026,Mumbai,Pizza Corner,Chinese,Noodles,2,242.75,42.34,50.12,22.16,515.44,49,UPI,Delivered,4.9,Vikas
701432,6/24/2026,Surat,Spice Hub,South Indian,Uttapam,5,345.71,69,22.34,82.98,1764.87,40,Card,Cancelled,,Ravi
701433,4/20/2026,Ahmedabad,Chinese Wok,Biryani,Veg Biryani,4,327.41,59.15,39.53,62.52,1352.54,67,UPI,Delivered,4.7,Rahul
701434,3/10/2025,Surat,Burger House,North Indian,Dal Makhani,1,209.28,19.79,51.76,9.47,250.72,32,Wallet,Cancelled,,Neha
701435,6/3/2025,Ahmedabad,Burger House,Beverages,Lassi,1,84.68,63.33,39.53,1.07,61.95,69,UPI,Delivered,4.6,Rahul
701436,4/7/2026,Ahmedabad,Pizza Corner,North Indian,Dal Makhani,4,241.38,15.6,50.12,47.5,1047.54,28,Cash,Delivered,3.3,Ravi
701437,4/9/2026,Surat,Food Fiesta,Dessert,Gulab Jamun,4,339.78,51.57,32.63,65.38,1405.56,64,Card,Cancelled,,Rahul
701438,4/26/2026,Rajkot,South Treat,Burger,Paneer Burger,4,171.49,80,36.87,30.3,673.13,20,Card,Delivered,4.7,Neha
701439,4/9/2026,Ahmedabad,Spice Hub,South Indian,Uttapam,1,230.85,23.55,26.01,10.37,243.68,60,UPI,Delivered,4,Amit
701440,4/1/2026,Surat,Spice Hub,Burger,Cheese Burger,1,118.93,2.26,55.78,5.83,178.28,44,Wallet,Delivered,3.2,Karan
701441,4/25/2025,Pune,Burger House,Burger,Cheese Burger,4,229.69,58.67,54.31,43,957.4,39,Card,Cancelled,,Rahul
701442,4/30/2025,Mumbai,Urban Tadka,Biryani,Veg Biryani,5,91.54,27.82,29.72,21.49,481.09,61,Card,Delivered,4.3,Ravi
701443,5/4/2026,Mumbai,Burger House,Chinese,Noodles,5,226.85,44.14,30.45,54.51,1175.07,17,UPI,Delivered,4.9,Vikas
701444,8/18/2025,Vadodara,Burger House,Pizza,Farmhouse,4,273.68,27.03,36.9,53.38,1157.97,54,Cash,Cancelled,,Vikas
701445,5/28/2025,Vadodara,Food Fiesta,Chinese,Manchurian,3,101.31,68.3,47.14,11.78,294.55,48,Cash,Delivered,3.1,Karan
701446,8/24/2025,Jaipur,Biryani Express,North Indian,Naan Combo,1,376.88,57.96,31.58,15.95,366.45,23,Wallet,Delivered,4,Amit
701447,6/6/2025,Surat,Biryani Express,Beverages,Cold Coffee,1,216.96,50.1,20.18,8.34,195.38,29,Wallet,Delivered,3.6,Suresh
701448,9/9/2025,Gandhinagar,Food Fiesta,Burger,Cheese Burger,4,158.53,11.59,27.72,31.13,681.38,70,UPI,Delivered,3.2,Priya
701449,8/8/2025,Rajkot,South Treat,Pizza,Margherita,1,254.73,55.31,51.66,9.97,261.05,55,Cash,Delivered,4,Amit
701450,3/27/2026,Jaipur,Urban Tadka,South Indian,Masala Dosa,3,189.92,5.03,45.53,28.24,638.5,51,UPI,Delivered,4.3,Neha
701451,5/21/2026,Gandhinagar,Chinese Wok,Burger,Paneer Burger,1,156.78,23.34,30.02,6.67,170.13,59,Cash,Delivered,3,Priya
701452,5/23/2026,Vadodara,South Treat,Pizza,Veg Supreme,5,212.64,70.79,24.22,49.62,1066.25,72,Cash,Delivered,4.9,Karan
701453,1/8/2025,Jaipur,Spice Hub,Biryani,Hyderabadi Veg,3,139.63,39.59,56.67,18.96,454.93,33,Cash,Delivered,3.8,Suresh
701454,11/23/2025,Rajkot,South Treat,Biryani,Veg Biryani,3,147.22,41.86,51.74,19.99,471.53,73,Cash,Delivered,4.3,Ravi
701455,3/15/2026,Rajkot,Burger House,Chinese,Manchurian,2,308.37,0.86,41.1,30.79,687.77,50,Card,Delivered,4.8,Amit
701456,6/28/2025,Jaipur,Burger House,Pizza,Farmhouse,3,146.5,51.91,58.38,19.38,465.35,61,Wallet,Cancelled,,Vikas
701457,6/17/2025,Surat,South Treat,Chinese,Fried Rice,4,305.03,75.9,26.33,57.21,1227.76,30,Wallet,Delivered,5,Amit
701458,4/25/2026,Ahmedabad,Chinese Wok,Beverages,Fresh Juice,1,135.57,70.26,28.4,3.27,96.98,23,Wallet,Delivered,4.9,Priya
701459,2/26/2025,Pune,Biryani Express,North Indian,Naan Combo,2,203.75,71.43,45.33,16.8,398.2,18,Cash,Delivered,4.7,Priya
701460,6/21/2026,Gandhinagar,Spice Hub,Biryani,Veg Biryani,1,163.65,33.33,35.59,6.52,172.43,16,UPI,Cancelled,,Ravi
701461,6/8/2025,Ahmedabad,Pizza Corner,Burger,Cheese Burger,3,113.27,54.11,45.85,14.29,345.84,17,Card,Delivered,3.8,Priya
701462,2/5/2025,Pune,Burger House,Pizza,Veg Supreme,2,191.14,37.89,39.61,17.22,401.22,19,Wallet,Delivered,4.6,Suresh
701463,11/22/2025,Ahmedabad,Food Fiesta,Chinese,Fried Rice,3,332.52,40.11,30.6,47.87,1035.92,39,Cash,Delivered,3.7,Priya
701464,6/19/2025,Rajkot,Pizza Corner,Chinese,Noodles,2,222.65,69.92,24.99,18.77,419.14,65,UPI,Delivered,3.6,Vikas
701465,11/13/2025,Mumbai,Urban Tadka,Dessert,Brownie,4,213.37,20.02,48.29,41.67,923.42,68,Wallet,Cancelled,,Suresh
701466,1/9/2026,Pune,Chinese Wok,Burger,Veg Burger,2,250.14,31.38,57.52,23.45,549.87,16,UPI,Delivered,3,Priya
701467,1/30/2026,Vadodara,Chinese Wok,Dessert,Ice Cream,3,179.52,59.98,32.06,23.93,534.57,31,Card,Delivered,3.6,Karan
701468,1/8/2026,Gandhinagar,Burger House,North Indian,Dal Makhani,3,234.83,10.36,59.74,34.71,788.58,59,UPI,Delivered,3.7,Vikas
701469,10/11/2025,Ahmedabad,Spice Hub,Biryani,Paneer Biryani,2,202.99,57.92,29.01,17.4,394.47,55,Card,Delivered,3.8,Suresh
701470,6/19/2025,Mumbai,Burger House,Pizza,Farmhouse,5,238.04,31.97,38.68,57.91,1254.82,59,Card,Delivered,4.4,Ravi
701471,6/11/2025,Surat,Spice Hub,Dessert,Brownie,2,166.59,65.48,42.34,13.38,323.42,51,UPI,Delivered,3.8,Neha
701472,9/12/2025,Mumbai,Biryani Express,Chinese,Manchurian,5,187.4,30.9,31.81,45.31,983.22,16,Card,Delivered,3.6,Vikas
701473,7/3/2025,Jaipur,Chinese Wok,Beverages,Lassi,5,106.64,55.67,34.03,23.88,535.44,42,Cash,Cancelled,,Amit
701474,7/26/2025,Ahmedabad,South Treat,South Indian,Idli,4,285.99,16.28,57.08,56.38,1241.14,51,Cash,Delivered,4.5,Suresh
701475,6/27/2025,Surat,South Treat,North Indian,Naan Combo,4,167.76,61.14,31.61,30.5,672.01,68,Card,Cancelled,,Ravi
701476,10/30/2025,Jaipur,Burger House,South Indian,Idli,2,230,5.31,25.27,22.73,502.69,54,UPI,Delivered,4.3,Karan
701477,12/28/2025,Vadodara,Pizza Corner,Beverages,Fresh Juice,2,309.85,34.38,29.3,29.27,643.89,33,Card,Delivered,3.2,Priya
701478,3/23/2025,Pune,Biryani Express,Beverages,Lassi,3,108.26,79.4,32.89,12.27,290.54,19,Card,Cancelled,,Rahul
701479,2/19/2026,Vadodara,Urban Tadka,South Indian,Masala Dosa,3,177.07,2.83,58.29,26.42,613.09,18,Card,Delivered,4.9,Suresh
701480,3/4/2026,Pune,Food Fiesta,Chinese,Noodles,5,99.28,24.54,37.25,23.59,532.7,22,Card,Delivered,4.7,Karan
701481,11/8/2025,Gandhinagar,Burger House,Burger,Cheese Burger,4,132.46,55.08,21.35,23.74,519.85,72,UPI,Delivered,4.9,Karan
701482,3/26/2025,Pune,Burger House,Chinese,Noodles,4,81.68,70.09,55.84,12.83,325.3,51,Cash,Delivered,3.1,Vikas
701483,4/12/2026,Ahmedabad,Chinese Wok,Dessert,Gulab Jamun,3,193.55,9.49,54.94,28.56,654.66,62,Card,Delivered,4.7,Karan
701484,4/11/2025,Surat,Biryani Express,Biryani,Hyderabadi Veg,3,209.3,66.94,36.78,28.05,625.79,59,Cash,Delivered,3.9,Ravi
701485,7/31/2025,Rajkot,Food Fiesta,Beverages,Lassi,5,83.41,13.21,20.23,20.19,444.26,45,Cash,Delivered,3.3,Karan
701486,3/2/2026,Rajkot,South Treat,Pizza,Margherita,2,368.32,66.9,57.35,33.49,760.58,16,Wallet,Delivered,4.1,Vikas
701487,11/19/2025,Mumbai,South Treat,Dessert,Gulab Jamun,2,278.51,29.76,32.48,26.36,586.1,53,Cash,Cancelled,,Vikas
701488,7/19/2025,Vadodara,Spice Hub,North Indian,Paneer Butter Masala,4,273.06,1.72,35.19,54.53,1180.24,26,UPI,Delivered,4,Suresh
701489,11/23/2025,Rajkot,Biryani Express,Dessert,Ice Cream,2,343.78,10.32,54.19,33.86,765.29,55,Wallet,Cancelled,,Priya
701490,6/6/2026,Pune,Burger House,South Indian,Masala Dosa,4,380.5,77.04,58.78,72.25,1575.99,31,Wallet,Delivered,3.2,Ravi
701491,7/22/2025,Ahmedabad,Burger House,Dessert,Brownie,3,292.75,50.09,51.14,41.41,920.71,26,Cash,Cancelled,,Rahul
701492,5/14/2025,Jaipur,Biryani Express,Dessert,Brownie,3,99.12,73.08,28.34,11.21,263.83,43,Cash,Delivered,4.8,Karan
701493,10/31/2025,Surat,Urban Tadka,Pizza,Farmhouse,5,118.58,3.47,27.03,29.47,645.93,28,UPI,Delivered,3.6,Rahul
701494,4/26/2026,Jaipur,Urban Tadka,Biryani,Hyderabadi Veg,4,338.32,4.15,37.02,67.46,1453.61,22,UPI,Delivered,5,Priya
701495,3/13/2026,Vadodara,South Treat,South Indian,Uttapam,4,241.34,41.65,21.76,46.19,991.66,44,Wallet,Delivered,4.6,Priya
701496,1/1/2025,Vadodara,Burger House,South Indian,Uttapam,5,355.62,1.94,54.4,88.81,1919.37,53,Cash,Delivered,4.4,Karan
701497,8/16/2025,Gandhinagar,Pizza Corner,Biryani,Paneer Biryani,4,360.18,51.68,24.23,69.45,1482.72,42,Wallet,Delivered,3.5,Ravi
701498,5/14/2026,Gandhinagar,Pizza Corner,Beverages,Fresh Juice,5,279.68,58.06,53.89,67.02,1461.25,72,Card,Delivered,3.5,Karan
701499,5/14/2026,Jaipur,Chinese Wok,Pizza,Farmhouse,5,351.84,29.06,34.54,86.51,1851.19,68,Cash,Delivered,4.7,Vikas
701500,4/14/2026,Vadodara,Pizza Corner,Burger,Veg Burger,1,204.83,14.58,56.39,9.51,256.15,51,UPI,Delivered,3.8,Priya
701501,8/15/2025,Rajkot,South Treat,Beverages,Cold Coffee,5,396.67,74.5,55.81,95.44,2060.1,49,Wallet,Cancelled,,Karan
701502,12/30/2025,Gandhinagar,Pizza Corner,Chinese,Noodles,3,355.16,4.47,59.78,53.05,1173.84,18,Wallet,Delivered,4,Karan
701503,12/2/2025,Ahmedabad,Food Fiesta,Biryani,Hyderabadi Veg,3,162.62,57.85,33.78,21.5,485.29,46,UPI,Cancelled,,Rahul
701504,12/26/2025,Ahmedabad,Burger House,Beverages,Cold Coffee,4,218.08,76.88,49.04,39.77,884.25,16,UPI,Delivered,3.4,Amit
701505,1/28/2026,Pune,Chinese Wok,Pizza,Farmhouse,5,208.71,52.23,28.16,49.57,1069.05,74,UPI,Delivered,3.7,Ravi
701506,9/16/2025,Jaipur,Chinese Wok,Chinese,Noodles,1,313.56,77.34,36.4,11.81,284.43,53,UPI,Delivered,4.1,Suresh
701507,1/3/2025,Rajkot,Spice Hub,North Indian,Paneer Butter Masala,1,213.5,40.8,51.22,8.63,232.55,33,UPI,Delivered,3.3,Priya
701508,4/27/2026,Ahmedabad,Chinese Wok,Burger,Veg Burger,4,204.25,30.16,21.35,39.34,847.53,37,UPI,Delivered,3.5,Karan
701509,12/7/2025,Vadodara,Food Fiesta,Beverages,Lassi,2,246.16,7.26,50.88,24.25,560.19,35,UPI,Delivered,3.7,Vikas
701510,4/11/2026,Gandhinagar,Spice Hub,Chinese,Fried Rice,5,354.06,69.62,59.53,85.03,1845.24,31,Wallet,Delivered,3.5,Priya
701511,3/30/2026,Pune,South Treat,North Indian,Naan Combo,2,242.44,36.54,42.5,22.42,513.26,36,Cash,Delivered,4.6,Amit
701512,4/7/2026,Mumbai,Biryani Express,Burger,Veg Burger,1,391.45,4.03,37.51,19.37,444.3,23,Card,Delivered,3.1,Rahul
701513,4/2/2026,Rajkot,Urban Tadka,Burger,Cheese Burger,2,232.48,69.89,37.01,19.75,451.83,53,Cash,Delivered,3.4,Rahul
701514,7/28/2025,Ahmedabad,Chinese Wok,South Indian,Idli,4,356.76,43.45,32.71,69.18,1485.48,42,Card,Cancelled,,Priya
701515,7/3/2025,Rajkot,Food Fiesta,Chinese,Manchurian,4,319.66,25.26,30.86,62.67,1346.91,17,Card,Cancelled,,Suresh
701516,3/15/2025,Jaipur,Food Fiesta,South Indian,Idli,4,283.78,47.97,53.21,54.36,1194.72,51,Cash,Delivered,4.1,Ravi
701517,4/17/2025,Gandhinagar,Food Fiesta,Biryani,Hyderabadi Veg,3,324.69,31.13,45.79,47.15,1035.88,28,UPI,Cancelled,,Suresh
701518,1/28/2026,Rajkot,Urban Tadka,Burger,Veg Burger,3,142.02,62.05,40.24,18.2,422.45,67,Card,Delivered,4.9,Amit
701519,11/27/2025,Rajkot,Spice Hub,Chinese,Fried Rice,4,123.17,7.85,28.86,24.24,537.93,49,Wallet,Delivered,4.8,Ravi
701520,4/6/2025,Vadodara,Chinese Wok,North Indian,Dal Makhani,1,213.98,10.94,39.39,10.15,252.58,29,Card,Delivered,4.6,Priya
701521,11/26/2025,Rajkot,Chinese Wok,South Indian,Idli,3,306.08,33.73,30.11,44.23,958.85,49,Cash,Delivered,3.6,Neha
701522,1/25/2025,Pune,South Treat,Beverages,Cold Coffee,5,178.3,20.92,53.12,43.53,967.23,74,Cash,Delivered,4.8,Karan
701523,4/18/2025,Rajkot,Chinese Wok,Pizza,Veg Supreme,5,186.44,79.5,44.49,42.64,939.83,64,Card,Delivered,5,Neha
701524,12/28/2025,Ahmedabad,Spice Hub,Pizza,Margherita,5,157.26,76.83,25.18,35.47,770.12,29,Cash,Delivered,4.9,Priya
701525,5/11/2026,Rajkot,Biryani Express,Dessert,Brownie,1,263.95,24.17,56.96,11.99,308.73,35,UPI,Delivered,4.9,Priya
701526,7/19/2025,Rajkot,Urban Tadka,Burger,Cheese Burger,5,258.72,41.12,57.02,62.62,1372.12,73,Wallet,Cancelled,,Priya
701527,2/16/2025,Surat,Spice Hub,Beverages,Lassi,5,275.83,7.98,58.27,68.56,1498,54,Card,Delivered,4.6,Ravi
701528,8/17/2025,Mumbai,Food Fiesta,North Indian,Dal Makhani,1,398.64,74.42,33.61,16.21,374.04,17,Wallet,Cancelled,,Amit
701529,2/21/2026,Gandhinagar,Pizza Corner,Pizza,Farmhouse,2,385.12,79.32,35.13,34.55,760.6,22,Cash,Delivered,4.2,Amit
701530,10/14/2025,Surat,South Treat,South Indian,Masala Dosa,1,298.51,14.02,24.62,14.22,323.33,38,Cash,Delivered,4.4,Vikas
701531,4/9/2026,Ahmedabad,Urban Tadka,Dessert,Ice Cream,3,275.77,17.29,39.35,40.5,889.87,23,Wallet,Cancelled,,Priya
701532,3/6/2026,Jaipur,Spice Hub,Beverages,Lassi,3,299.83,61.01,59.6,41.92,940,34,Card,Delivered,4,Karan
701533,9/16/2025,Pune,South Treat,Chinese,Manchurian,1,352.83,30.14,48.24,16.13,387.06,36,Wallet,Delivered,3,Priya
701534,1/29/2025,Surat,South Treat,North Indian,Paneer Butter Masala,5,160.2,6.37,45.49,39.73,879.85,25,Card,Delivered,3.3,Neha
701535,6/15/2025,Ahmedabad,Food Fiesta,Biryani,Paneer Biryani,4,330.51,23.39,33.16,64.93,1396.74,56,Cash,Delivered,4.9,Ravi
701536,1/1/2025,Rajkot,Burger House,Burger,Cheese Burger,2,129.3,0.4,52.55,12.91,323.66,48,Wallet,Delivered,3.1,Priya
701537,6/20/2026,Pune,Spice Hub,South Indian,Masala Dosa,3,82.09,68.66,39.1,8.88,225.59,30,Cash,Delivered,4.2,Ravi
701538,4/12/2026,Jaipur,Urban Tadka,North Indian,Naan Combo,1,158.26,52.23,50.66,5.3,161.99,49,Wallet,Delivered,3.4,Rahul
701539,6/4/2026,Surat,Food Fiesta,Burger,Cheese Burger,4,298.61,69.24,33.67,56.26,1215.13,28,UPI,Delivered,3.8,Vikas
701540,1/25/2026,Jaipur,Burger House,Beverages,Lassi,2,265.33,21.02,58.79,25.48,593.91,16,UPI,Delivered,4.8,Priya
701541,8/31/2025,Vadodara,Biryani Express,Chinese,Noodles,4,255.6,12.16,31.31,50.51,1092.06,64,Cash,Delivered,3.3,Priya
701542,8/30/2025,Vadodara,Chinese Wok,North Indian,Dal Makhani,2,399.72,24.54,49.84,38.75,863.49,28,Wallet,Delivered,4.6,Amit
701543,6/20/2026,Pune,Urban Tadka,Chinese,Noodles,2,141.67,66.3,49.96,10.85,277.85,40,Cash,Cancelled,,Vikas
701544,10/30/2025,Vadodara,Spice Hub,Beverages,Lassi,3,190.22,49.07,35.8,26.08,583.47,58,Cash,Delivered,3.4,Vikas
701545,2/21/2026,Mumbai,Food Fiesta,Dessert,Ice Cream,5,139.67,9.44,56.13,34.45,779.49,36,UPI,Delivered,3.4,Ravi
701546,6/22/2025,Jaipur,South Treat,North Indian,Naan Combo,5,296.11,4.95,44.87,73.78,1594.25,37,Wallet,Delivered,4.1,Neha
701547,4/19/2026,Mumbai,Burger House,Biryani,Hyderabadi Veg,5,174.19,22.46,40.69,42.42,931.6,74,Card,Delivered,5,Rahul
701548,1/1/2026,Ahmedabad,Urban Tadka,North Indian,Dal Makhani,3,154.47,53.31,58.66,20.5,489.26,51,Cash,Delivered,4.5,Ravi
701549,7/4/2025,Ahmedabad,Biryani Express,Pizza,Margherita,4,353.49,56.97,29.22,67.85,1454.06,71,Cash,Cancelled,,Priya
701550,3/20/2026,Vadodara,South Treat,Beverages,Fresh Juice,4,98.01,64.53,53.47,16.38,397.36,62,Cash,Delivered,5,Suresh
701551,3/26/2026,Pune,Biryani Express,North Indian,Dal Makhani,2,399.33,4.29,39.73,39.72,873.82,59,Card,Delivered,4.9,Vikas
701552,2/12/2025,Vadodara,Spice Hub,Biryani,Paneer Biryani,5,216.57,30.93,23.99,52.6,1128.51,37,UPI,Delivered,3.1,Priya
701553,2/25/2025,Vadodara,Biryani Express,South Indian,Uttapam,4,157.81,28.28,26.37,30.15,659.48,17,Cash,Cancelled,,Neha
701554,10/29/2025,Vadodara,Chinese Wok,North Indian,Naan Combo,2,86.86,14.44,45.14,7.96,212.38,72,UPI,Delivered,3.4,Ravi
701555,3/19/2025,Jaipur,Chinese Wok,Burger,Cheese Burger,5,167.2,5.96,23.49,41.5,895.03,21,Wallet,Delivered,4.5,Rahul
701556,3/6/2026,Ahmedabad,Pizza Corner,North Indian,Naan Combo,4,120.14,15.74,37.36,23.24,525.42,26,Card,Cancelled,,Ravi
701557,8/24/2025,Gandhinagar,South Treat,South Indian,Masala Dosa,3,162.11,31,22.26,22.77,500.36,46,Cash,Delivered,4.8,Neha
701558,7/27/2025,Mumbai,Chinese Wok,Beverages,Fresh Juice,5,259.56,56.11,41.43,62.08,1345.2,48,UPI,Delivered,4.3,Ravi
701559,1/8/2025,Rajkot,Spice Hub,Biryani,Veg Biryani,2,144.05,36.52,29.33,12.58,293.49,22,Wallet,Delivered,4.7,Neha
701560,12/8/2025,Vadodara,Food Fiesta,Pizza,Margherita,2,391.45,5.1,28.35,38.89,845.04,60,Cash,Delivered,5,Suresh
701561,10/21/2025,Jaipur,Food Fiesta,Dessert,Brownie,5,80.16,8.73,50.44,19.6,462.11,23,Cash,Cancelled,,Ravi
701562,3/5/2025,Ahmedabad,Chinese Wok,Biryani,Hyderabadi Veg,3,314.17,72.34,46.41,43.51,960.09,73,UPI,Delivered,3.9,Amit
701563,7/30/2025,Rajkot,Spice Hub,Pizza,Margherita,1,338.88,74.15,42.49,13.24,320.46,38,Wallet,Cancelled,,Amit
701564,4/13/2025,Gandhinagar,Urban Tadka,South Indian,Uttapam,4,99.88,11.1,51.8,19.42,459.64,62,Card,Delivered,3.5,Neha
701565,3/27/2026,Ahmedabad,Food Fiesta,Biryani,Veg Biryani,1,302.3,11.36,43.23,14.55,348.72,37,Cash,Delivered,3.6,Ravi
701566,1/11/2025,Mumbai,Spice Hub,North Indian,Paneer Butter Masala,2,208.68,6.24,36.2,20.56,467.88,36,Cash,Delivered,3.2,Neha
701567,10/20/2025,Ahmedabad,Food Fiesta,Beverages,Lassi,3,310.91,49.46,48.01,44.16,975.44,67,Wallet,Delivered,4.9,Amit
701568,6/10/2026,Pune,Food Fiesta,Beverages,Lassi,3,233.88,29.21,57.42,33.62,763.47,41,Cash,Delivered,4.9,Karan
701569,10/3/2025,Gandhinagar,Chinese Wok,North Indian,Dal Makhani,1,225.94,12.21,48.94,10.69,273.36,23,Cash,Delivered,3.8,Vikas
701570,8/14/2025,Vadodara,Burger House,Pizza,Veg Supreme,3,390.55,8.72,50.77,58.15,1271.85,45,Wallet,Delivered,5,Karan
701571,6/17/2025,Pune,Food Fiesta,Biryani,Veg Biryani,4,301.36,9.24,32.08,59.81,1288.09,69,Wallet,Delivered,3.2,Ravi
701572,4/21/2026,Surat,Biryani Express,South Indian,Uttapam,5,263.38,61.66,39.44,62.76,1357.44,65,Cash,Delivered,4.8,Priya
701573,3/19/2025,Surat,Biryani Express,Biryani,Paneer Biryani,4,372.99,45.57,22.22,72.32,1540.93,63,Cash,Cancelled,,Priya
701574,7/13/2025,Gandhinagar,Chinese Wok,North Indian,Dal Makhani,1,385.55,27.2,45.42,17.92,421.69,53,Wallet,Cancelled,,Suresh
701575,2/20/2025,Ahmedabad,South Treat,Biryani,Paneer Biryani,4,214.79,12.51,24.8,42.33,913.78,63,Cash,Delivered,5,Ravi
701576,8/7/2025,Vadodara,South Treat,Dessert,Brownie,4,129.57,53.57,40.47,23.24,528.42,37,Wallet,Delivered,4.8,Neha
701577,8/2/2025,Surat,Burger House,Chinese,Manchurian,2,322.01,52.84,54.16,29.56,674.9,53,UPI,Delivered,3.3,Karan
701578,6/26/2025,Mumbai,Spice Hub,Dessert,Ice Cream,2,360.76,15.76,36.79,35.29,777.84,61,UPI,Delivered,3.8,Karan
701579,9/13/2025,Rajkot,South Treat,Dessert,Brownie,2,98.72,33.09,31.26,8.22,203.83,17,Card,Delivered,3.5,Amit
701580,3/23/2026,Rajkot,Chinese Wok,Biryani,Hyderabadi Veg,5,353.98,44.5,41.39,86.27,1853.06,35,Wallet,Delivered,4.3,Rahul
701581,11/19/2025,Ahmedabad,Chinese Wok,Chinese,Noodles,1,94.11,26.78,42.6,3.37,113.3,42,Card,Cancelled,,Karan
701582,11/21/2025,Jaipur,South Treat,Beverages,Cold Coffee,4,170.83,66.35,31.36,30.85,679.18,49,Cash,Cancelled,,Rahul
701583,8/24/2025,Rajkot,Burger House,South Indian,Uttapam,4,372.43,63.47,29.39,71.31,1526.95,20,UPI,Cancelled,,Neha
701584,1/12/2026,Rajkot,Spice Hub,Biryani,Veg Biryani,2,331.39,27.09,54.25,31.78,721.72,63,Wallet,Delivered,4.4,Karan
701585,10/6/2025,Mumbai,Pizza Corner,Chinese,Manchurian,1,349.3,37.18,29.39,15.61,357.12,35,Card,Delivered,3.7,Priya
701586,2/4/2025,Jaipur,Biryani Express,North Indian,Dal Makhani,4,280.44,35.16,31.66,54.33,1172.59,34,Wallet,Delivered,3.7,Amit
701587,7/27/2025,Vadodara,Urban Tadka,Chinese,Manchurian,5,231.74,69.65,57.74,54.45,1201.24,63,Card,Delivered,3,Neha
701588,3/9/2025,Ahmedabad,Spice Hub,Pizza,Margherita,3,181.59,0.14,51.17,27.23,623.03,16,Cash,Delivered,3.7,Rahul
701589,12/31/2025,Vadodara,Biryani Express,Pizza,Veg Supreme,1,169.23,79.61,23.1,4.48,117.2,65,UPI,Delivered,3.5,Priya
701590,8/8/2025,Ahmedabad,Burger House,Pizza,Margherita,3,349.01,74.17,47.36,48.64,1068.86,53,Wallet,Delivered,3,Ravi
701591,10/31/2025,Gandhinagar,Burger House,South Indian,Idli,4,361.65,54.97,30.87,69.58,1492.08,45,Wallet,Delivered,4.4,Suresh
701592,1/28/2026,Mumbai,Biryani Express,Dessert,Gulab Jamun,5,288.69,28.18,42.56,70.76,1528.59,32,Card,Delivered,3.6,Amit
701593,4/30/2025,Surat,Biryani Express,Pizza,Margherita,2,324.26,45.11,26.47,30.17,660.05,41,Cash,Delivered,3.4,Priya
701594,8/25/2025,Rajkot,Burger House,Biryani,Paneer Biryani,3,317.29,70.18,21.52,44.08,947.29,41,Wallet,Delivered,3.8,Priya
701595,1/30/2026,Rajkot,Food Fiesta,South Indian,Idli,5,251.45,24.23,22.86,61.65,1317.53,33,Card,Delivered,3.7,Karan
701596,11/15/2025,Ahmedabad,South Treat,Chinese,Manchurian,1,380.08,44.54,29.65,16.78,381.97,54,UPI,Cancelled,,Amit
701597,10/16/2025,Mumbai,South Treat,Dessert,Brownie,2,367.55,73.57,57.21,33.08,751.82,23,Cash,Delivered,4,Neha
701598,8/12/2025,Jaipur,Urban Tadka,North Indian,Paneer Butter Masala,1,126.16,32.45,47.5,4.69,145.9,42,UPI,Delivered,4.2,Ravi
701599,8/10/2025,Pune,Food Fiesta,Chinese,Fried Rice,1,181.34,25.88,22.05,7.77,185.28,61,Card,Cancelled,,Rahul
701600,5/2/2026,Rajkot,Spice Hub,Chinese,Fried Rice,2,320.83,54.43,58.79,29.36,675.38,40,Card,Cancelled,,Karan
701601,2/5/2026,Pune,Urban Tadka,Biryani,Veg Biryani,1,153.78,72.58,44.89,4.06,130.15,64,UPI,Cancelled,,Rahul
701602,2/1/2026,Vadodara,Food Fiesta,Burger,Paneer Burger,1,218.76,68.6,36.2,7.51,193.87,34,Card,Delivered,3.8,Priya
701603,7/7/2025,Rajkot,Biryani Express,Chinese,Manchurian,3,382.96,17.91,47.66,56.55,1235.18,75,UPI,Delivered,4.1,Priya
701604,3/16/2026,Surat,Pizza Corner,Beverages,Cold Coffee,3,343.2,13.91,27.98,50.78,1094.45,44,Card,Delivered,3.2,Ravi
701605,10/22/2025,Gandhinagar,Urban Tadka,Beverages,Fresh Juice,2,310.97,50.1,49.59,28.59,650.02,20,Card,Delivered,4.4,Priya
701606,3/11/2025,Ahmedabad,Biryani Express,Chinese,Manchurian,2,332.7,57.41,58.61,30.4,697,15,UPI,Delivered,4,Amit
701607,3/4/2026,Gandhinagar,Urban Tadka,Pizza,Margherita,5,156.63,58.05,53.84,36.26,815.2,71,Wallet,Cancelled,,Rahul
701608,1/25/2025,Ahmedabad,Urban Tadka,South Indian,Masala Dosa,1,357.28,15.1,49.92,17.11,409.21,60,Cash,Cancelled,,Priya
701609,6/6/2025,Ahmedabad,Urban Tadka,Biryani,Hyderabadi Veg,2,259.37,76.63,25.42,22.11,489.64,19,Wallet,Delivered,4.1,Priya
701610,5/30/2025,Surat,Pizza Corner,Beverages,Cold Coffee,1,229.41,65.06,44.28,8.22,216.85,30,Card,Delivered,3.6,Rahul
701611,1/1/2025,Ahmedabad,Spice Hub,Dessert,Gulab Jamun,1,240.87,53.37,32.73,9.38,229.61,27,Cash,Cancelled,,Priya
701612,4/18/2025,Jaipur,Burger House,South Indian,Idli,5,182.63,31.4,47.74,44.09,973.58,37,Wallet,Delivered,4.1,Neha
701613,6/6/2025,Surat,Spice Hub,Beverages,Fresh Juice,4,98.82,58.07,21.87,16.86,375.94,64,Wallet,Delivered,4.5,Rahul
701614,1/31/2025,Ahmedabad,Burger House,North Indian,Naan Combo,1,191.09,79.01,25.61,5.6,143.29,32,Card,Delivered,3.2,Amit
701615,5/31/2026,Ahmedabad,South Treat,North Indian,Naan Combo,3,188.45,12.22,44.46,27.66,625.25,50,Card,Delivered,3.1,Karan
701616,5/11/2025,Vadodara,South Treat,Dessert,Brownie,4,192.06,63.13,32.01,35.26,772.38,25,Wallet,Cancelled,,Neha
701617,8/4/2025,Rajkot,Spice Hub,Dessert,Brownie,2,225.42,43.61,28.4,20.36,455.99,67,Wallet,Delivered,4.4,Rahul
701618,6/9/2025,Ahmedabad,South Treat,Chinese,Fried Rice,4,319.21,61.51,40.38,60.77,1316.48,25,Wallet,Cancelled,,Neha
701619,4/4/2026,Ahmedabad,South Treat,South Indian,Uttapam,2,375.61,2.91,44.52,37.42,830.25,73,Card,Delivered,3.9,Neha
701620,6/4/2025,Vadodara,Biryani Express,Burger,Cheese Burger,2,162.69,64.09,21.05,13.06,295.4,64,Cash,Delivered,4.4,Amit
701621,4/5/2026,Gandhinagar,Chinese Wok,Burger,Veg Burger,2,176.34,28.27,30.91,16.22,371.54,72,UPI,Delivered,3.6,Priya
701622,2/27/2026,Jaipur,Spice Hub,North Indian,Paneer Butter Masala,5,138.29,48.06,20.71,32.17,696.27,23,Wallet,Delivered,4.9,Rahul
701623,9/5/2025,Jaipur,Spice Hub,Dessert,Gulab Jamun,3,127.86,17.52,49.25,18.3,433.61,31,Card,Delivered,4.4,Priya
701624,5/12/2025,Surat,Burger House,Biryani,Hyderabadi Veg,4,100.45,60.94,47.07,17.04,404.97,50,Wallet,Delivered,4.6,Karan
701625,7/20/2025,Pune,Biryani Express,North Indian,Paneer Butter Masala,1,91,47.73,46.89,2.16,92.32,24,UPI,Delivered,4,Amit
701626,2/5/2025,Mumbai,Chinese Wok,South Indian,Masala Dosa,2,282.51,74.5,32.07,24.53,547.12,50,UPI,Delivered,4.9,Amit
701627,8/13/2025,Mumbai,Biryani Express,Pizza,Margherita,2,229.62,18.67,46.11,22.03,508.71,16,Cash,Delivered,3.2,Rahul
701628,4/13/2025,Jaipur,Spice Hub,Biryani,Hyderabadi Veg,5,157.73,66.88,33.09,36.09,790.95,42,Cash,Delivered,4.6,Ravi
701629,1/14/2025,Gandhinagar,Urban Tadka,Biryani,Veg Biryani,4,324.16,33.53,57.48,63.16,1383.75,45,Card,Delivered,4.9,Neha
701630,2/11/2025,Pune,Biryani Express,Burger,Cheese Burger,2,229.33,18.34,33.73,22.02,496.07,55,Cash,Cancelled,,Vikas
701631,2/3/2025,Ahmedabad,Biryani Express,Pizza,Farmhouse,5,274.53,37.97,39.9,66.73,1441.31,75,Card,Delivered,3.5,Ravi
701632,3/23/2026,Jaipur,Burger House,Burger,Paneer Burger,1,122.09,17.45,25.41,5.23,135.28,22,Wallet,Delivered,4,Amit
701633,10/19/2025,Pune,Biryani Express,Beverages,Lassi,4,272.12,7.02,24.97,54.07,1160.5,15,Cash,Delivered,4.3,Rahul
701634,2/27/2025,Pune,Burger House,Biryani,Paneer Biryani,5,84.24,62.14,50.11,17.95,427.12,19,UPI,Cancelled,,Rahul
701635,9/18/2025,Rajkot,Urban Tadka,Pizza,Farmhouse,3,179.96,53.35,22.01,24.33,532.87,41,Card,Delivered,3.8,Amit
701636,4/2/2026,Surat,South Treat,Burger,Paneer Burger,4,341.69,11.79,35.04,67.75,1457.76,60,Wallet,Delivered,3.1,Ravi
701637,6/4/2026,Surat,Food Fiesta,Pizza,Margherita,5,180.46,27.99,28.77,43.72,946.8,27,UPI,Delivered,4.5,Amit
701638,3/16/2026,Jaipur,Pizza Corner,Chinese,Fried Rice,3,139.11,69.02,21.44,17.42,387.17,65,Cash,Cancelled,,Rahul
701639,5/29/2026,Vadodara,South Treat,South Indian,Idli,2,256.01,75.77,42.77,21.81,500.83,73,Wallet,Cancelled,,Vikas
701640,7/13/2025,Ahmedabad,Biryani Express,North Indian,Dal Makhani,5,93.22,49.32,32.75,20.84,470.37,52,UPI,Delivered,4.3,Ravi
701641,10/11/2025,Rajkot,Burger House,Dessert,Brownie,5,326.91,71.64,33.91,78.15,1674.97,17,Wallet,Delivered,4.2,Karan
701642,2/16/2026,Surat,Pizza Corner,Chinese,Manchurian,3,333.49,13.11,43.31,49.37,1080.04,67,Cash,Delivered,4.1,Neha
701643,2/26/2026,Pune,Pizza Corner,Biryani,Veg Biryani,2,104.8,51.9,46.68,7.88,212.26,70,Wallet,Cancelled,,Rahul
701644,9/7/2025,Vadodara,Pizza Corner,Biryani,Veg Biryani,1,286.97,64.32,34.59,11.13,268.37,65,UPI,Delivered,4.6,Amit
701645,3/24/2026,Vadodara,Pizza Corner,Dessert,Brownie,1,177.26,2.18,40.49,8.75,224.32,45,UPI,Delivered,4.3,Ravi
701646,6/30/2025,Surat,Burger House,Dessert,Gulab Jamun,2,170.93,17.41,28.59,16.22,369.26,50,Card,Delivered,4.4,Vikas
701647,12/4/2025,Ahmedabad,Spice Hub,Chinese,Manchurian,1,295.86,58.69,26.36,11.86,275.39,26,Card,Cancelled,,Priya
701648,4/7/2026,Pune,Food Fiesta,North Indian,Dal Makhani,3,226.39,61.09,58.82,30.9,707.8,20,Cash,Delivered,3.7,Amit
701649,5/20/2026,Pune,Spice Hub,Pizza,Farmhouse,4,191.93,49.89,36.95,35.89,790.67,50,Cash,Delivered,4.1,Suresh
701650,5/5/2025,Mumbai,Urban Tadka,Chinese,Noodles,1,170.02,20.58,45.61,7.47,202.52,58,Wallet,Cancelled,,Amit
701651,4/26/2025,Jaipur,South Treat,Chinese,Noodles,1,172.32,6.08,40.85,8.31,215.4,51,UPI,Delivered,4.4,Vikas
701652,9/8/2025,Ahmedabad,Spice Hub,Pizza,Farmhouse,4,254.57,19.62,58.13,49.93,1106.72,15,Card,Cancelled,,Ravi
701653,9/22/2025,Ahmedabad,Biryani Express,Beverages,Cold Coffee,3,251.92,13.15,25.37,37.13,805.11,50,UPI,Delivered,4.9,Priya
701654,1/14/2026,Ahmedabad,Chinese Wok,North Indian,Naan Combo,5,292.36,4.46,53.83,72.87,1584.04,69,UPI,Delivered,3.2,Priya
701655,4/16/2025,Jaipur,Biryani Express,Burger,Cheese Burger,1,330.95,65.51,47.97,13.27,326.68,27,Wallet,Delivered,4.4,Amit
701656,2/22/2025,Mumbai,South Treat,Burger,Cheese Burger,3,368.18,52.88,20.61,52.58,1124.85,42,Card,Delivered,3.4,Karan
701657,10/28/2025,Jaipur,Chinese Wok,Chinese,Noodles,4,86.32,55.3,44.48,14.5,348.96,69,Wallet,Delivered,4.6,Rahul
701658,2/7/2025,Rajkot,Biryani Express,Pizza,Veg Supreme,2,220.56,21.71,52.13,20.97,492.51,35,Cash,Delivered,4.9,Amit
701659,4/29/2026,Ahmedabad,Chinese Wok,Beverages,Fresh Juice,4,89.41,38.66,55.59,15.95,390.52,61,Wallet,Delivered,4.4,Priya
701660,1/3/2025,Rajkot,Burger House,Pizza,Margherita,4,318.22,8.32,34.17,63.23,1361.96,73,Cash,Delivered,3.2,Karan
701661,4/18/2025,Gandhinagar,Food Fiesta,Beverages,Cold Coffee,3,328.75,58.56,32.21,46.38,1006.28,40,UPI,Delivered,5,Amit
701662,3/17/2026,Jaipur,Spice Hub,North Indian,Paneer Butter Masala,1,293.28,13.65,54.81,13.98,348.42,46,UPI,Cancelled,,Vikas
701663,6/23/2025,Ahmedabad,Spice Hub,North Indian,Naan Combo,1,216.26,11.51,50.97,10.24,265.96,74,Card,Delivered,3.2,Neha
701664,5/31/2026,Vadodara,Chinese Wok,Biryani,Paneer Biryani,3,198.4,75.82,59.52,25.97,604.87,69,UPI,Delivered,4,Neha
701665,9/30/2025,Pune,Chinese Wok,Chinese,Manchurian,5,138.73,64.78,32.85,31.44,693.16,47,Cash,Delivered,4.8,Ravi
701666,2/8/2025,Jaipur,South Treat,Biryani,Hyderabadi Veg,2,168.13,6.58,45.4,16.48,391.56,24,Card,Delivered,4.9,Vikas
701667,1/27/2026,Rajkot,Chinese Wok,Biryani,Paneer Biryani,5,251.85,72.98,33.09,59.31,1278.67,61,Card,Delivered,3.4,Suresh
701668,2/18/2026,Jaipur,Urban Tadka,Burger,Paneer Burger,3,299.8,56.31,34.67,42.15,919.91,37,Card,Delivered,4.6,Vikas
701669,8/11/2025,Pune,Food Fiesta,Pizza,Farmhouse,2,97.77,3.77,29.91,9.59,231.27,19,Wallet,Cancelled,,Priya
701670,7/19/2025,Jaipur,Biryani Express,Burger,Cheese Burger,1,166.2,78.08,48.16,4.41,140.69,18,UPI,Delivered,3.5,Amit
701671,9/7/2025,Mumbai,Food Fiesta,Dessert,Brownie,2,106.02,25.72,48.74,9.32,244.38,29,Wallet,Cancelled,,Amit
701672,4/20/2026,Mumbai,Burger House,Beverages,Lassi,4,247.85,79.24,20.13,45.61,977.9,30,UPI,Cancelled,,Karan
701673,1/14/2025,Jaipur,Chinese Wok,Dessert,Gulab Jamun,4,151.92,75.43,56.87,26.61,615.73,40,UPI,Delivered,4.9,Rahul
701674,4/29/2025,Rajkot,South Treat,Chinese,Fried Rice,2,225.27,69.74,55.46,19.04,455.3,72,UPI,Delivered,3.2,Ravi
701675,1/26/2026,Surat,Chinese Wok,Beverages,Fresh Juice,2,307.66,19.97,34.64,29.77,659.76,60,Cash,Cancelled,,Priya
701676,1/1/2025,Rajkot,Burger House,Dessert,Gulab Jamun,5,276.62,61.11,59.98,66.1,1448.07,27,UPI,Cancelled,,Neha
701677,7/17/2025,Pune,Burger House,North Indian,Dal Makhani,4,359.14,1.94,53.53,71.73,1559.88,57,UPI,Cancelled,,Neha
701678,7/21/2025,Vadodara,Pizza Corner,South Indian,Uttapam,3,234.92,36.6,32.26,33.41,733.83,74,Wallet,Delivered,4.7,Suresh
701679,3/13/2025,Vadodara,Spice Hub,South Indian,Masala Dosa,4,115.52,15.94,55.93,22.31,524.38,68,UPI,Delivered,3.5,Neha
701680,2/21/2025,Rajkot,Spice Hub,Chinese,Noodles,1,304.4,44.66,28.12,12.99,300.85,68,Wallet,Delivered,3.2,Ravi
701681,10/15/2025,Vadodara,Biryani Express,Chinese,Manchurian,5,306.97,20.25,56.19,75.73,1646.52,25,Card,Delivered,3.7,Karan
701682,3/24/2026,Jaipur,Chinese Wok,Beverages,Cold Coffee,3,298.81,48.85,51.07,42.38,941.03,75,Card,Delivered,3.3,Rahul
701683,1/30/2025,Vadodara,Biryani Express,Dessert,Brownie,1,273.44,53.58,29.34,10.99,260.19,65,Wallet,Delivered,4.9,Suresh
701684,7/3/2025,Rajkot,Spice Hub,Pizza,Margherita,5,266.05,16.41,37.55,65.69,1417.08,49,Wallet,Delivered,4.4,Priya
701685,8/27/2025,Rajkot,Pizza Corner,Chinese,Fried Rice,4,279.86,8.13,55.51,55.57,1222.39,39,Cash,Delivered,4.5,Suresh
701686,3/11/2026,Gandhinagar,Urban Tadka,North Indian,Naan Combo,1,364.69,42.46,36.53,16.11,374.87,71,Card,Delivered,3,Ravi
701687,1/23/2025,Pune,Pizza Corner,South Indian,Uttapam,2,102.36,54.72,28.89,7.5,186.39,25,Cash,Delivered,4.9,Vikas
701688,9/20/2025,Pune,Chinese Wok,South Indian,Idli,1,268.45,52.41,38.05,10.8,264.89,29,Card,Delivered,3.1,Amit
701689,2/1/2026,Pune,Burger House,South Indian,Masala Dosa,1,228.19,54.54,41.96,8.68,224.29,27,UPI,Delivered,4.6,Rahul
701690,5/6/2025,Surat,Burger House,Pizza,Veg Supreme,2,363.19,79.14,59.91,32.36,739.51,38,UPI,Delivered,4.5,Neha
701691,3/6/2026,Gandhinagar,Chinese Wok,Pizza,Farmhouse,4,99.26,69.21,41.04,16.39,385.26,62,Cash,Cancelled,,Amit
701692,3/23/2026,Pune,Food Fiesta,Dessert,Brownie,4,146.49,54.28,45.68,26.58,603.94,15,Card,Cancelled,,Neha
701693,2/12/2026,Vadodara,Chinese Wok,Biryani,Veg Biryani,5,348.73,3.4,23.91,87.01,1851.17,65,UPI,Cancelled,,Rahul
701694,3/7/2026,Vadodara,Pizza Corner,Beverages,Lassi,3,213.29,57.45,48.22,29.12,659.76,46,Card,Delivered,4.9,Suresh
701695,6/24/2026,Gandhinagar,Burger House,Burger,Paneer Burger,3,261.44,13.97,49.92,38.52,858.79,58,UPI,Delivered,4.5,Karan
701696,3/22/2026,Jaipur,Biryani Express,Biryani,Paneer Biryani,4,334.47,45.1,46.91,64.64,1404.33,68,Wallet,Delivered,4,Neha
701697,9/26/2025,Mumbai,Pizza Corner,South Indian,Idli,3,215.04,30.68,43.02,30.72,688.18,68,Card,Delivered,3.2,Vikas
701698,8/25/2025,Gandhinagar,Food Fiesta,Beverages,Fresh Juice,3,201.84,31.75,26.8,28.69,629.26,61,Cash,Cancelled,,Ravi
701699,7/17/2025,Ahmedabad,Chinese Wok,Dessert,Brownie,4,349.76,69.54,23.49,66.48,1419.47,57,Wallet,Delivered,3.7,Karan
701700,1/31/2025,Rajkot,Burger House,Pizza,Farmhouse,4,341.28,43.8,35.6,66.07,1422.99,49,Wallet,Delivered,4.5,Suresh
701701,12/7/2025,Gandhinagar,Food Fiesta,Biryani,Veg Biryani,3,252.12,79.45,43.33,33.85,754.09,21,Card,Delivered,3.5,Neha
701702,2/12/2025,Jaipur,Biryani Express,Burger,Cheese Burger,4,147.66,34.42,29.73,27.81,613.76,40,Cash,Delivered,3.8,Karan
701703,10/26/2025,Rajkot,Biryani Express,South Indian,Masala Dosa,5,357.19,35.49,44.33,87.52,1882.31,26,Wallet,Delivered,4,Neha
701704,2/16/2026,Mumbai,Urban Tadka,Dessert,Brownie,3,324,79.84,50.66,44.61,987.43,20,UPI,Delivered,4.3,Priya
701705,10/13/2025,Surat,Biryani Express,Chinese,Manchurian,1,383.26,75.2,26.62,15.4,350.08,21,Wallet,Delivered,3.8,Suresh
701706,9/1/2025,Mumbai,Chinese Wok,Burger,Cheese Burger,1,151.57,28.81,58.87,6.14,187.77,71,Card,Delivered,4.1,Rahul
701707,5/31/2025,Surat,Spice Hub,Dessert,Brownie,1,283.01,45.41,59.99,11.88,309.47,52,Card,Delivered,4.5,Rahul
701708,11/15/2025,Jaipur,Biryani Express,Pizza,Margherita,2,227.36,77.2,35.75,18.88,432.15,49,Cash,Cancelled,,Neha
701709,6/26/2025,Mumbai,Spice Hub,Beverages,Cold Coffee,2,348.06,27.48,55.1,33.43,757.17,40,UPI,Delivered,4.7,Suresh
701710,4/13/2026,Vadodara,Biryani Express,Chinese,Fried Rice,1,124.33,17.24,48.91,5.35,161.35,52,UPI,Cancelled,,Priya
701711,10/7/2025,Vadodara,Chinese Wok,Beverages,Cold Coffee,5,187.4,28.68,57.63,45.42,1011.37,67,Wallet,Cancelled,,Suresh
701712,7/15/2025,Ahmedabad,South Treat,Pizza,Margherita,2,226.08,32.09,46.19,21,487.26,64,Wallet,Cancelled,,Vikas
701713,3/27/2026,Ahmedabad,Pizza Corner,South Indian,Masala Dosa,3,337.98,71.43,48.22,47.13,1037.86,38,Wallet,Cancelled,,Rahul
701714,11/8/2025,Surat,Spice Hub,Pizza,Margherita,5,288.32,70.62,55.11,68.55,1494.64,30,Card,Delivered,4.7,Vikas
701715,8/13/2025,Surat,Burger House,North Indian,Naan Combo,1,358.49,51.55,35.29,15.35,357.58,50,Card,Cancelled,,Suresh
701716,3/18/2025,Gandhinagar,Chinese Wok,North Indian,Paneer Butter Masala,3,352.51,48.61,52.75,50.45,1112.12,29,Cash,Delivered,5,Vikas
701717,8/28/2025,Rajkot,Chinese Wok,Biryani,Hyderabadi Veg,5,88.75,70.78,48.86,18.65,440.48,54,Wallet,Cancelled,,Vikas
701718,7/1/2025,Surat,Urban Tadka,Chinese,Fried Rice,4,304.9,42.8,22.92,58.84,1258.56,36,UPI,Delivered,3.3,Neha
701719,2/20/2025,Mumbai,Biryani Express,Biryani,Paneer Biryani,4,391.05,2.01,33.52,78.11,1673.82,75,Cash,Delivered,3.4,Karan
701720,5/14/2026,Jaipur,Pizza Corner,North Indian,Dal Makhani,5,131.67,20.07,50.21,31.91,720.4,27,UPI,Delivered,4.3,Neha
701721,8/18/2025,Pune,Food Fiesta,Beverages,Cold Coffee,1,81.34,22.03,22.58,2.97,84.86,61,Wallet,Delivered,4.6,Vikas
701722,1/30/2025,Pune,Pizza Corner,Dessert,Gulab Jamun,3,202.55,70.03,41.76,26.88,606.26,17,UPI,Delivered,4.8,Neha
701723,9/10/2025,Gandhinagar,Burger House,Biryani,Hyderabadi Veg,2,189.97,47.33,24.08,16.63,373.32,34,Wallet,Delivered,4.5,Karan
701724,5/16/2026,Pune,Chinese Wok,Biryani,Veg Biryani,3,367.71,29.92,26.68,53.66,1153.55,71,UPI,Delivered,3.9,Ravi
701725,8/9/2025,Vadodara,Urban Tadka,Burger,Cheese Burger,4,273.64,75.83,46.49,50.94,1116.16,72,Wallet,Cancelled,,Karan
701726,4/6/2026,Jaipur,Urban Tadka,North Indian,Dal Makhani,5,369.57,14.72,21.83,91.66,1946.62,25,UPI,Delivered,4.6,Priya
701727,9/18/2025,Pune,Food Fiesta,North Indian,Naan Combo,5,305.4,25.02,56.82,75.1,1633.9,72,Cash,Cancelled,,Neha
701728,9/3/2025,Vadodara,Food Fiesta,Pizza,Veg Supreme,1,277.78,77.41,35.66,10.02,246.05,73,Cash,Delivered,4.4,Suresh
701729,1/15/2026,Mumbai,South Treat,Burger,Paneer Burger,3,227.44,14.08,47.99,33.41,749.64,69,UPI,Delivered,4.3,Priya
701730,5/13/2025,Mumbai,Chinese Wok,Beverages,Lassi,4,167.61,1.4,49.04,33.45,751.53,59,UPI,Delivered,4.5,Suresh
701731,7/23/2025,Mumbai,Biryani Express,Pizza,Margherita,3,179.93,62.07,25.75,23.89,527.36,70,UPI,Delivered,4.4,Suresh
701732,8/17/2025,Surat,Urban Tadka,Pizza,Farmhouse,3,262.24,19.06,59.1,38.38,865.14,71,Cash,Delivered,4.5,Neha
701733,10/21/2025,Surat,Chinese Wok,Beverages,Lassi,2,171.04,67.87,21.64,13.71,309.56,65,Wallet,Delivered,3.8,Vikas
701734,3/28/2025,Rajkot,Food Fiesta,Biryani,Hyderabadi Veg,1,114.64,9.57,31.09,5.25,141.41,63,Wallet,Delivered,4.9,Suresh
701735,2/13/2025,Rajkot,South Treat,South Indian,Masala Dosa,4,322.07,75.66,34.1,60.63,1307.35,73,Wallet,Cancelled,,Suresh
701736,3/23/2026,Vadodara,Chinese Wok,Dessert,Brownie,4,122.19,38.92,21.44,22.49,493.77,71,Card,Delivered,3.7,Rahul
701737,1/14/2026,Jaipur,Spice Hub,Biryani,Paneer Biryani,5,114.48,63.69,21.81,25.44,555.96,57,Wallet,Delivered,4.7,Karan
701738,6/12/2025,Gandhinagar,Spice Hub,Beverages,Fresh Juice,5,385.47,60.98,22.78,93.32,1982.47,71,Wallet,Delivered,4.5,Neha
701739,3/19/2026,Gandhinagar,Spice Hub,North Indian,Dal Makhani,2,392.99,52.95,52.72,36.65,822.4,70,Card,Delivered,4.9,Priya
701740,3/30/2025,Surat,Burger House,Pizza,Margherita,1,271.16,60.65,23.02,10.53,244.06,39,UPI,Cancelled,,Neha
701741,5/5/2026,Rajkot,Burger House,Biryani,Veg Biryani,2,277.09,57.05,34.36,24.86,556.35,57,UPI,Cancelled,,Suresh
701742,6/21/2025,Ahmedabad,Burger House,Burger,Cheese Burger,2,361.68,74.51,48.96,32.44,730.25,15,Cash,Delivered,3.5,Vikas
701743,9/24/2025,Vadodara,Food Fiesta,Pizza,Farmhouse,3,322.58,62.88,35.77,45.24,985.87,36,Card,Delivered,3.5,Suresh
701744,10/3/2025,Jaipur,Biryani Express,Pizza,Farmhouse,2,393.49,13.28,38.66,38.69,851.05,31,UPI,Delivered,3.6,Ravi
701745,6/24/2025,Gandhinagar,Urban Tadka,South Indian,Idli,4,379.79,70.56,30.1,72.43,1551.13,60,UPI,Cancelled,,Amit
701746,6/21/2026,Surat,Pizza Corner,Dessert,Brownie,5,164.47,62.08,58.16,38.01,856.44,72,Cash,Delivered,3.7,Rahul
701747,3/23/2025,Ahmedabad,Biryani Express,Pizza,Farmhouse,3,100.22,45.72,26.38,12.75,294.07,48,Card,Delivered,5,Karan
701748,10/11/2025,Gandhinagar,Chinese Wok,Biryani,Hyderabadi Veg,1,359.48,29.88,37.78,16.48,383.86,67,UPI,Cancelled,,Ravi
701749,12/2/2025,Pune,Chinese Wok,North Indian,Dal Makhani,5,215.34,37.13,54.94,51.98,1146.49,69,Wallet,Delivered,4.6,Ravi
701750,4/2/2025,Pune,South Treat,Beverages,Fresh Juice,4,201.43,13.09,38.11,39.63,870.37,48,UPI,Delivered,3.7,Amit
701751,11/16/2025,Mumbai,Chinese Wok,Burger,Veg Burger,1,145.46,35.6,24.25,5.49,139.6,19,Card,Cancelled,,Rahul
701752,10/5/2025,Jaipur,South Treat,Biryani,Hyderabadi Veg,5,339.23,40.14,30,82.8,1768.81,43,UPI,Delivered,4.1,Amit
701753,3/8/2026,Mumbai,Chinese Wok,Dessert,Gulab Jamun,4,111.12,55,37.13,19.47,446.08,30,Card,Delivered,3.8,Priya
701754,6/20/2026,Rajkot,Spice Hub,Dessert,Brownie,3,375.93,79.03,25.09,52.44,1126.29,43,UPI,Delivered,3.5,Amit
701755,7/26/2025,Vadodara,Biryani Express,Beverages,Lassi,3,318.31,66.9,56.22,44.4,988.65,38,UPI,Delivered,3.1,Suresh
701756,7/24/2025,Jaipur,Urban Tadka,South Indian,Idli,3,222.68,73.05,55.7,29.75,680.44,71,Wallet,Delivered,4.7,Vikas
701757,1/21/2025,Jaipur,Chinese Wok,North Indian,Dal Makhani,1,138.01,15.2,44.6,6.14,173.55,31,UPI,Cancelled,,Amit
701758,7/30/2025,Ahmedabad,Spice Hub,Dessert,Ice Cream,2,282.08,72.35,21.69,24.59,538.09,36,Wallet,Delivered,3.7,Priya
701759,5/14/2025,Ahmedabad,Burger House,Pizza,Veg Supreme,1,92,36.4,25.56,2.78,83.94,67,Card,Delivered,3.2,Neha
701760,1/31/2026,Gandhinagar,Urban Tadka,Beverages,Cold Coffee,5,134.94,44.37,46.12,31.52,707.97,47,UPI,Cancelled,,Vikas
701761,6/20/2025,Ahmedabad,Spice Hub,South Indian,Uttapam,5,313.2,56.65,51.52,75.47,1636.34,60,Wallet,Delivered,4.4,Amit
701762,4/6/2026,Rajkot,Burger House,Beverages,Cold Coffee,2,313.04,39.36,53.18,29.34,669.24,23,Card,Delivered,5,Ravi
701763,3/4/2025,Gandhinagar,Biryani Express,Biryani,Paneer Biryani,5,232.37,23.93,41.39,56.9,1236.21,51,Cash,Delivered,3.1,Karan
701764,1/13/2026,Rajkot,Urban Tadka,Dessert,Brownie,1,92.39,8.37,58.63,4.2,146.85,62,UPI,Cancelled,,Suresh
701765,3/11/2025,Gandhinagar,Food Fiesta,Chinese,Noodles,3,248.35,6.61,22.19,36.92,797.55,44,Cash,Delivered,4.5,Neha
701766,6/14/2025,Jaipur,Food Fiesta,Pizza,Margherita,1,387.62,63.18,25.01,16.22,365.67,65,Cash,Delivered,4.1,Priya
701767,6/22/2026,Ahmedabad,Chinese Wok,Burger,Cheese Burger,2,155.3,41.05,53.17,13.48,336.2,34,Cash,Cancelled,,Priya
701768,4/10/2026,Mumbai,Chinese Wok,Pizza,Margherita,1,333.17,73.91,55.93,12.96,328.15,43,UPI,Delivered,4.5,Vikas
701769,1/29/2025,Mumbai,Pizza Corner,North Indian,Naan Combo,1,175.29,71.77,21.79,5.18,130.49,19,Card,Delivered,4.7,Priya
701770,2/8/2025,Pune,Chinese Wok,Chinese,Noodles,2,367.06,34.54,50.01,34.98,784.57,22,Wallet,Delivered,4.1,Suresh
701771,8/20/2025,Pune,Burger House,Pizza,Veg Supreme,5,271.89,40.02,34.93,65.97,1420.33,51,Wallet,Delivered,4.5,Karan
701772,2/6/2026,Vadodara,Food Fiesta,Chinese,Fried Rice,2,286.98,49.14,57.25,26.24,608.31,23,Cash,Delivered,4.5,Karan
701773,4/21/2025,Rajkot,Urban Tadka,South Indian,Uttapam,4,315.09,46.84,24.42,60.68,1298.62,25,Card,Delivered,3.1,Priya
701774,10/14/2025,Gandhinagar,Spice Hub,Pizza,Margherita,3,340.55,26.73,25.92,49.75,1070.59,36,Cash,Delivered,3.7,Neha
701775,3/8/2025,Rajkot,Pizza Corner,Biryani,Paneer Biryani,2,389.99,13.22,22.33,38.34,827.43,43,Cash,Delivered,3.9,Karan
701776,5/28/2025,Vadodara,Biryani Express,Dessert,Ice Cream,1,175.68,6.21,55.48,8.47,233.42,36,Wallet,Delivered,4.2,Suresh
701777,1/16/2026,Surat,Urban Tadka,Dessert,Brownie,3,367.67,61.22,32.93,52.09,1126.81,44,Wallet,Delivered,3.5,Neha
701778,6/6/2026,Ahmedabad,Pizza Corner,Biryani,Paneer Biryani,1,320.6,9.36,47.14,15.56,373.94,17,UPI,Cancelled,,Suresh
701779,3/31/2026,Mumbai,Food Fiesta,South Indian,Idli,1,286.17,63.48,38.3,11.13,272.12,17,Wallet,Delivered,3.4,Rahul
701780,5/15/2025,Vadodara,South Treat,Pizza,Veg Supreme,1,334.76,45.7,56.19,14.45,359.7,42,Card,Cancelled,,Rahul
701781,4/11/2026,Pune,Pizza Corner,Biryani,Paneer Biryani,2,193.11,64.94,20.21,16.06,357.55,19,Cash,Delivered,3,Amit
701782,2/9/2026,Pune,Pizza Corner,Chinese,Noodles,3,287.91,48.99,39.15,40.74,894.63,37,UPI,Delivered,3.8,Suresh
701783,10/14/2025,Mumbai,Chinese Wok,Biryani,Hyderabadi Veg,4,124.19,40.22,56.94,22.83,536.31,60,Card,Delivered,3.4,Priya
701784,12/25/2025,Gandhinagar,Burger House,Burger,Cheese Burger,2,237.68,28.14,26.35,22.36,495.93,63,Cash,Delivered,4.1,Suresh
701785,1/7/2026,Ahmedabad,South Treat,Beverages,Lassi,1,88.65,34.05,44.28,2.73,101.61,34,UPI,Delivered,3.9,Neha
701786,1/21/2026,Gandhinagar,Burger House,Biryani,Hyderabadi Veg,4,242.43,9.33,32.84,48.02,1041.25,39,Card,Delivered,3.1,Suresh
701787,3/7/2026,Vadodara,Urban Tadka,Burger,Veg Burger,2,281.69,25.37,23.11,26.9,588.02,29,Card,Delivered,4.8,Rahul
701788,5/2/2025,Gandhinagar,Urban Tadka,Burger,Paneer Burger,1,376.43,12.36,23.88,18.2,406.15,41,Cash,Delivered,3.1,Neha
701789,2/7/2025,Surat,Chinese Wok,Pizza,Veg Supreme,3,275.19,18.12,21.69,40.37,869.51,43,Cash,Cancelled,,Vikas
701790,3/2/2025,Mumbai,South Treat,Dessert,Gulab Jamun,2,296.45,26.41,29.62,28.32,624.43,62,Wallet,Cancelled,,Karan
701791,2/14/2025,Pune,South Treat,Biryani,Paneer Biryani,1,325.42,30.89,46.87,14.73,356.13,35,UPI,Cancelled,,Suresh
701792,2/18/2025,Gandhinagar,Spice Hub,Pizza,Veg Supreme,1,367.82,43.34,27.96,16.22,368.66,72,UPI,Delivered,3.4,Amit
701793,8/30/2025,Ahmedabad,Food Fiesta,Biryani,Hyderabadi Veg,2,386.56,25.62,48.5,37.38,833.38,65,Cash,Delivered,3.1,Priya
701794,2/22/2026,Ahmedabad,Chinese Wok,North Indian,Paneer Butter Masala,4,228.12,36.72,26.62,43.79,946.17,26,Card,Delivered,5,Amit
701795,8/22/2025,Mumbai,Biryani Express,Burger,Veg Burger,3,214.97,45.66,36.23,29.96,665.44,62,Wallet,Delivered,3.6,Suresh
701796,6/23/2025,Gandhinagar,Food Fiesta,Dessert,Gulab Jamun,5,338.41,25.02,32.12,83.35,1782.5,47,Wallet,Delivered,4.8,Suresh
701797,2/5/2026,Jaipur,Burger House,South Indian,Masala Dosa,5,343.13,33.96,37.61,84.08,1803.38,50,Card,Cancelled,,Neha
701798,7/30/2025,Jaipur,Urban Tadka,Biryani,Veg Biryani,2,378.67,66.17,56.42,34.56,782.15,44,Wallet,Delivered,3.1,Rahul
701799,1/4/2026,Jaipur,South Treat,Chinese,Fried Rice,3,302.38,26.13,47.74,44.05,972.8,75,UPI,Delivered,3.8,Priya
701800,5/15/2026,Vadodara,South Treat,Chinese,Manchurian,3,308.52,63.81,27.85,43.09,932.69,49,Cash,Delivered,4.2,Neha
701801,2/10/2026,Jaipur,Pizza Corner,North Indian,Naan Combo,4,94.16,13.43,30.82,18.16,412.19,67,Wallet,Delivered,4.2,Ravi
701802,2/18/2026,Mumbai,Spice Hub,Burger,Veg Burger,4,397.42,9.63,45.68,79,1704.73,24,Wallet,Delivered,3.7,Suresh
701803,5/16/2025,Jaipur,Chinese Wok,Beverages,Lassi,1,113.23,8.56,23.78,5.23,133.68,48,Cash,Delivered,4.8,Rahul
701804,4/6/2025,Mumbai,Spice Hub,Beverages,Cold Coffee,2,222.07,9.6,21.54,21.73,477.81,59,Cash,Delivered,3.8,Ravi
701805,1/3/2026,Jaipur,Pizza Corner,Burger,Cheese Burger,2,370.65,37.02,20.23,35.21,759.72,50,Cash,Delivered,4.3,Ravi
701806,1/11/2025,Jaipur,Urban Tadka,Dessert,Ice Cream,4,347.44,10.55,36.74,68.96,1484.91,46,Cash,Delivered,4.3,Rahul
701807,5/2/2025,Mumbai,Spice Hub,Pizza,Farmhouse,2,349.73,45.85,22.64,32.68,708.93,64,Cash,Cancelled,,Suresh
701808,8/13/2025,Gandhinagar,Food Fiesta,Burger,Cheese Burger,1,154.86,42.52,22.48,5.62,140.44,31,Wallet,Delivered,3.1,Priya
701809,8/6/2025,Surat,Biryani Express,Chinese,Manchurian,4,235.96,38.89,48.41,45.25,998.61,68,UPI,Delivered,4.1,Rahul
701810,2/16/2026,Vadodara,Food Fiesta,South Indian,Masala Dosa,3,260.98,3.15,33.24,38.99,852.02,58,Cash,Delivered,4.1,Karan
701811,10/22/2025,Mumbai,South Treat,Pizza,Farmhouse,5,295.42,50.36,40.88,71.34,1538.96,39,Cash,Delivered,4,Vikas
701812,7/11/2025,Gandhinagar,Biryani Express,Burger,Paneer Burger,2,111.69,20.13,26.72,10.16,240.13,56,Cash,Delivered,4.3,Rahul
701813,5/21/2025,Rajkot,Urban Tadka,Chinese,Fried Rice,3,82.43,7.93,34.53,11.97,285.86,69,Card,Delivered,3.6,Karan
701814,8/10/2025,Pune,Pizza Corner,Dessert,Brownie,2,255.6,79.63,29.66,21.58,482.81,75,Card,Delivered,4.9,Vikas
701815,2/17/2025,Rajkot,South Treat,Chinese,Noodles,5,161.53,18.07,38.1,39.48,867.16,68,UPI,Delivered,3.6,Priya
701816,10/16/2025,Vadodara,Chinese Wok,Dessert,Ice Cream,1,237.3,53.51,54.87,9.19,247.85,68,UPI,Delivered,3.2,Ravi
701817,4/15/2025,Rajkot,South Treat,Dessert,Brownie,3,147.13,13.9,43.83,21.37,492.69,53,Wallet,Delivered,4.4,Priya
701818,9/10/2025,Gandhinagar,South Treat,Chinese,Manchurian,5,109.12,31.75,36.32,25.69,575.86,23,Card,Delivered,4.4,Amit
701819,4/10/2026,Mumbai,Spice Hub,North Indian,Dal Makhani,4,252.1,54.18,39.54,47.71,1041.47,42,Cash,Cancelled,,Neha
701820,3/1/2025,Vadodara,Biryani Express,North Indian,Paneer Butter Masala,5,83.46,41.46,56.53,18.79,451.16,49,Wallet,Delivered,4.5,Ravi
701821,4/30/2026,Rajkot,Spice Hub,Beverages,Cold Coffee,1,109.78,25.24,23.65,4.23,112.42,55,Card,Delivered,3.2,Rahul
701822,1/24/2025,Jaipur,Urban Tadka,North Indian,Paneer Butter Masala,1,295.47,36.94,56.04,12.93,327.5,50,Card,Cancelled,,Priya
701823,6/25/2025,Ahmedabad,Chinese Wok,Chinese,Manchurian,3,258.97,61.81,26.33,35.76,777.19,34,Cash,Delivered,3.1,Neha
701824,10/29/2025,Jaipur,Biryani Express,North Indian,Dal Makhani,5,87.23,78.88,21.55,17.86,396.68,67,Card,Cancelled,,Suresh
701825,4/7/2026,Pune,Biryani Express,Beverages,Cold Coffee,2,314.84,70.03,45.11,27.98,632.74,50,UPI,Cancelled,,Rahul
701826,6/13/2026,Mumbai,Pizza Corner,North Indian,Naan Combo,4,281.79,23.14,20.63,55.2,1179.85,45,Card,Delivered,3.2,Priya
701827,11/1/2025,Jaipur,Chinese Wok,Burger,Paneer Burger,2,280.75,70.34,32.05,24.56,547.77,49,Card,Delivered,3.3,Ravi
701828,2/10/2025,Ahmedabad,Chinese Wok,Biryani,Paneer Biryani,4,298.96,56.97,24.37,56.94,1220.18,51,UPI,Delivered,4.6,Ravi
701829,5/24/2025,Jaipur,Food Fiesta,Pizza,Margherita,1,378.29,11.67,54.82,18.33,439.77,50,Card,Delivered,4.9,Karan
701830,3/22/2026,Surat,Pizza Corner,Dessert,Gulab Jamun,2,338.12,73.86,38.67,30.12,671.17,65,UPI,Delivered,4.2,Karan
701831,3/8/2025,Pune,Spice Hub,Pizza,Veg Supreme,4,111.73,43.51,46.6,20.17,470.18,17,UPI,Delivered,3.1,Ravi
701832,4/29/2025,Ahmedabad,Pizza Corner,Burger,Veg Burger,3,114.49,79.5,44.84,13.2,322.01,47,UPI,Delivered,4.8,Ravi
701833,3/26/2026,Vadodara,Food Fiesta,Pizza,Farmhouse,1,214.5,54.8,50.67,7.98,218.35,57,UPI,Delivered,3.7,Ravi
701834,9/28/2025,Rajkot,Biryani Express,Biryani,Paneer Biryani,4,217.43,24.94,36.59,42.24,923.61,53,Cash,Delivered,3.5,Ravi
701835,5/21/2025,Vadodara,Spice Hub,Dessert,Gulab Jamun,1,91.74,79.91,35.7,0.59,48.12,53,Card,Delivered,4.5,Neha
701836,4/6/2025,Jaipur,Biryani Express,Chinese,Manchurian,5,146.96,74.45,27.53,33.02,720.9,29,Cash,Delivered,3.4,Karan
701837,6/14/2025,Jaipur,Pizza Corner,Chinese,Manchurian,2,213.29,26.74,29.48,19.99,449.31,46,Cash,Delivered,3.4,Karan
701838,10/11/2025,Gandhinagar,Biryani Express,Pizza,Margherita,1,103.58,37.1,20.47,3.32,90.27,72,Cash,Delivered,4.2,Ravi
701839,10/18/2025,Jaipur,Burger House,Burger,Veg Burger,4,299.81,44.95,47.54,57.71,1259.54,44,Wallet,Delivered,4.8,Suresh
701840,1/8/2025,Surat,Spice Hub,South Indian,Uttapam,3,193.53,29.6,54.83,27.55,633.37,49,Cash,Cancelled,,Rahul
701841,2/14/2025,Jaipur,Burger House,Biryani,Hyderabadi Veg,2,228.76,75.04,36.38,19.12,437.98,74,Card,Delivered,3.5,Vikas
701842,10/13/2025,Vadodara,Urban Tadka,Chinese,Manchurian,5,254.7,55.9,52.07,60.88,1330.55,75,Cash,Delivered,3.8,Priya
701843,5/19/2026,Pune,Biryani Express,Dessert,Brownie,1,355.22,28.6,41.63,16.33,384.58,47,Wallet,Delivered,4.4,Rahul
701844,4/25/2025,Mumbai,Pizza Corner,Beverages,Cold Coffee,1,326.46,72.39,31.96,12.7,298.73,59,Wallet,Delivered,4.5,Ravi
701845,10/10/2025,Vadodara,Burger House,Beverages,Lassi,4,202.42,0.12,49.91,40.48,899.95,40,Wallet,Delivered,4.1,Karan
701846,4/2/2025,Rajkot,Food Fiesta,Chinese,Fried Rice,5,387.7,77.62,49.58,93.04,2003.5,49,UPI,Delivered,4.5,Karan
701847,12/15/2025,Mumbai,Pizza Corner,Beverages,Lassi,1,385.54,5.31,22.77,19.01,422.01,48,Cash,Delivered,3.9,Neha
701848,6/20/2025,Rajkot,Urban Tadka,Chinese,Manchurian,5,283.15,52.18,32.66,68.18,1464.41,30,Cash,Cancelled,,Suresh
701849,1/7/2026,Rajkot,South Treat,Dessert,Ice Cream,5,272.68,57.55,25.56,65.29,1396.7,18,UPI,Delivered,4,Suresh
701850,5/17/2025,Ahmedabad,Chinese Wok,Beverages,Lassi,1,375.69,16.65,47.06,17.95,424.05,56,Card,Delivered,3,Neha
701851,5/30/2026,Vadodara,Biryani Express,Biryani,Hyderabadi Veg,3,202.31,53.36,48.32,27.68,629.57,43,Card,Delivered,4.5,Priya
701852,12/1/2025,Vadodara,Biryani Express,Pizza,Margherita,5,370.81,38.49,58.81,90.78,1965.15,20,Cash,Delivered,4.3,Ravi
701853,6/22/2026,Gandhinagar,Burger House,Dessert,Ice Cream,2,111.68,29.74,24.07,9.68,227.37,22,Card,Delivered,3.8,Vikas
701854,5/29/2025,Gandhinagar,Biryani Express,Beverages,Fresh Juice,2,287.16,22.23,32.55,27.6,612.24,23,Wallet,Delivered,3.4,Vikas
701855,1/9/2025,Jaipur,Burger House,Burger,Paneer Burger,1,173.94,66.28,56.2,5.38,169.24,28,Card,Delivered,3.1,Neha
701856,2/17/2026,Pune,Chinese Wok,Dessert,Brownie,5,177.25,56.71,46.53,41.48,917.55,29,UPI,Cancelled,,Vikas
701857,1/12/2025,Pune,Food Fiesta,Biryani,Veg Biryani,4,198.24,79.1,22.4,35.69,771.95,57,Card,Delivered,3.1,Rahul
701858,3/26/2026,Surat,Spice Hub,Pizza,Farmhouse,3,175.27,29.11,58.38,24.84,579.92,35,Card,Delivered,4.9,Vikas
701859,5/3/2026,Mumbai,Spice Hub,North Indian,Paneer Butter Masala,5,376.75,60.9,37.92,91.14,1951.91,50,UPI,Delivered,4.4,Amit
701860,8/7/2025,Rajkot,Burger House,South Indian,Masala Dosa,2,390.18,34.67,33.13,37.28,816.1,47,Cash,Cancelled,,Vikas
701861,5/9/2026,Vadodara,Burger House,Beverages,Fresh Juice,2,106.18,26.23,51.88,9.31,247.32,18,Cash,Cancelled,,Priya
701862,10/18/2025,Ahmedabad,Urban Tadka,Dessert,Brownie,4,341.33,75.22,21.9,64.5,1376.5,31,Card,Delivered,4.2,Karan
701863,9/17/2025,Gandhinagar,Biryani Express,Beverages,Fresh Juice,4,284.84,46.06,26.29,54.66,1174.25,43,Wallet,Delivered,4.8,Neha
701864,7/29/2025,Gandhinagar,Chinese Wok,South Indian,Idli,1,158.84,7.49,44.56,7.57,203.48,32,Wallet,Delivered,4.3,Ravi
701865,3/6/2026,Surat,Spice Hub,Burger,Veg Burger,2,211.63,59.71,39.96,18.18,421.69,63,Card,Delivered,3.9,Amit
701866,6/14/2025,Mumbai,Urban Tadka,South Indian,Idli,4,214.94,75.9,46.65,39.19,869.7,70,UPI,Delivered,4.7,Priya
701867,7/3/2025,Surat,Biryani Express,Burger,Veg Burger,4,176.5,76.96,22.77,31.45,683.26,22,Card,Delivered,4.3,Amit
701868,3/1/2026,Surat,Food Fiesta,Pizza,Farmhouse,1,139.2,27.24,50.77,5.6,168.33,49,Wallet,Delivered,4.6,Karan
701869,9/5/2025,Vadodara,Spice Hub,Pizza,Veg Supreme,1,194.49,36.94,45.18,7.88,210.61,72,Card,Cancelled,,Vikas
701870,6/29/2025,Vadodara,Chinese Wok,North Indian,Dal Makhani,5,99.61,64.51,41.62,21.68,496.84,75,Cash,Delivered,3.6,Suresh
701871,2/23/2025,Vadodara,South Treat,South Indian,Uttapam,2,150.08,41.37,50.82,12.94,322.55,38,UPI,Delivered,4.8,Ravi
701872,4/14/2025,Vadodara,Food Fiesta,Burger,Paneer Burger,2,333.31,63.44,37.25,30.16,670.59,73,Card,Delivered,4.7,Karan
701873,4/8/2025,Gandhinagar,Chinese Wok,North Indian,Dal Makhani,4,145.78,58.68,53.7,26.22,604.36,46,UPI,Delivered,3.7,Neha
701874,9/20/2025,Gandhinagar,Chinese Wok,South Indian,Idli,1,199.46,3.17,23.73,9.81,229.83,72,UPI,Delivered,3.9,Suresh
701875,2/12/2026,Rajkot,Chinese Wok,North Indian,Paneer Butter Masala,2,339.34,49.91,28.81,31.44,689.02,69,Cash,Delivered,3.3,Priya
701876,5/17/2026,Mumbai,Chinese Wok,North Indian,Paneer Butter Masala,3,324.26,59.18,47.49,45.68,1006.77,61,UPI,Delivered,4.8,Suresh
701877,10/3/2025,Pune,Pizza Corner,Pizza,Veg Supreme,1,194.03,9.56,29.31,9.22,223,25,Wallet,Delivered,4.9,Priya
701878,6/8/2026,Surat,Spice Hub,Beverages,Fresh Juice,2,219.9,3.92,46.12,21.79,503.79,42,Card,Delivered,3.6,Priya
701879,2/24/2025,Pune,Burger House,Pizza,Margherita,4,376.3,42.52,26.46,73.13,1562.27,15,UPI,Delivered,3,Priya
701880,3/30/2025,Mumbai,Urban Tadka,Biryani,Veg Biryani,5,283.55,69.64,29.81,67.41,1445.33,15,UPI,Delivered,3.1,Vikas
701881,9/8/2025,Gandhinagar,Biryani Express,Burger,Paneer Burger,5,130.91,54.24,47.41,30.02,677.74,46,UPI,Delivered,4.3,Neha
701882,7/14/2025,Jaipur,Pizza Corner,Dessert,Ice Cream,3,123.85,51.81,31.89,15.99,367.62,63,UPI,Delivered,4.1,Priya
701883,6/20/2026,Vadodara,Spice Hub,Burger,Veg Burger,1,291.08,29.44,33.01,13.08,307.73,23,Wallet,Delivered,3.7,Suresh
701884,5/22/2025,Pune,Burger House,Biryani,Hyderabadi Veg,4,231.48,15.6,27.81,45.52,983.65,67,Cash,Delivered,4.1,Priya
701885,5/30/2025,Pune,Biryani Express,Biryani,Veg Biryani,3,387.11,54.1,57.15,55.36,1219.74,63,Cash,Cancelled,,Ravi
701886,1/21/2025,Gandhinagar,Pizza Corner,Chinese,Noodles,3,399.57,45.96,45.52,57.64,1255.91,21,UPI,Delivered,4.5,Suresh
701887,3/31/2026,Mumbai,Food Fiesta,North Indian,Paneer Butter Masala,4,323.82,19.29,21.6,63.8,1361.39,43,Card,Delivered,3.5,Ravi
701888,1/23/2025,Ahmedabad,Pizza Corner,South Indian,Masala Dosa,3,218.62,16.28,48.12,31.98,719.68,32,Cash,Delivered,3.4,Rahul
701889,8/18/2025,Vadodara,Urban Tadka,Biryani,Hyderabadi Veg,4,245.09,67.07,39.37,45.66,998.32,32,Cash,Delivered,4.4,Neha
701890,6/11/2025,Rajkot,Burger House,Dessert,Ice Cream,3,265.67,74.07,42.76,36.15,801.85,15,UPI,Delivered,3.4,Priya
701891,6/13/2025,Surat,Biryani Express,Pizza,Margherita,3,246.68,24.6,25.46,35.77,776.67,27,Cash,Delivered,5,Ravi
701892,4/22/2026,Jaipur,Pizza Corner,North Indian,Dal Makhani,4,210.05,37.81,29.2,40.12,871.71,57,UPI,Delivered,3,Karan
701893,3/16/2025,Ahmedabad,Chinese Wok,Burger,Paneer Burger,2,260.36,72.52,59.03,22.41,529.64,19,Wallet,Delivered,3.4,Amit
701894,6/3/2026,Ahmedabad,Food Fiesta,South Indian,Uttapam,3,226.24,55.12,41.26,31.18,696.04,36,Cash,Cancelled,,Priya
701895,5/20/2025,Jaipur,South Treat,North Indian,Naan Combo,5,142.29,21.99,43.33,34.47,767.26,51,Cash,Delivered,4.3,Rahul
701896,6/4/2025,Ahmedabad,Chinese Wok,Biryani,Paneer Biryani,4,147.23,63.5,25.66,26.27,577.35,66,UPI,Delivered,4.2,Rahul
701897,3/14/2025,Rajkot,Spice Hub,Biryani,Hyderabadi Veg,3,226.22,13.45,33.92,33.26,732.39,33,Cash,Delivered,3.7,Neha
701898,2/16/2025,Gandhinagar,Biryani Express,South Indian,Masala Dosa,1,254.67,15.23,49.65,11.97,301.06,74,Cash,Delivered,3.4,Ravi
701899,5/11/2025,Jaipur,South Treat,South Indian,Uttapam,1,303.28,19.59,50.98,14.18,348.85,45,UPI,Cancelled,,Neha
701900,3/23/2025,Mumbai,Biryani Express,Chinese,Manchurian,1,255.06,66.66,42.18,9.42,240,62,Cash,Delivered,4.1,Karan
701901,2/15/2025,Pune,Urban Tadka,Beverages,Cold Coffee,2,108.52,48.3,52.56,8.44,229.74,70,Card,Delivered,4.4,Amit
701902,3/24/2026,Vadodara,Food Fiesta,South Indian,Masala Dosa,1,152.12,67.81,59.95,4.22,148.48,51,Cash,Delivered,4.8,Vikas
701903,6/22/2025,Vadodara,Food Fiesta,South Indian,Idli,2,373.51,3.92,34.19,37.16,814.45,45,UPI,Cancelled,,Suresh
701904,5/5/2025,Mumbai,Biryani Express,Chinese,Noodles,4,385.05,71.75,38.46,73.42,1580.33,53,Card,Cancelled,,Karan
701905,2/25/2026,Mumbai,Burger House,Chinese,Fried Rice,1,300.58,19.7,38.67,14.04,333.59,56,Wallet,Delivered,3.1,Suresh
701906,11/19/2025,Pune,Food Fiesta,Burger,Cheese Burger,5,353.77,47.9,54.32,86.05,1861.32,64,Wallet,Delivered,5,Suresh
701907,1/30/2025,Pune,Food Fiesta,Beverages,Cold Coffee,3,220.62,45.13,42.37,30.84,689.94,47,Cash,Delivered,3.5,Ravi
701908,5/27/2026,Mumbai,Spice Hub,Beverages,Fresh Juice,1,203.99,15.05,39.81,9.45,238.2,34,UPI,Delivered,4,Rahul
701909,4/1/2025,Vadodara,South Treat,Burger,Paneer Burger,4,348.24,45.75,21.99,67.36,1436.56,47,Cash,Delivered,3.3,Karan
701910,6/8/2025,Pune,Spice Hub,South Indian,Masala Dosa,1,103.27,12.27,37.97,4.55,133.52,50,Cash,Delivered,3.6,Priya
701911,1/21/2025,Surat,Chinese Wok,Burger,Veg Burger,3,263.72,46.46,57.1,37.24,839.04,42,Card,Cancelled,,Vikas
701912,9/4/2025,Rajkot,Food Fiesta,Dessert,Gulab Jamun,1,263.64,32.59,22.85,11.55,265.45,21,Wallet,Delivered,3.9,Suresh
701913,12/18/2025,Pune,Spice Hub,Dessert,Brownie,4,127.57,51.14,55.5,22.96,537.6,40,Cash,Delivered,3.2,Amit
701914,4/18/2026,Gandhinagar,Spice Hub,Biryani,Hyderabadi Veg,1,256.66,58.76,37.74,9.9,245.54,53,Wallet,Delivered,4.2,Vikas
701915,7/29/2025,Surat,Spice Hub,South Indian,Uttapam,4,272.55,39.32,55.71,52.54,1159.13,71,UPI,Cancelled,,Vikas
701916,1/31/2025,Vadodara,Urban Tadka,South Indian,Masala Dosa,3,148.8,16.87,42.3,21.48,493.31,28,Wallet,Delivered,4,Karan
701917,9/12/2025,Gandhinagar,Chinese Wok,Beverages,Cold Coffee,3,190.55,33.6,58.08,26.9,623.03,47,Cash,Delivered,4.6,Neha
701918,6/21/2026,Rajkot,South Treat,Pizza,Veg Supreme,1,287.98,77.88,54.74,10.51,275.35,44,Card,Cancelled,,Suresh
701919,7/21/2025,Gandhinagar,Spice Hub,South Indian,Idli,5,265.45,49.15,20.23,63.91,1362.24,43,UPI,Delivered,3.4,Amit
701920,8/1/2025,Rajkot,Chinese Wok,Chinese,Manchurian,1,340.55,28.73,55.57,15.59,382.98,23,Card,Delivered,3.2,Rahul
701921,1/26/2026,Pune,Biryani Express,Pizza,Margherita,5,319,9.32,53.56,79.28,1718.52,74,UPI,Delivered,3.5,Amit
701922,7/23/2025,Vadodara,South Treat,North Indian,Dal Makhani,3,125.59,54.78,55.83,16.1,393.92,52,UPI,Delivered,4.8,Amit
701923,3/30/2026,Surat,Burger House,Burger,Cheese Burger,3,267.93,1.41,53,40.12,895.5,37,Cash,Cancelled,,Suresh
701924,4/14/2025,Pune,South Treat,North Indian,Dal Makhani,3,89.33,74.15,22.1,9.69,225.63,65,Cash,Delivered,3.6,Neha
701925,2/15/2026,Mumbai,South Treat,Burger,Veg Burger,4,160.86,45.32,57.83,29.91,685.86,70,Wallet,Delivered,3.1,Ravi
701926,10/10/2025,Rajkot,Food Fiesta,South Indian,Idli,1,85.12,34.2,55.4,2.55,108.87,20,Cash,Delivered,3.1,Suresh
701927,12/28/2025,Pune,Food Fiesta,Beverages,Cold Coffee,3,111.84,66.13,20.41,13.47,303.27,73,Wallet,Cancelled,,Amit
701928,2/27/2025,Pune,Spice Hub,South Indian,Uttapam,4,336.75,50.08,33.66,64.85,1395.43,28,Wallet,Cancelled,,Suresh
701929,3/16/2025,Ahmedabad,Food Fiesta,Beverages,Fresh Juice,1,86.06,65.76,53.61,1.01,74.92,36,Card,Delivered,3.8,Rahul
701930,6/13/2026,Pune,Chinese Wok,Biryani,Paneer Biryani,1,392.1,78.87,26.26,15.66,355.15,74,Cash,Cancelled,,Karan
701931,9/10/2025,Jaipur,Urban Tadka,North Indian,Naan Combo,3,382.91,57.67,24.41,54.55,1170.02,55,Wallet,Cancelled,,Vikas
701932,6/9/2025,Vadodara,Biryani Express,Chinese,Noodles,4,392.1,40.31,24.62,76.4,1629.11,19,Wallet,Delivered,4.6,Amit
701933,4/6/2026,Jaipur,Burger House,Burger,Paneer Burger,4,357.94,44.45,42.01,69.37,1498.69,53,Card,Delivered,3,Karan
701934,9/22/2025,Ahmedabad,Food Fiesta,Beverages,Cold Coffee,2,186.38,6.33,38.59,18.32,423.34,59,Wallet,Cancelled,,Vikas
701935,8/17/2025,Vadodara,Spice Hub,Dessert,Gulab Jamun,1,84.42,30.36,30.14,2.7,86.9,74,Wallet,Delivered,4.3,Neha
701936,1/3/2026,Vadodara,Spice Hub,Burger,Veg Burger,3,254.84,4,24.85,38.03,823.4,51,Cash,Delivered,3.9,Rahul
701937,12/24/2025,Rajkot,Urban Tadka,North Indian,Dal Makhani,3,353.16,39.35,56.47,51.01,1127.61,65,UPI,Cancelled,,Neha
701938,12/11/2025,Mumbai,Urban Tadka,South Indian,Idli,4,222.16,49.87,21.31,41.94,902.02,71,UPI,Delivered,3.1,Amit
701939,8/5/2025,Vadodara,Chinese Wok,North Indian,Naan Combo,1,107.05,29.15,42.74,3.9,124.54,35,Cash,Cancelled,,Karan
701940,10/21/2025,Surat,Urban Tadka,Biryani,Veg Biryani,2,142.26,5.24,31.53,13.96,324.77,56,UPI,Delivered,3.8,Karan
701941,11/30/2025,Vadodara,Burger House,North Indian,Paneer Butter Masala,3,276.28,19.73,46.19,40.46,895.76,35,Cash,Delivered,4.3,Rahul
701942,8/3/2025,Pune,Spice Hub,South Indian,Idli,5,309.15,70.51,59.1,73.76,1608.1,42,Card,Delivered,3.4,Priya
701943,10/13/2025,Rajkot,Spice Hub,Beverages,Fresh Juice,2,343.76,58.88,21.4,31.43,681.47,75,Card,Cancelled,,Karan
701944,10/18/2025,Pune,Urban Tadka,North Indian,Naan Combo,4,211.15,43.36,49.08,40.06,890.38,72,Cash,Cancelled,,Karan
701945,2/22/2026,Jaipur,Chinese Wok,Beverages,Fresh Juice,1,276.34,17.2,42.8,12.96,314.9,16,Cash,Delivered,4.3,Amit
701946,9/26/2025,Surat,Urban Tadka,Pizza,Margherita,3,367.26,44.6,52.9,52.86,1162.94,35,Cash,Delivered,4.4,Suresh
701947,4/1/2025,Jaipur,Urban Tadka,Biryani,Hyderabadi Veg,3,120.72,13.41,21.05,17.44,387.24,17,Card,Delivered,3.5,Priya
701948,7/2/2025,Ahmedabad,Spice Hub,Dessert,Brownie,5,326.75,49.5,41.59,79.21,1705.05,36,Card,Delivered,4.9,Suresh
701949,9/26/2025,Pune,Burger House,Beverages,Lassi,1,134.71,56.69,50.99,3.9,132.91,19,Wallet,Delivered,4.4,Vikas
701950,3/3/2026,Vadodara,Biryani Express,Chinese,Noodles,5,93.82,65.32,49.71,20.19,473.68,51,Cash,Delivered,3.7,Karan
701951,1/11/2025,Jaipur,Food Fiesta,Chinese,Fried Rice,4,160.61,1.65,24.36,32.04,697.19,57,Cash,Delivered,3.2,Vikas
701952,6/27/2025,Rajkot,Spice Hub,Burger,Paneer Burger,2,380.73,13.46,43.42,37.4,828.82,54,Wallet,Delivered,4.1,Neha
701953,1/14/2025,Jaipur,Chinese Wok,Pizza,Margherita,2,93.56,31.77,34.02,7.77,197.14,42,Card,Cancelled,,Amit
701954,1/31/2025,Pune,Burger House,Burger,Paneer Burger,5,377.34,10.9,35.85,93.79,2005.44,43,Wallet,Delivered,3.9,Ravi
701955,10/3/2025,Pune,Biryani Express,Pizza,Margherita,3,303.59,46.43,25.26,43.22,932.82,49,Wallet,Delivered,3.1,Rahul
701956,3/28/2026,Jaipur,Food Fiesta,Dessert,Ice Cream,5,128.99,21.23,58.87,31.19,713.78,52,Card,Delivered,4,Priya
701957,8/5/2025,Pune,Spice Hub,South Indian,Idli,1,99.5,76.17,46.11,1.17,70.61,33,Wallet,Cancelled,,Ravi
701958,11/4/2025,Jaipur,Pizza Corner,South Indian,Uttapam,5,229.29,4.49,47.87,57.1,1246.93,61,UPI,Delivered,4.6,Amit
701959,6/9/2026,Surat,Pizza Corner,Pizza,Veg Supreme,4,91.31,70.97,29.06,14.71,338.04,55,Cash,Delivered,4,Neha
701960,9/22/2025,Surat,Burger House,South Indian,Idli,1,149.89,30.9,52.48,5.95,177.42,57,UPI,Delivered,3.2,Suresh
701961,1/12/2026,Gandhinagar,South Treat,Chinese,Manchurian,5,396.48,65.7,36.98,95.84,2049.52,65,UPI,Delivered,3.2,Rahul
701962,8/18/2025,Pune,Spice Hub,Biryani,Hyderabadi Veg,1,280.12,76.68,33.41,10.17,247.02,45,Wallet,Delivered,4.8,Neha
701963,5/11/2026,Gandhinagar,Spice Hub,South Indian,Idli,1,109.66,48.82,54.38,3.04,118.26,37,Card,Delivered,3.3,Suresh
701964,4/6/2026,Rajkot,Biryani Express,Pizza,Margherita,3,206.03,75.11,55.26,27.15,625.39,32,Cash,Delivered,4,Neha
701965,9/3/2025,Ahmedabad,Urban Tadka,South Indian,Uttapam,1,144.66,5.24,34.28,6.97,180.67,75,Card,Cancelled,,Ravi
701966,7/5/2025,Gandhinagar,Food Fiesta,North Indian,Naan Combo,3,273.99,29.03,41.5,39.65,874.09,28,Cash,Delivered,3.6,Neha
701967,2/7/2026,Mumbai,Food Fiesta,Chinese,Noodles,1,295.37,66.51,58.89,11.44,299.19,67,Card,Delivered,3.4,Rahul
701968,1/8/2026,Pune,South Treat,Burger,Veg Burger,1,314.29,50.82,49.53,13.17,326.17,33,UPI,Cancelled,,Vikas
701969,3/26/2026,Rajkot,South Treat,Biryani,Paneer Biryani,4,278.4,50.71,26,53.14,1142.03,61,Wallet,Delivered,4.2,Rahul
701970,7/21/2025,Pune,South Treat,Pizza,Farmhouse,4,384.97,37.55,34.45,75.12,1611.9,66,Wallet,Delivered,4.2,Suresh
701971,5/18/2026,Rajkot,Chinese Wok,Dessert,Brownie,5,388.83,70.74,22.71,93.67,1989.79,23,Wallet,Delivered,3.6,Vikas
701972,5/17/2025,Vadodara,Burger House,Biryani,Veg Biryani,2,315.24,55.52,28.08,28.75,631.79,66,Wallet,Cancelled,,Karan
701973,4/20/2025,Gandhinagar,Burger House,Beverages,Fresh Juice,3,185.91,68.01,29.89,24.49,544.1,26,Card,Delivered,3.4,Amit
701974,8/6/2025,Surat,Spice Hub,Biryani,Hyderabadi Veg,3,165.92,20.22,59.75,23.88,561.17,44,UPI,Delivered,4.5,Vikas
701975,4/15/2025,Rajkot,Burger House,Beverages,Fresh Juice,1,249.64,6.43,27.22,12.16,282.59,33,UPI,Delivered,4,Suresh
701976,11/20/2025,Gandhinagar,Spice Hub,Burger,Paneer Burger,1,94.19,30.09,45.61,3.21,112.92,63,Card,Delivered,3.4,Vikas
701977,6/4/2026,Gandhinagar,Pizza Corner,Biryani,Paneer Biryani,4,138.88,75.68,42.06,23.99,545.89,28,UPI,Delivered,4.7,Ravi
701978,3/4/2026,Ahmedabad,South Treat,Burger,Veg Burger,2,83.2,37.5,22.79,6.45,158.14,46,Wallet,Delivered,4.6,Karan
701979,4/28/2026,Jaipur,Urban Tadka,North Indian,Naan Combo,1,267.46,18.45,52.81,12.45,314.27,16,Wallet,Cancelled,,Amit
701980,9/9/2025,Rajkot,Pizza Corner,North Indian,Dal Makhani,1,191.38,37.85,47.35,7.68,208.56,53,UPI,Delivered,4.5,Neha
701981,9/18/2025,Rajkot,Urban Tadka,Dessert,Brownie,1,377.43,19.59,33.3,17.89,409.03,19,Card,Cancelled,,Rahul
701982,8/7/2025,Gandhinagar,Pizza Corner,Chinese,Noodles,2,112.1,65.64,20.77,7.93,187.26,27,Wallet,Delivered,4.8,Ravi
701983,10/8/2025,Rajkot,Pizza Corner,North Indian,Paneer Butter Masala,4,303.28,78.68,22.65,56.72,1213.81,37,Card,Delivered,3.7,Karan
701984,5/24/2026,Pune,Food Fiesta,Beverages,Fresh Juice,2,116.96,33.98,48.75,10,258.69,31,Card,Delivered,3.1,Suresh
701985,5/11/2025,Pune,Burger House,Burger,Paneer Burger,5,220.63,2.65,42.14,55.03,1197.67,58,UPI,Delivered,3.2,Rahul
701986,11/14/2025,Rajkot,South Treat,North Indian,Paneer Butter Masala,3,286.56,56.62,48.32,40.15,891.53,70,Wallet,Delivered,4.7,Rahul
701987,5/12/2026,Vadodara,Burger House,Pizza,Farmhouse,2,184.2,15,53.62,17.67,424.69,71,Card,Cancelled,,Vikas
701988,3/25/2026,Mumbai,Spice Hub,Chinese,Fried Rice,3,293.27,62.11,49.67,40.88,908.25,73,Cash,Delivered,4.3,Suresh
701989,5/10/2026,Rajkot,Chinese Wok,North Indian,Naan Combo,4,292.78,40.89,44.68,56.51,1231.42,65,UPI,Delivered,4.8,Amit
701990,1/9/2025,Surat,Burger House,Biryani,Veg Biryani,1,368.94,76.83,21.86,14.61,328.58,64,Wallet,Delivered,4.7,Karan
701991,2/2/2026,Rajkot,Spice Hub,South Indian,Idli,3,207.04,31.17,29.83,29.5,649.28,66,Card,Cancelled,,Karan
701992,3/28/2026,Surat,Burger House,North Indian,Naan Combo,3,207.31,62.77,49.98,27.96,637.1,32,UPI,Cancelled,,Ravi
701993,9/20/2025,Surat,Food Fiesta,North Indian,Dal Makhani,4,163.26,54.02,27.97,29.95,656.94,38,Card,Cancelled,,Suresh
701994,5/24/2026,Surat,Burger House,Dessert,Brownie,5,298.17,49.77,50.4,72.05,1563.53,46,Wallet,Cancelled,,Priya
701995,2/5/2026,Jaipur,Chinese Wok,Dessert,Ice Cream,3,86.91,11.45,52.51,12.46,314.25,15,UPI,Cancelled,,Vikas
701996,10/31/2025,Jaipur,Pizza Corner,Pizza,Margherita,4,125.34,78.26,22.38,21.16,466.64,56,Wallet,Delivered,4.3,Neha
701997,11/9/2025,Mumbai,Urban Tadka,Pizza,Veg Supreme,3,119.22,50.98,44.1,15.33,366.11,41,Wallet,Delivered,4.5,Rahul
701998,5/18/2026,Vadodara,Pizza Corner,Chinese,Fried Rice,2,150.35,33.37,48.39,13.37,329.09,15,Card,Delivered,3.9,Ravi
701999,5/12/2025,Jaipur,Spice Hub,Pizza,Margherita,1,85.93,56.32,31.17,1.48,62.26,42,Wallet,Delivered,4.4,Vikas
702000,9/3/2025,Gandhinagar,Spice Hub,Dessert,Brownie,3,121.63,77.26,36.39,14.38,338.4,58,Cash,Cancelled,,Priya
702001,3/1/2025,Pune,Spice Hub,North Indian,Naan Combo,4,183.92,38.99,38.58,34.83,770.1,23,Card,Delivered,3.3,Priya
702002,2/2/2025,Pune,South Treat,Chinese,Fried Rice,5,180.65,79.36,35.54,41.19,900.62,49,Wallet,Delivered,3.8,Rahul
702003,1/13/2026,Mumbai,Spice Hub,Burger,Cheese Burger,3,184.13,61.88,55.9,24.53,570.94,71,UPI,Delivered,4.2,Priya
702004,11/17/2025,Vadodara,Pizza Corner,Dessert,Ice Cream,4,149.82,2.22,21.17,29.85,648.08,34,Wallet,Delivered,3.9,Neha
702005,4/14/2025,Gandhinagar,Burger House,South Indian,Idli,4,280.33,1.05,24.81,56.01,1201.09,50,Wallet,Cancelled,,Rahul
702006,6/3/2025,Vadodara,Food Fiesta,Dessert,Brownie,2,353.67,58.88,40.84,32.42,721.72,28,Cash,Cancelled,,Ravi
702007,8/27/2025,Jaipur,Urban Tadka,Beverages,Fresh Juice,5,146.61,57.64,20.64,33.77,729.82,61,Card,Delivered,4.7,Karan
702008,1/30/2026,Vadodara,Urban Tadka,Chinese,Noodles,5,259.89,56.49,21.15,62.15,1326.26,38,Cash,Cancelled,,Rahul
702009,7/20/2025,Vadodara,Urban Tadka,North Indian,Paneer Butter Masala,2,174.57,22.4,42.35,16.34,385.43,55,Cash,Delivered,4.6,Neha
702010,1/7/2025,Vadodara,Spice Hub,Chinese,Noodles,3,372.12,44.93,24.61,53.57,1149.61,50,Cash,Cancelled,,Suresh
702011,2/3/2026,Rajkot,Chinese Wok,Beverages,Lassi,2,375.64,56.36,53.49,34.75,783.16,15,Card,Delivered,4.7,Karan
702012,2/11/2026,Gandhinagar,Food Fiesta,Beverages,Fresh Juice,5,248.75,59.45,57.69,59.22,1301.21,24,Wallet,Delivered,4.4,Neha
702013,11/2/2025,Vadodara,Spice Hub,Dessert,Ice Cream,5,112.78,18.42,20.26,27.27,593.01,37,Wallet,Delivered,4.9,Amit
702014,11/11/2025,Jaipur,Spice Hub,Pizza,Veg Supreme,3,225.46,7.54,31.51,33.44,733.79,59,Card,Cancelled,,Priya
702015,3/9/2025,Rajkot,Urban Tadka,North Indian,Dal Makhani,3,386.71,41.58,33.98,55.93,1208.46,33,UPI,Delivered,3.7,Neha
702016,3/17/2026,Mumbai,Chinese Wok,Beverages,Cold Coffee,3,160.62,76.83,59.37,20.25,484.65,74,Wallet,Cancelled,,Priya
702017,6/17/2025,Ahmedabad,Food Fiesta,Burger,Paneer Burger,4,157.48,64.22,48.4,28.28,642.38,45,Cash,Delivered,3,Priya
702018,6/16/2026,Surat,South Treat,Pizza,Veg Supreme,2,268.78,6.56,56.22,26.55,613.77,63,Wallet,Delivered,4.8,Rahul
702019,4/24/2026,Rajkot,Spice Hub,Beverages,Lassi,1,141.48,65.48,21.43,3.8,101.23,44,Cash,Delivered,4.2,Rahul
702020,3/21/2025,Gandhinagar,Urban Tadka,Pizza,Margherita,2,348.79,20.43,44.61,33.86,755.62,33,Card,Cancelled,,Suresh
702021,3/8/2025,Jaipur,Biryani Express,South Indian,Masala Dosa,3,370.14,71.34,31.65,51.95,1122.68,38,Cash,Delivered,4.3,Amit
702022,4/9/2025,Surat,South Treat,South Indian,Uttapam,1,281.85,42.71,29.33,11.96,280.43,58,UPI,Cancelled,,Priya
702023,2/16/2025,Mumbai,Biryani Express,South Indian,Masala Dosa,2,132.68,12.13,34.86,12.66,300.75,60,Cash,Cancelled,,Ravi
702024,5/7/2025,Vadodara,Burger House,South Indian,Uttapam,4,106.19,49.19,52.78,18.78,447.13,50,Wallet,Delivered,4.1,Amit
702025,1/1/2025,Surat,Spice Hub,Dessert,Brownie,1,236.88,20.22,52.35,10.83,279.84,46,Card,Delivered,4.2,Rahul
702026,3/2/2026,Gandhinagar,South Treat,South Indian,Uttapam,5,304.32,8.12,58.97,75.67,1648.12,32,Card,Delivered,4.3,Rahul
702027,4/17/2025,Pune,Burger House,Pizza,Veg Supreme,2,321.53,42.12,25.6,30.05,656.59,37,UPI,Delivered,3.6,Neha
702028,6/11/2026,Jaipur,Biryani Express,Chinese,Fried Rice,1,129.95,30.28,31.51,4.98,136.16,35,Card,Delivered,4,Suresh
702029,1/15/2025,Mumbai,Pizza Corner,Beverages,Fresh Juice,4,334.38,50.36,21.73,64.36,1373.25,72,Cash,Cancelled,,Ravi
702030,4/29/2026,Vadodara,Spice Hub,South Indian,Masala Dosa,5,245.29,34.04,25.84,59.62,1277.87,55,Card,Delivered,3,Amit
702031,1/4/2026,Pune,Biryani Express,Pizza,Farmhouse,1,389.95,28.64,44.5,18.07,423.88,33,Wallet,Cancelled,,Karan
702032,2/28/2025,Pune,Urban Tadka,Biryani,Veg Biryani,3,207.02,20.54,51.69,30.03,682.24,75,UPI,Delivered,3.1,Suresh
702033,2/19/2025,Rajkot,South Treat,North Indian,Naan Combo,2,127.14,73.07,44.9,9.06,235.17,39,UPI,Delivered,4.8,Ravi
702034,2/5/2025,Rajkot,Food Fiesta,Chinese,Noodles,1,378.85,47.02,58.38,16.59,406.8,26,Card,Delivered,3.5,Suresh
702035,6/21/2025,Gandhinagar,Burger House,Chinese,Noodles,4,399.11,23.45,44.65,78.65,1696.29,24,Cash,Delivered,3.2,Priya
702036,11/2/2025,Mumbai,Burger House,South Indian,Uttapam,5,126.7,57.62,55.5,28.79,660.17,32,Card,Delivered,3.6,Amit
702037,12/30/2025,Surat,Biryani Express,Pizza,Farmhouse,5,393.77,71.21,49.78,94.88,2042.3,39,Cash,Cancelled,,Priya
702038,10/24/2025,Mumbai,Spice Hub,Beverages,Fresh Juice,5,219.42,76.2,47.78,51.04,1119.72,22,UPI,Delivered,4.7,Vikas
702039,12/23/2025,Ahmedabad,South Treat,Beverages,Cold Coffee,5,347.89,46.08,53.29,84.67,1831.33,73,Card,Delivered,4.3,Neha
702040,3/6/2026,Mumbai,Urban Tadka,Dessert,Brownie,2,280.13,5.09,48.01,27.76,630.94,27,Card,Delivered,4.3,Amit
702041,7/19/2025,Pune,Spice Hub,North Indian,Dal Makhani,5,111.82,56.95,22.92,25.11,550.18,56,Card,Delivered,3,Neha
702042,3/26/2025,Vadodara,Burger House,North Indian,Paneer Butter Masala,4,233.91,37.03,22.69,44.93,966.23,25,UPI,Cancelled,,Karan
702043,7/31/2025,Vadodara,Biryani Express,Beverages,Lassi,4,190.1,48.55,30.5,35.59,777.94,74,Wallet,Delivered,4.2,Suresh
702044,1/15/2026,Surat,Urban Tadka,North Indian,Naan Combo,1,261.97,61.46,25.49,10.03,236.03,18,Card,Delivered,3.3,Karan
702045,2/17/2025,Surat,Biryani Express,Burger,Cheese Burger,1,117.86,72.73,49.96,2.26,97.35,18,Wallet,Delivered,3.4,Ravi
702046,6/3/2026,Rajkot,South Treat,Biryani,Hyderabadi Veg,5,336.58,36.49,29.88,82.32,1758.61,21,Card,Cancelled,,Rahul
702047,6/9/2025,Jaipur,Pizza Corner,Pizza,Farmhouse,3,170.48,53.82,24.69,22.88,505.19,37,Card,Delivered,3.5,Karan
702048,6/15/2025,Mumbai,Chinese Wok,Beverages,Fresh Juice,1,82.05,32.6,26.52,2.47,78.44,66,Cash,Delivered,3.3,Amit
702049,3/5/2025,Jaipur,Pizza Corner,Biryani,Paneer Biryani,1,367.62,76.51,24.63,14.56,330.3,36,Card,Delivered,4.8,Priya
702050,6/14/2025,Surat,Chinese Wok,Dessert,Ice Cream,1,234.91,42.68,24.76,9.61,226.6,16,UPI,Delivered,3.1,Karan
702051,4/7/2025,Ahmedabad,Biryani Express,Pizza,Veg Supreme,3,381.2,70.95,41.91,53.63,1168.19,17,Card,Cancelled,,Neha
702052,8/3/2025,Vadodara,Burger House,Pizza,Margherita,2,135.23,0.41,25.31,13.5,308.86,24,Cash,Delivered,3.1,Suresh
702053,9/28/2025,Gandhinagar,Burger House,Dessert,Ice Cream,5,187.38,62.72,48.69,43.71,966.58,24,UPI,Delivered,4.6,Neha
702054,12/2/2025,Rajkot,Burger House,Chinese,Noodles,1,130.87,50.68,33.33,4.01,117.53,74,Card,Cancelled,,Priya
702055,5/20/2025,Pune,Pizza Corner,Dessert,Gulab Jamun,3,205.36,5.55,45.42,30.53,686.48,45,Wallet,Delivered,4.4,Ravi
702056,8/30/2025,Pune,Food Fiesta,Burger,Cheese Burger,3,392.9,71.33,53.72,55.37,1216.46,42,Card,Delivered,3.4,Ravi
702057,6/15/2026,Vadodara,Spice Hub,Beverages,Fresh Juice,1,319.66,1.63,59.79,15.9,393.72,47,Cash,Delivered,4.8,Suresh
702058,10/3/2025,Vadodara,Biryani Express,Burger,Paneer Burger,2,246,16.87,44.37,23.76,543.26,24,Wallet,Delivered,3.6,Neha
702059,3/31/2026,Gandhinagar,Urban Tadka,Burger,Paneer Burger,1,145.34,57.69,58.71,4.38,150.74,50,UPI,Delivered,4,Ravi
702060,1/6/2025,Vadodara,Spice Hub,Beverages,Lassi,2,277.29,67.39,37.17,24.36,548.72,68,Wallet,Delivered,4,Rahul
702061,12/31/2025,Rajkot,Chinese Wok,South Indian,Masala Dosa,2,288.67,37.99,24.97,26.97,591.29,74,Card,Cancelled,,Karan
702062,1/15/2025,Jaipur,Biryani Express,North Indian,Dal Makhani,3,323.03,8.03,29.66,48.05,1038.77,41,Cash,Delivered,4.9,Rahul
702063,8/23/2025,Gandhinagar,Food Fiesta,Chinese,Noodles,3,232.8,56.81,29.43,32.08,703.1,54,Cash,Delivered,4.5,Priya
702064,7/1/2025,Surat,Biryani Express,Pizza,Veg Supreme,1,307.64,30.29,54.92,13.87,346.14,59,UPI,Delivered,3.6,Priya
702065,8/31/2025,Surat,Biryani Express,Pizza,Margherita,1,132.94,21.98,50.07,5.55,166.58,18,UPI,Delivered,3.2,Suresh
702066,7/18/2025,Jaipur,Chinese Wok,Dessert,Brownie,5,378.17,27.71,42.02,93.16,1998.32,38,Cash,Delivered,3.3,Vikas
702067,3/4/2025,Surat,Urban Tadka,North Indian,Dal Makhani,3,195.01,32.04,40.82,27.65,621.46,71,Wallet,Delivered,3.7,Vikas
702068,6/8/2026,Pune,Pizza Corner,Beverages,Cold Coffee,2,352.16,2.74,36.84,35.08,773.5,37,Wallet,Delivered,3.2,Vikas
702069,10/15/2025,Ahmedabad,Spice Hub,Burger,Veg Burger,3,174.47,57.17,58.61,23.31,548.16,55,Cash,Delivered,4.6,Amit
702070,6/14/2026,Gandhinagar,South Treat,Biryani,Veg Biryani,1,129.04,78.04,33.21,2.55,86.76,28,Wallet,Cancelled,,Vikas
702071,3/3/2025,Vadodara,Spice Hub,North Indian,Dal Makhani,4,92.64,9.58,43.17,18.05,422.2,73,Cash,Delivered,4.2,Karan
702072,7/29/2025,Pune,South Treat,South Indian,Masala Dosa,1,266.03,45.93,24.14,11,255.24,29,Card,Cancelled,,Neha
702073,7/16/2025,Vadodara,South Treat,North Indian,Dal Makhani,1,251.1,62.28,27.25,9.44,225.51,72,UPI,Delivered,4.3,Amit
702074,1/8/2025,Surat,Pizza Corner,South Indian,Uttapam,5,181.9,26.85,43.82,44.13,970.6,44,Wallet,Cancelled,,Neha
702075,3/24/2025,Jaipur,Pizza Corner,North Indian,Paneer Butter Masala,4,225.19,10.06,52.85,44.54,988.09,44,Cash,Delivered,4.5,Rahul
702076,12/27/2025,Surat,Biryani Express,Biryani,Veg Biryani,4,103.96,23.42,59.04,19.62,471.08,57,Cash,Cancelled,,Ravi
702077,8/1/2025,Vadodara,Biryani Express,Burger,Cheese Burger,3,225.34,9.61,51.94,33.32,751.67,32,Card,Delivered,4.1,Neha
702078,6/8/2025,Jaipur,South Treat,South Indian,Masala Dosa,2,91.19,67.19,24.96,5.76,145.91,48,Card,Delivered,3.3,Amit
702079,5/31/2026,Gandhinagar,South Treat,Burger,Paneer Burger,4,152.93,73.47,50.81,26.91,615.97,70,UPI,Cancelled,,Suresh
702080,9/10/2025,Rajkot,Burger House,Dessert,Gulab Jamun,2,387.94,45.56,52.36,36.52,819.2,74,Card,Delivered,3.1,Amit
702081,2/17/2026,Pune,South Treat,Burger,Paneer Burger,2,374.84,59.1,29.91,34.53,755.02,24,Card,Delivered,4.7,Rahul
702082,3/15/2026,Surat,Chinese Wok,Biryani,Paneer Biryani,1,234.59,57.48,49.43,8.86,235.4,54,Card,Delivered,4.3,Vikas
702083,8/6/2025,Rajkot,Pizza Corner,Pizza,Margherita,3,260.34,74.62,41.95,35.32,783.67,74,Card,Cancelled,,Priya
702084,4/15/2025,Pune,Food Fiesta,Pizza,Margherita,5,392.48,31.44,41.92,96.55,2069.43,61,Card,Cancelled,,Rahul
702085,3/25/2025,Ahmedabad,South Treat,Burger,Paneer Burger,1,98.89,29.84,52.68,3.45,125.18,32,Card,Delivered,3.8,Suresh
702086,3/10/2025,Surat,Biryani Express,Burger,Paneer Burger,1,112.8,1.01,48.89,5.59,166.27,20,Card,Delivered,4.6,Karan
702087,3/10/2026,Surat,Urban Tadka,Dessert,Gulab Jamun,1,138.72,56.96,30.02,4.09,115.87,53,Wallet,Delivered,3.6,Suresh
702088,5/10/2025,Gandhinagar,Chinese Wok,Dessert,Gulab Jamun,3,375.76,6.55,23.74,56.04,1200.51,23,Cash,Cancelled,,Ravi
702089,10/25/2025,Rajkot,Urban Tadka,Biryani,Veg Biryani,1,332.96,41.83,51.82,14.56,357.51,72,Wallet,Delivered,3.2,Karan
702090,3/11/2025,Surat,Spice Hub,Dessert,Brownie,3,268.66,61.74,54.74,37.21,836.19,36,Cash,Delivered,3.8,Ravi
702091,7/3/2025,Mumbai,Spice Hub,Beverages,Cold Coffee,2,242.73,4.61,44.54,24.04,549.43,52,UPI,Cancelled,,Rahul
702092,3/22/2026,Vadodara,Biryani Express,Burger,Veg Burger,5,342.65,51.09,46.29,83.11,1791.56,32,UPI,Delivered,3.9,Amit
702093,10/18/2025,Jaipur,Food Fiesta,Burger,Paneer Burger,2,385.6,25.72,45.33,37.27,828.08,68,UPI,Delivered,3.6,Karan
702094,6/1/2025,Ahmedabad,Chinese Wok,South Indian,Masala Dosa,3,348.93,60.12,54.95,49.33,1090.95,62,Cash,Delivered,3.8,Priya
702095,3/7/2025,Jaipur,Spice Hub,North Indian,Dal Makhani,3,243.1,58.64,24.34,33.53,728.53,40,Cash,Cancelled,,Neha
702096,5/20/2025,Gandhinagar,Pizza Corner,Biryani,Hyderabadi Veg,3,166.51,53.36,38.13,22.31,506.61,41,UPI,Delivered,3.8,Neha
702097,3/22/2026,Pune,Burger House,Burger,Cheese Burger,1,140.62,62.73,23.36,3.89,105.14,70,Cash,Cancelled,,Amit
702098,5/24/2025,Vadodara,Pizza Corner,Dessert,Brownie,4,370.9,66.52,52.26,70.85,1540.19,38,UPI,Cancelled,,Rahul
702099,2/9/2026,Rajkot,Burger House,South Indian,Uttapam,2,394.16,39.51,50.33,37.44,836.58,27,UPI,Delivered,4.9,Ravi
702100,2/24/2025,Vadodara,Spice Hub,Burger,Paneer Burger,5,210.24,45.31,28.87,50.29,1085.05,65,Wallet,Cancelled,,Priya
702101,11/4/2025,Rajkot,Chinese Wok,Burger,Cheese Burger,4,396.49,14.59,28.82,78.57,1678.76,21,Card,Delivered,4,Rahul
702102,2/16/2025,Jaipur,Food Fiesta,Beverages,Cold Coffee,1,152.47,63.65,32.94,4.44,126.2,59,Wallet,Delivered,3.7,Priya
702103,4/29/2025,Jaipur,Spice Hub,Burger,Paneer Burger,4,170.53,46.68,25.26,31.77,692.47,64,Wallet,Delivered,4.8,Suresh
702104,1/18/2025,Ahmedabad,South Treat,Chinese,Noodles,2,124.94,10.97,39.88,11.95,290.74,53,Card,Cancelled,,Amit
702105,8/15/2025,Ahmedabad,Chinese Wok,Burger,Cheese Burger,2,168.12,15.36,29.49,16.04,366.41,68,Cash,Delivered,4.2,Rahul
702106,5/26/2025,Pune,Biryani Express,Beverages,Cold Coffee,5,164.14,73.61,33.27,37.35,817.71,39,Wallet,Delivered,3.6,Vikas
702107,5/19/2026,Ahmedabad,Biryani Express,Burger,Veg Burger,2,216.46,61.77,20.83,18.56,410.54,54,Wallet,Cancelled,,Priya
702108,5/22/2026,Surat,Burger House,Burger,Cheese Burger,2,157.44,42.54,31.49,13.62,317.45,59,Wallet,Cancelled,,Neha
702109,5/11/2026,Jaipur,Burger House,Dessert,Gulab Jamun,2,256.61,16.9,45.35,24.82,566.49,30,Cash,Delivered,3.9,Vikas
702110,6/4/2025,Ahmedabad,Urban Tadka,Dessert,Gulab Jamun,2,345.27,52.29,44.82,31.91,714.98,58,Card,Delivered,4.3,Priya
702111,6/10/2025,Ahmedabad,Biryani Express,South Indian,Masala Dosa,5,398.24,10.39,56.84,99.04,2136.69,75,UPI,Delivered,4.5,Karan
702112,7/19/2025,Mumbai,Spice Hub,Beverages,Lassi,1,178.48,22.97,39.29,7.78,202.58,43,Wallet,Delivered,5,Karan
702113,1/15/2026,Rajkot,Burger House,North Indian,Paneer Butter Masala,5,307.19,28.82,44.17,75.36,1626.66,33,Card,Delivered,4.4,Neha
702114,8/4/2025,Surat,Pizza Corner,Chinese,Noodles,2,229.94,2.69,38.75,22.86,518.8,39,UPI,Delivered,3.8,Suresh
702115,5/26/2025,Jaipur,Food Fiesta,Burger,Cheese Burger,5,157.56,64.84,25.29,36.15,784.4,58,Cash,Delivered,3.4,Vikas
702116,3/28/2025,Jaipur,Spice Hub,South Indian,Idli,1,243.11,60.97,46.8,9.11,238.05,28,Cash,Delivered,3.7,Ravi
702117,9/8/2025,Jaipur,Chinese Wok,Beverages,Fresh Juice,1,329.96,33.2,22.71,14.84,334.31,66,Cash,Cancelled,,Priya
702118,7/27/2025,Gandhinagar,Burger House,Dessert,Brownie,1,316.98,25.81,30.75,14.56,336.48,26,UPI,Delivered,4.2,Karan
702119,3/30/2026,Mumbai,Urban Tadka,North Indian,Dal Makhani,3,96.19,16.06,38.28,13.63,324.42,35,Cash,Cancelled,,Ravi
702120,7/17/2025,Vadodara,Burger House,Beverages,Cold Coffee,2,387.33,40.31,54.6,36.72,825.67,41,Wallet,Delivered,4.3,Neha
702121,9/15/2025,Pune,Pizza Corner,South Indian,Idli,5,202.7,28.67,51.14,49.24,1085.21,74,Card,Cancelled,,Rahul
702122,7/16/2025,Surat,Spice Hub,Burger,Paneer Burger,3,100.79,1.47,30.48,15.04,346.42,40,Card,Cancelled,,Neha
702123,7/18/2025,Vadodara,Burger House,Chinese,Manchurian,4,330.65,79.95,43.04,62.13,1347.82,64,Wallet,Delivered,3.2,Priya
702124,4/15/2026,Surat,Pizza Corner,Beverages,Cold Coffee,3,127.78,69.71,39.65,15.68,368.96,48,Wallet,Delivered,3,Karan
702125,2/14/2025,Gandhinagar,Burger House,Burger,Cheese Burger,3,157.46,42.3,40.2,21.5,491.78,33,Wallet,Delivered,3.2,Amit
702126,2/22/2025,Vadodara,Biryani Express,Pizza,Farmhouse,4,254.44,46.12,57.04,48.58,1077.26,42,UPI,Delivered,4.6,Suresh
702127,5/17/2025,Gandhinagar,South Treat,Beverages,Fresh Juice,4,276.14,26.57,59.02,53.9,1190.91,45,Cash,Delivered,3.3,Vikas
702128,5/2/2025,Surat,Burger House,Pizza,Margherita,3,257.84,40.75,42.2,36.64,811.61,26,UPI,Delivered,3.2,Suresh
702129,4/28/2026,Surat,Burger House,Dessert,Brownie,2,335.84,28.47,51.45,32.16,726.82,35,Cash,Delivered,3.8,Priya
702130,2/16/2025,Gandhinagar,Pizza Corner,Chinese,Manchurian,5,243.15,28.8,31.63,59.35,1277.93,57,Card,Delivered,4.7,Suresh
702131,7/16/2025,Jaipur,Spice Hub,Pizza,Veg Supreme,3,397.86,0.03,58.42,59.68,1311.65,47,Card,Cancelled,,Rahul
702132,2/15/2025,Rajkot,Biryani Express,South Indian,Uttapam,1,169.9,16.19,34.89,7.69,196.29,47,Card,Delivered,4.3,Ravi
702133,8/29/2025,Mumbai,Biryani Express,Burger,Cheese Burger,3,314.62,20.33,46.15,46.18,1015.86,73,Card,Delivered,4.8,Vikas
702134,11/8/2025,Vadodara,Spice Hub,North Indian,Paneer Butter Masala,5,375.02,62.13,46.17,90.65,1949.79,50,Wallet,Cancelled,,Ravi
702135,9/8/2025,Rajkot,Chinese Wok,Pizza,Veg Supreme,4,324.27,4.26,45.61,64.64,1403.07,22,Wallet,Cancelled,,Rahul
702136,2/18/2025,Gandhinagar,Chinese Wok,Chinese,Fried Rice,5,228.76,57.66,42.01,54.31,1182.46,22,Wallet,Delivered,4.1,Priya
702137,2/5/2026,Vadodara,Biryani Express,South Indian,Idli,3,137.94,43.63,42.23,18.51,430.93,44,UPI,Delivered,3.8,Ravi
702138,3/27/2026,Vadodara,Chinese Wok,Dessert,Brownie,1,149.6,72.26,27.64,3.87,108.85,23,Card,Delivered,3.4,Amit
702139,4/4/2025,Rajkot,Food Fiesta,Burger,Cheese Burger,5,347.55,19.68,50.56,85.9,1854.53,17,Cash,Delivered,5,Suresh
702140,5/18/2025,Pune,Spice Hub,Dessert,Brownie,5,335.2,5.5,40.59,83.53,1794.62,61,UPI,Cancelled,,Amit
702141,4/17/2025,Pune,Burger House,Burger,Paneer Burger,4,349.74,46.34,23.9,67.63,1444.15,42,Card,Delivered,3.4,Suresh
702142,5/17/2026,Ahmedabad,Urban Tadka,Biryani,Veg Biryani,5,308.69,16.28,32.13,76.36,1635.66,74,Cash,Delivered,3.8,Amit
702143,4/19/2026,Gandhinagar,Biryani Express,South Indian,Uttapam,3,364.98,21.68,23.72,53.66,1150.64,48,Card,Delivered,3.8,Vikas
702144,2/25/2025,Gandhinagar,Food Fiesta,Burger,Veg Burger,5,157.2,20.98,31.13,38.25,834.4,74,Wallet,Cancelled,,Ravi
702145,5/22/2025,Gandhinagar,South Treat,South Indian,Uttapam,1,243.23,39.47,31.35,10.19,245.3,40,Card,Delivered,4.5,Karan
702146,2/5/2026,Vadodara,Spice Hub,Dessert,Gulab Jamun,1,349.72,62.12,23.27,14.38,325.25,47,Card,Delivered,4,Suresh
702147,4/30/2025,Vadodara,Food Fiesta,Beverages,Lassi,2,170.53,27.77,25.32,15.66,354.27,53,UPI,Cancelled,,Neha
702148,5/3/2025,Pune,Pizza Corner,Pizza,Farmhouse,4,321.67,14.89,59.94,63.59,1395.32,66,Wallet,Delivered,4.2,Vikas
702149,5/29/2026,Rajkot,Urban Tadka,Beverages,Lassi,3,205.45,27.22,57.27,29.46,675.86,36,Wallet,Cancelled,,Vikas
702150,2/13/2025,Pune,Spice Hub,Pizza,Margherita,4,259.53,56.61,20.79,49.08,1051.38,60,Cash,Delivered,4.2,Ravi
702151,2/19/2025,Mumbai,Urban Tadka,Beverages,Fresh Juice,1,258.62,53.78,31.18,10.24,246.26,39,Card,Delivered,4.5,Neha
702152,6/23/2025,Rajkot,South Treat,Dessert,Brownie,1,189.06,21.1,52.8,8.4,229.16,20,UPI,Delivered,4.2,Neha
702153,4/5/2026,Surat,Spice Hub,Burger,Cheese Burger,4,361.88,25.25,25.12,71.11,1518.5,61,Card,Delivered,3.9,Rahul
702154,12/14/2025,Mumbai,Food Fiesta,Dessert,Gulab Jamun,2,391.26,52.43,57.96,36.5,824.55,60,UPI,Delivered,4.3,Priya
702155,5/18/2025,Vadodara,Pizza Corner,Burger,Cheese Burger,1,343.59,48.07,45.89,14.78,356.19,32,Wallet,Delivered,3.9,Amit
702156,3/13/2026,Surat,Burger House,Pizza,Farmhouse,3,308.73,49.77,25.78,43.82,946.02,53,UPI,Delivered,3.1,Suresh
702157,9/23/2025,Jaipur,Urban Tadka,South Indian,Idli,1,305.41,61.35,29.52,12.2,285.78,43,Wallet,Delivered,4.3,Neha
702158,10/8/2025,Rajkot,Pizza Corner,Pizza,Farmhouse,2,132.96,23.95,25.03,12.1,279.1,42,Cash,Cancelled,,Rahul
702159,10/2/2025,Rajkot,Spice Hub,Beverages,Cold Coffee,1,375.41,17.51,50.94,17.9,426.74,41,Wallet,Delivered,4.5,Neha
702160,6/19/2026,Vadodara,Spice Hub,Biryani,Paneer Biryani,5,195.63,66.36,28.75,45.59,986.13,56,Wallet,Delivered,4.7,Karan
702161,4/7/2026,Gandhinagar,Burger House,Biryani,Hyderabadi Veg,1,389.07,19.41,51.36,18.48,439.5,40,UPI,Delivered,4.6,Vikas
702162,8/17/2025,Rajkot,Pizza Corner,Beverages,Fresh Juice,5,331.73,70.93,33.45,79.39,1700.56,29,Card,Delivered,3.8,Amit
702163,6/19/2025,Mumbai,Burger House,Pizza,Veg Supreme,4,128.84,45.97,42.77,23.47,535.63,52,Wallet,Delivered,4.8,Vikas
702164,6/17/2025,Rajkot,Urban Tadka,North Indian,Dal Makhani,2,102.19,0.57,25.01,10.19,239.01,52,Card,Delivered,3.9,Amit
702165,3/22/2025,Rajkot,Food Fiesta,Dessert,Gulab Jamun,2,234.42,23.21,26.35,22.28,494.26,39,Wallet,Delivered,4.4,Ravi
702166,5/28/2025,Ahmedabad,Urban Tadka,Beverages,Cold Coffee,5,271.07,10.72,22.48,67.23,1434.34,20,Card,Delivered,3.7,Rahul
702167,8/7/2025,Rajkot,Spice Hub,Chinese,Noodles,4,182.44,5.75,51.72,36.2,811.93,56,Card,Delivered,3.1,Amit
702168,5/17/2025,Ahmedabad,Burger House,Dessert,Gulab Jamun,2,325.66,56.96,31.96,29.72,656.04,38,UPI,Cancelled,,Neha
702169,11/6/2025,Gandhinagar,Burger House,Beverages,Lassi,5,377.84,52.06,58.69,91.86,1987.69,53,Card,Delivered,3.2,Neha
702170,7/29/2025,Surat,Burger House,Pizza,Margherita,2,346.66,45.91,44.6,32.37,724.38,39,Wallet,Cancelled,,Ravi
702171,5/5/2025,Ahmedabad,Burger House,Biryani,Hyderabadi Veg,5,350.21,8.15,50.02,87.14,1880.06,19,Card,Cancelled,,Karan
702172,5/19/2026,Mumbai,Spice Hub,North Indian,Naan Combo,1,364.87,14.6,32.61,17.51,400.39,30,Wallet,Delivered,3.6,Suresh
702173,9/24/2025,Mumbai,Biryani Express,North Indian,Paneer Butter Masala,1,106.3,16.29,48.36,4.5,142.87,58,Card,Delivered,4.7,Rahul
702174,9/24/2025,Jaipur,Urban Tadka,South Indian,Idli,5,116.46,22.02,56.07,28.01,644.36,38,UPI,Delivered,3.8,Suresh
702175,9/18/2025,Rajkot,Food Fiesta,Burger,Veg Burger,2,146.47,16.89,57.25,13.8,347.1,47,Card,Cancelled,,Rahul
702176,5/28/2025,Surat,Pizza Corner,Chinese,Manchurian,4,366.01,72.35,38.48,69.58,1499.75,64,Cash,Delivered,3.9,Suresh
702177,4/30/2026,Vadodara,Spice Hub,North Indian,Dal Makhani,4,298.16,32.33,59.57,58.02,1277.9,33,Wallet,Delivered,3.2,Vikas
702178,4/18/2026,Vadodara,Spice Hub,Pizza,Farmhouse,3,396.29,64.53,26.9,56.22,1207.46,24,Wallet,Delivered,4.9,Ravi
702179,2/21/2025,Rajkot,Biryani Express,North Indian,Paneer Butter Masala,5,315.45,19.05,24.57,77.91,1660.68,66,Cash,Delivered,4.4,Ravi
702180,3/7/2026,Gandhinagar,Spice Hub,Chinese,Manchurian,3,308.57,56.04,41.77,43.48,954.92,15,UPI,Cancelled,,Priya
702181,4/15/2025,Mumbai,Biryani Express,Dessert,Ice Cream,1,295.93,46.74,20.61,12.46,282.26,56,Card,Delivered,4.6,Karan
702182,1/8/2026,Rajkot,Chinese Wok,Chinese,Fried Rice,2,109.32,35.75,25.63,9.14,217.66,49,UPI,Cancelled,,Karan
702183,11/2/2025,Ahmedabad,Chinese Wok,Burger,Cheese Burger,3,242.21,58.82,36.04,33.39,737.24,28,Cash,Delivered,4.8,Karan
702184,6/25/2025,Ahmedabad,Biryani Express,North Indian,Paneer Butter Masala,1,189.59,62.63,32.38,6.35,165.69,25,Card,Delivered,3.9,Karan
702185,7/17/2025,Vadodara,South Treat,Beverages,Lassi,2,194.48,58.08,25.93,16.54,373.35,63,Cash,Delivered,3.9,Neha
702186,9/27/2025,Jaipur,Pizza Corner,Biryani,Hyderabadi Veg,4,111.68,70.95,42.84,18.79,437.4,28,UPI,Delivered,3.1,Priya
702187,2/4/2026,Jaipur,Biryani Express,North Indian,Paneer Butter Masala,4,215.73,17.35,32.35,42.28,920.2,65,Card,Delivered,4.4,Amit
702188,9/10/2025,Pune,Chinese Wok,Chinese,Noodles,1,330.13,79.71,43.3,12.52,306.24,40,UPI,Delivered,4.1,Rahul
702189,12/6/2025,Pune,Pizza Corner,Pizza,Farmhouse,2,183.33,38.56,26.57,16.41,371.08,32,UPI,Delivered,5,Ravi
702190,4/3/2025,Jaipur,Biryani Express,Chinese,Fried Rice,2,346.83,24.9,33.63,33.44,735.83,51,Cash,Delivered,3.8,Suresh
702191,5/15/2025,Rajkot,Biryani Express,Chinese,Fried Rice,5,248.58,29.51,40.83,60.67,1314.89,37,Cash,Delivered,4.9,Priya
702192,2/7/2026,Jaipur,Biryani Express,Dessert,Ice Cream,3,80.99,48.92,37.91,9.7,241.66,41,Card,Delivered,3.6,Amit
702193,1/18/2025,Mumbai,Food Fiesta,Pizza,Farmhouse,2,362.43,50.67,56.89,33.71,764.79,48,UPI,Delivered,4.3,Amit
702194,10/10/2025,Ahmedabad,South Treat,Burger,Paneer Burger,1,203.93,40.73,21.48,8.16,192.84,31,Wallet,Delivered,3.5,Rahul
702195,7/22/2025,Mumbai,Spice Hub,South Indian,Uttapam,3,294.14,21.6,21.66,43.04,925.52,55,Card,Delivered,4,Amit
702196,10/13/2025,Vadodara,Food Fiesta,Beverages,Cold Coffee,5,272.64,42.22,35.55,66.05,1422.58,40,Wallet,Delivered,4.5,Amit
702197,11/19/2025,Ahmedabad,Food Fiesta,Biryani,Veg Biryani,3,151.15,79.51,28.64,18.7,421.28,46,UPI,Delivered,3.7,Rahul
702198,4/24/2025,Gandhinagar,Urban Tadka,Chinese,Noodles,4,178.84,50.56,46,33.24,744.04,66,Card,Cancelled,,Suresh
702199,4/26/2026,Mumbai,South Treat,Chinese,Noodles,4,393.87,20.59,56.83,77.74,1689.46,58,Card,Cancelled,,Neha
702200,11/24/2025,Mumbai,Food Fiesta,North Indian,Naan Combo,2,345.42,67.2,56.73,31.18,711.55,52,Wallet,Delivered,4.4,Karan
702201,12/3/2025,Ahmedabad,Burger House,Dessert,Ice Cream,3,253.53,53.29,48.96,35.37,791.63,51,Card,Delivered,3.7,Suresh
702202,10/28/2025,Rajkot,Spice Hub,Burger,Veg Burger,1,294.66,27.23,51.35,13.37,332.15,20,UPI,Cancelled,,Amit
702203,2/17/2025,Gandhinagar,Burger House,Biryani,Veg Biryani,4,236.26,74.78,21.63,43.51,935.4,25,Wallet,Delivered,3.7,Amit
702204,2/1/2026,Gandhinagar,South Treat,South Indian,Idli,3,156.16,24.15,33.96,22.22,500.51,35,Cash,Delivered,4.6,Amit
702205,4/18/2025,Surat,Burger House,North Indian,Paneer Butter Masala,2,154.7,49.79,58.49,12.98,331.08,63,Card,Delivered,3.1,Vikas
702206,7/19/2025,Rajkot,Food Fiesta,Biryani,Paneer Biryani,2,353.97,5.83,51.28,35.11,788.5,56,Cash,Delivered,3.1,Neha
702207,3/28/2025,Gandhinagar,South Treat,Pizza,Farmhouse,2,225.9,49.8,56.87,20.1,478.97,23,UPI,Cancelled,,Vikas
702208,6/18/2026,Gandhinagar,South Treat,Chinese,Fried Rice,1,307.84,61.54,41.9,12.31,300.51,59,Cash,Delivered,4.2,Neha
702209,2/5/2026,Ahmedabad,Chinese Wok,South Indian,Uttapam,2,392.35,53.43,35.96,36.56,803.79,68,Wallet,Delivered,3.6,Priya
702210,6/13/2025,Ahmedabad,Food Fiesta,Burger,Veg Burger,5,296.9,78.17,21.64,70.32,1498.29,18,UPI,Delivered,3.3,Vikas
702211,4/8/2025,Jaipur,Pizza Corner,Burger,Veg Burger,4,252.98,29.14,29.95,49.14,1061.87,23,Wallet,Cancelled,,Priya
702212,1/19/2026,Vadodara,Food Fiesta,Pizza,Margherita,3,92.78,69.03,53.38,10.47,273.16,47,Card,Delivered,3.3,Amit
702213,8/20/2025,Ahmedabad,Urban Tadka,Burger,Paneer Burger,4,397.99,65.17,23.44,76.34,1626.57,58,UPI,Delivered,3.9,Neha
702214,1/9/2026,Jaipur,Urban Tadka,Biryani,Hyderabadi Veg,3,285.69,37.29,50.36,40.99,911.13,48,Wallet,Delivered,3.4,Priya
702215,4/18/2026,Rajkot,Biryani Express,Burger,Veg Burger,5,211.54,5.06,55.72,52.63,1160.99,41,Card,Cancelled,,Vikas
702216,7/30/2025,Ahmedabad,Biryani Express,Beverages,Cold Coffee,5,331.35,66.03,21.74,79.54,1692,33,UPI,Delivered,4.9,Suresh
702217,3/4/2025,Vadodara,Spice Hub,Chinese,Noodles,4,118.42,77.66,56.87,19.8,472.69,17,Wallet,Delivered,4.5,Rahul
702218,1/8/2025,Jaipur,Biryani Express,Chinese,Manchurian,4,118.06,39.04,21.67,21.66,476.53,50,Card,Delivered,4.3,Rahul
702219,6/6/2025,Rajkot,Pizza Corner,Burger,Paneer Burger,5,395.62,41.18,42.01,96.85,2075.78,74,Wallet,Delivered,3,Vikas
702220,12/8/2025,Pune,Food Fiesta,South Indian,Uttapam,2,349.93,23.88,56.19,33.8,765.97,15,Card,Cancelled,,Priya
702221,7/23/2025,Gandhinagar,Biryani Express,Pizza,Veg Supreme,4,386.02,75.86,37.75,73.41,1579.38,24,UPI,Cancelled,,Ravi
702222,3/9/2025,Pune,Food Fiesta,Biryani,Veg Biryani,2,192.19,40.98,57.12,17.17,417.69,61,Wallet,Delivered,3.7,Ravi
702223,1/29/2026,Surat,Pizza Corner,North Indian,Naan Combo,1,230.77,53.07,48.55,8.89,235.14,49,Card,Delivered,3.9,Karan
702224,4/29/2026,Vadodara,Urban Tadka,Chinese,Fried Rice,3,244.38,15.38,49.16,35.89,802.81,23,Wallet,Cancelled,,Suresh
702225,6/17/2026,Vadodara,Chinese Wok,Beverages,Fresh Juice,2,396.31,78.76,32.12,35.69,781.67,63,Cash,Delivered,3.5,Suresh
702226,2/10/2026,Jaipur,South Treat,North Indian,Paneer Butter Masala,1,328.54,42.51,38.34,14.3,338.67,18,Card,Delivered,3.3,Ravi
702227,3/14/2025,Vadodara,Biryani Express,Dessert,Brownie,5,351.85,40.26,35.31,85.95,1840.25,71,Wallet,Delivered,4.8,Vikas
702228,2/9/2025,Gandhinagar,Burger House,Burger,Paneer Burger,2,358.59,44.73,31.2,33.62,737.27,62,Wallet,Delivered,5,Karan
702229,3/28/2026,Pune,Chinese Wok,Pizza,Farmhouse,4,250.22,79.74,55.66,46.06,1022.86,19,UPI,Delivered,3.4,Neha
702230,12/2/2025,Gandhinagar,Chinese Wok,Dessert,Gulab Jamun,2,228,8.3,45.14,22.39,515.23,51,UPI,Delivered,3.5,Karan
702231,1/14/2025,Pune,Pizza Corner,Chinese,Noodles,2,184.37,38.93,37.69,16.49,383.99,27,Wallet,Cancelled,,Ravi
702232,6/3/2025,Ahmedabad,Urban Tadka,Beverages,Cold Coffee,4,357.02,14.1,25.58,70.7,1510.26,15,Card,Delivered,3.1,Ravi
702233,12/16/2025,Rajkot,Biryani Express,Dessert,Ice Cream,4,338.22,36.48,33.72,65.82,1415.94,16,Cash,Delivered,3.6,Karan
702234,1/12/2025,Rajkot,South Treat,Burger,Cheese Burger,2,151.41,52.07,51.21,12.54,314.5,35,Wallet,Delivered,3.9,Vikas
702235,1/4/2025,Ahmedabad,Burger House,Dessert,Gulab Jamun,2,174.79,16.9,24.65,16.63,373.96,26,Cash,Cancelled,,Suresh
702236,5/24/2025,Vadodara,Pizza Corner,Dessert,Brownie,3,170.95,13.28,28.36,24.98,552.91,27,Card,Delivered,3.5,Suresh
702237,1/8/2025,Jaipur,Chinese Wok,Chinese,Noodles,2,131.12,51.03,44.57,10.56,266.34,50,UPI,Delivered,4.9,Neha
702238,8/25/2025,Surat,Spice Hub,Pizza,Veg Supreme,2,338.54,61.62,44.89,30.77,691.12,16,Cash,Cancelled,,Vikas
702239,2/9/2026,Ahmedabad,Urban Tadka,North Indian,Paneer Butter Masala,4,221.13,17.84,21.54,43.33,931.55,64,Cash,Cancelled,,Rahul
702240,2/1/2025,Jaipur,South Treat,Biryani,Hyderabadi Veg,4,254.95,17.57,27.24,50.11,1079.58,55,Wallet,Delivered,3.8,Karan
702241,9/11/2025,Pune,Chinese Wok,South Indian,Masala Dosa,1,241.79,42.88,33.9,9.95,242.76,56,Card,Cancelled,,Ravi
702242,1/13/2026,Surat,South Treat,Chinese,Fried Rice,5,80.6,17.16,51.7,19.29,456.83,50,Cash,Delivered,4.7,Rahul
702243,5/16/2026,Mumbai,Burger House,South Indian,Uttapam,5,251.6,2.81,40.15,62.76,1358.1,75,Card,Cancelled,,Amit
702244,1/28/2025,Surat,Burger House,Biryani,Veg Biryani,4,371.9,77.79,26.1,70.49,1506.4,25,Card,Delivered,4,Priya
702245,5/13/2026,Rajkot,Urban Tadka,Beverages,Lassi,2,180.08,67.3,28.37,14.64,335.87,33,Wallet,Delivered,4.5,Neha
702246,4/8/2026,Vadodara,South Treat,South Indian,Idli,4,198.51,77.16,52.02,35.84,804.74,52,UPI,Cancelled,,Vikas
702247,5/16/2026,Vadodara,Food Fiesta,Beverages,Lassi,1,208.44,59.98,25.15,7.42,181.03,47,UPI,Delivered,4.6,Ravi
702248,8/7/2025,Jaipur,Food Fiesta,South Indian,Masala Dosa,5,208.48,40.52,44.2,50.09,1096.17,22,Card,Delivered,3.2,Ravi
702249,3/16/2026,Gandhinagar,Chinese Wok,Chinese,Manchurian,5,342.32,14.16,28.37,84.87,1810.68,56,Cash,Delivered,4.7,Ravi
702250,3/9/2026,Ahmedabad,Chinese Wok,Dessert,Gulab Jamun,1,289.38,61.35,27.31,11.4,266.74,58,Card,Cancelled,,Vikas
702251,12/19/2025,Gandhinagar,Urban Tadka,Pizza,Margherita,5,91,18.36,27.58,21.83,486.05,33,Cash,Cancelled,,Neha
702252,10/22/2025,Rajkot,Pizza Corner,Burger,Cheese Burger,3,367.87,50.33,56.33,52.66,1162.27,18,UPI,Delivered,4.9,Karan
702253,7/24/2025,Gandhinagar,Chinese Wok,Chinese,Fried Rice,5,217.33,52.48,43.5,51.71,1129.38,59,Cash,Delivered,4.4,Vikas
702254,12/14/2025,Gandhinagar,Chinese Wok,North Indian,Naan Combo,3,236.35,4.12,32.78,35.25,772.96,72,Cash,Cancelled,,Neha
702255,7/31/2025,Rajkot,Food Fiesta,Dessert,Gulab Jamun,3,301.59,60.31,41.26,42.22,927.94,52,Cash,Delivered,4.2,Neha
702256,7/24/2025,Gandhinagar,Pizza Corner,Biryani,Paneer Biryani,1,90.6,19.21,23.02,3.57,97.98,71,UPI,Delivered,4.6,Karan
702257,10/23/2025,Vadodara,Urban Tadka,Beverages,Fresh Juice,1,241.65,69.66,41.14,8.6,221.73,47,Card,Cancelled,,Priya
702258,4/22/2025,Mumbai,Spice Hub,Dessert,Brownie,3,104.21,58.36,49.42,12.71,316.4,36,Cash,Cancelled,,Vikas
702259,12/4/2025,Pune,Burger House,Beverages,Lassi,4,89.27,42.99,45.64,15.7,375.43,27,Wallet,Delivered,3.5,Vikas
702260,1/27/2026,Mumbai,Pizza Corner,Pizza,Margherita,2,390.22,2.11,21.58,38.92,838.83,63,Cash,Delivered,4.5,Rahul
702261,1/10/2025,Rajkot,Chinese Wok,Dessert,Brownie,1,394.77,2.39,36.15,19.62,448.15,32,Wallet,Delivered,3.1,Vikas
702262,8/31/2025,Jaipur,Biryani Express,Beverages,Fresh Juice,3,319.72,11.48,29.15,47.38,1024.21,26,Cash,Delivered,3.3,Karan
702263,6/20/2026,Ahmedabad,Food Fiesta,Beverages,Cold Coffee,5,187.14,10.91,32.14,46.24,1003.17,20,Cash,Delivered,3.8,Vikas
702264,1/16/2026,Surat,Food Fiesta,Pizza,Farmhouse,1,240.27,20.8,50.97,10.97,281.41,28,Cash,Delivered,3.5,Vikas
702265,9/8/2025,Jaipur,Urban Tadka,Burger,Paneer Burger,3,281.74,52.48,55.01,39.64,887.39,32,UPI,Delivered,4.1,Amit
702266,3/18/2026,Mumbai,Biryani Express,Beverages,Lassi,4,254.26,20.4,49.95,49.83,1096.42,65,Card,Delivered,4.8,Suresh
702267,9/20/2025,Surat,Chinese Wok,North Indian,Dal Makhani,4,166.82,58.44,53.48,30.44,692.76,22,Cash,Cancelled,,Vikas
702268,5/1/2025,Ahmedabad,Spice Hub,North Indian,Dal Makhani,3,301.4,28.83,47.93,43.77,967.07,45,Wallet,Delivered,4.3,Amit
702269,6/12/2025,Pune,Chinese Wok,Burger,Cheese Burger,4,138.31,66.81,45.26,24.32,556.01,50,Card,Delivered,3.1,Rahul
702270,7/1/2025,Vadodara,Food Fiesta,Dessert,Brownie,4,311.8,13.2,46,61.7,1341.7,58,Wallet,Delivered,4.4,Karan
702271,12/27/2025,Surat,Biryani Express,Pizza,Farmhouse,3,106.97,72.71,49.99,12.41,310.6,73,Wallet,Delivered,3.1,Ravi
702272,4/27/2025,Pune,South Treat,North Indian,Dal Makhani,4,334.17,38.91,22.13,64.89,1384.79,29,UPI,Delivered,4.1,Priya
702273,8/27/2025,Pune,Pizza Corner,South Indian,Idli,5,176.19,66.71,21.8,40.71,876.75,45,Wallet,Delivered,4.3,Priya
702274,9/14/2025,Vadodara,Burger House,Chinese,Manchurian,4,210.66,62.23,35.56,39.02,854.99,28,Wallet,Delivered,3.5,Rahul
702275,3/25/2026,Pune,Burger House,Pizza,Veg Supreme,4,344.87,51.88,24.15,66.38,1418.13,61,UPI,Delivered,3.4,Suresh
702276,4/24/2026,Mumbai,South Treat,North Indian,Dal Makhani,4,259.49,54.72,51.49,49.16,1083.89,30,Cash,Delivered,4.2,Karan
702277,2/11/2025,Pune,Chinese Wok,Beverages,Cold Coffee,1,202.98,35.85,24,8.36,199.49,35,Wallet,Delivered,4.9,Rahul
702278,12/16/2025,Ahmedabad,Burger House,Biryani,Veg Biryani,2,184.13,38.86,21.73,16.47,367.6,58,Wallet,Delivered,3.9,Suresh
702279,6/15/2025,Pune,Burger House,South Indian,Uttapam,3,112.64,65.76,56.84,13.61,342.61,45,Wallet,Delivered,4.8,Priya
702280,2/14/2026,Vadodara,Burger House,South Indian,Uttapam,1,345.59,58.76,29.04,14.34,330.21,33,UPI,Cancelled,,Ravi
702281,1/22/2026,Jaipur,Chinese Wok,Burger,Veg Burger,3,162.42,78.95,31.74,20.42,460.47,20,UPI,Delivered,4.9,Vikas
702282,3/22/2026,Ahmedabad,Biryani Express,Pizza,Margherita,5,373.1,66.51,45.3,89.95,1934.24,40,Card,Delivered,4,Amit
702283,7/28/2025,Vadodara,South Treat,North Indian,Dal Makhani,4,206.32,77.73,37.12,37.38,822.05,19,UPI,Cancelled,,Vikas
702284,1/25/2025,Ahmedabad,Burger House,Burger,Cheese Burger,3,370.14,63.41,21.45,52.35,1120.81,22,Cash,Delivered,4.2,Suresh
702285,6/27/2025,Gandhinagar,Food Fiesta,Chinese,Fried Rice,2,266.57,39.39,20.04,24.69,538.48,31,Card,Delivered,3.5,Karan
702286,5/21/2026,Gandhinagar,Urban Tadka,North Indian,Naan Combo,3,154.12,61.6,53.35,20.04,474.15,57,Card,Delivered,3.8,Amit
702287,12/24/2025,Surat,Biryani Express,Beverages,Lassi,1,284.48,5.31,24.34,13.96,317.47,50,Card,Delivered,3,Priya
702288,6/10/2026,Rajkot,Food Fiesta,Beverages,Lassi,3,344.38,32.93,30.93,50.01,1081.15,19,UPI,Cancelled,,Rahul
702289,5/8/2025,Mumbai,Urban Tadka,North Indian,Naan Combo,1,145.75,38.28,58.96,5.37,171.8,45,UPI,Delivered,4.1,Priya
702290,12/10/2025,Surat,Burger House,North Indian,Naan Combo,3,187.63,4.01,31.92,27.94,618.74,17,Wallet,Delivered,3.6,Rahul
702291,6/19/2025,Pune,Biryani Express,Chinese,Fried Rice,1,234.21,54.38,21.56,8.99,210.38,48,Wallet,Delivered,4.8,Priya
702292,10/26/2025,Rajkot,Burger House,North Indian,Paneer Butter Masala,5,169.84,68.09,39.17,39.06,859.34,39,UPI,Delivered,4.7,Amit
702293,8/12/2025,Pune,Burger House,Chinese,Manchurian,3,214.78,19.01,58.89,31.27,715.49,67,Card,Delivered,4.7,Priya
702294,1/19/2025,Gandhinagar,Chinese Wok,Beverages,Cold Coffee,2,90.49,8.91,36.15,8.6,216.82,51,Cash,Delivered,4.3,Priya
702295,8/8/2025,Gandhinagar,Pizza Corner,South Indian,Masala Dosa,4,199.53,61.96,43.32,36.81,816.29,65,Card,Delivered,3.8,Amit
702296,10/6/2025,Gandhinagar,Burger House,Beverages,Fresh Juice,1,295.39,13.94,55.43,14.07,350.95,23,Cash,Delivered,4.3,Suresh
702297,2/22/2026,Vadodara,Urban Tadka,South Indian,Uttapam,3,158.4,61.93,48.15,20.66,482.08,56,UPI,Delivered,3.2,Ravi
702298,12/19/2025,Surat,Chinese Wok,Beverages,Lassi,4,86.21,70.47,46.89,13.72,334.98,46,Card,Delivered,4.9,Rahul
702299,8/14/2025,Gandhinagar,Food Fiesta,Pizza,Veg Supreme,5,226.72,60.77,48.76,53.64,1175.23,58,UPI,Delivered,4.1,Vikas
702300,5/12/2025,Ahmedabad,Burger House,Pizza,Margherita,3,270.66,40.19,29.14,38.59,839.52,63,UPI,Delivered,3.8,Neha
702301,2/5/2025,Pune,South Treat,North Indian,Dal Makhani,4,238.04,21.12,55.01,46.55,1032.6,72,Cash,Cancelled,,Suresh
702302,10/8/2025,Rajkot,Burger House,South Indian,Idli,5,151.82,32.59,30.57,36.33,793.41,54,Card,Delivered,3.3,Rahul
702303,3/10/2026,Ahmedabad,Urban Tadka,Biryani,Hyderabadi Veg,3,359.29,45.75,22.08,51.61,1105.81,66,UPI,Delivered,4.2,Neha
702304,12/19/2025,Ahmedabad,Spice Hub,Burger,Paneer Burger,1,315.12,28.3,32.77,14.34,333.93,32,Wallet,Delivered,4.7,Karan
702305,8/10/2025,Jaipur,Burger House,South Indian,Idli,1,246.25,19.76,49.24,11.32,287.05,19,Card,Delivered,4.4,Suresh
702306,7/26/2025,Pune,South Treat,Beverages,Cold Coffee,5,286.18,23.13,48.58,70.39,1526.74,28,UPI,Delivered,4.6,Rahul
702307,11/24/2025,Rajkot,Pizza Corner,Dessert,Gulab Jamun,5,216.63,51.23,58.42,51.6,1141.94,69,Cash,Cancelled,,Karan
702308,1/22/2026,Ahmedabad,Urban Tadka,Chinese,Manchurian,5,272.19,57.24,59.12,65.19,1428.02,70,UPI,Delivered,3.6,Vikas
702309,4/29/2026,Gandhinagar,South Treat,Chinese,Fried Rice,2,158.79,55.25,58.32,13.12,333.77,16,Wallet,Cancelled,,Suresh
702310,1/8/2026,Jaipur,South Treat,Biryani,Paneer Biryani,3,351.85,56.79,20.59,49.94,1069.29,30,Cash,Delivered,3.9,Suresh
702311,11/22/2025,Gandhinagar,Spice Hub,South Indian,Idli,4,311.61,41.64,32.7,60.24,1297.74,27,Cash,Delivered,3.1,Ravi
702312,11/26/2025,Rajkot,Chinese Wok,South Indian,Masala Dosa,4,218.1,70.16,32.14,40.11,874.49,56,UPI,Delivered,4.9,Rahul
702313,9/16/2025,Jaipur,Pizza Corner,North Indian,Paneer Butter Masala,3,161.87,76.3,52.71,20.47,482.49,29,Wallet,Delivered,4.2,Vikas
702314,12/22/2025,Ahmedabad,Spice Hub,Biryani,Veg Biryani,3,302.7,14.26,57.13,44.69,995.66,32,UPI,Cancelled,,Suresh
702315,11/21/2025,Mumbai,Burger House,North Indian,Dal Makhani,4,89.2,37.02,42.42,15.99,378.19,23,Wallet,Cancelled,,Vikas
702316,3/28/2026,Mumbai,Burger House,Burger,Cheese Burger,4,236.2,62.56,49.5,44.11,975.85,60,Card,Delivered,4.7,Vikas
702317,5/11/2025,Jaipur,Food Fiesta,Beverages,Cold Coffee,4,385.29,76.05,24.59,73.26,1562.96,27,Cash,Delivered,4,Ravi
702318,4/21/2025,Rajkot,Chinese Wok,Burger,Veg Burger,3,233.12,59.19,24.2,32.01,696.38,23,Cash,Delivered,3.1,Amit
702319,2/1/2025,Gandhinagar,Burger House,Beverages,Fresh Juice,5,142,21.45,42.2,34.43,765.18,54,Wallet,Delivered,3.8,Vikas
702320,8/3/2025,Mumbai,Biryani Express,Burger,Veg Burger,4,171.22,32.18,57.06,32.64,742.4,29,Card,Delivered,3.8,Suresh
702321,3/10/2025,Mumbai,Urban Tadka,Chinese,Fried Rice,5,377.21,57.58,32.86,91.42,1952.75,75,Wallet,Delivered,4.6,Rahul
702322,3/20/2026,Rajkot,Burger House,South Indian,Idli,4,97.62,10.85,36.6,18.98,435.21,18,Card,Cancelled,,Neha
702323,8/10/2025,Ahmedabad,Biryani Express,Beverages,Fresh Juice,4,218.61,31.69,32.17,42.14,917.06,55,UPI,Cancelled,,Suresh
702324,8/10/2025,Ahmedabad,South Treat,North Indian,Naan Combo,4,100.07,32.94,58.99,18.37,444.7,70,Card,Delivered,5,Rahul
702325,10/17/2025,Rajkot,Chinese Wok,Pizza,Margherita,1,333.97,54.04,20.29,14,314.22,19,UPI,Cancelled,,Amit
702326,5/7/2026,Mumbai,Biryani Express,Burger,Veg Burger,1,92.07,16.76,53.99,3.77,133.07,37,Card,Cancelled,,Neha
702327,2/12/2026,Mumbai,Food Fiesta,North Indian,Naan Combo,2,292.13,75.27,29.45,25.45,563.89,30,Wallet,Delivered,4.5,Priya
702328,3/30/2025,Rajkot,Spice Hub,Beverages,Lassi,1,364.25,15.47,29.12,17.44,395.34,74,Card,Delivered,4.1,Ravi
702329,2/21/2026,Jaipur,South Treat,Chinese,Fried Rice,5,235.31,25.69,43.87,57.54,1252.27,45,Card,Delivered,4.8,Priya
702330,7/18/2025,Rajkot,Spice Hub,Dessert,Ice Cream,1,364.9,25.33,57.39,16.98,413.94,59,Wallet,Cancelled,,Karan
702331,10/28/2025,Vadodara,South Treat,Burger,Cheese Burger,4,174.13,62.42,49.2,31.71,715.01,49,Card,Delivered,4.9,Karan
702332,3/13/2026,Gandhinagar,Chinese Wok,Pizza,Margherita,5,296.54,47.18,35.8,71.78,1543.1,28,Cash,Cancelled,,Ravi
702333,6/17/2026,Mumbai,Chinese Wok,North Indian,Naan Combo,2,105.74,12.98,28.89,9.93,237.32,29,Card,Delivered,4.4,Karan
702334,8/15/2025,Ahmedabad,Chinese Wok,North Indian,Naan Combo,4,317.68,69.31,43.1,60.07,1304.58,23,Cash,Delivered,4.2,Amit
702335,9/14/2025,Vadodara,Biryani Express,Burger,Paneer Burger,2,143.91,37.82,45.83,12.5,308.33,58,Cash,Delivered,3,Ravi
702336,5/20/2025,Gandhinagar,Urban Tadka,South Indian,Uttapam,5,210.92,53.23,53.74,50.07,1105.18,34,Card,Delivered,4,Priya
702337,1/11/2026,Gandhinagar,Pizza Corner,South Indian,Uttapam,1,327.89,37.55,48.77,14.52,353.63,40,Card,Delivered,3.2,Vikas
702338,3/31/2025,Pune,Spice Hub,Biryani,Paneer Biryani,3,312.21,1.94,50.64,46.73,1032.06,16,Card,Delivered,3.5,Vikas
702339,5/15/2026,Rajkot,Burger House,Beverages,Cold Coffee,5,159.66,70.8,56.22,36.38,820.1,48,UPI,Delivered,4.9,Suresh
702340,4/10/2025,Ahmedabad,South Treat,Pizza,Farmhouse,4,333.41,14.08,55.32,65.98,1440.86,59,Wallet,Cancelled,,Neha
702341,5/11/2026,Jaipur,Chinese Wok,Chinese,Manchurian,2,219.68,36.31,23.43,20.15,446.63,55,Card,Delivered,3.7,Rahul
702342,1/28/2026,Mumbai,Spice Hub,Beverages,Cold Coffee,3,325.64,60.07,46.79,45.84,1009.48,51,UPI,Delivered,4.5,Rahul
702343,4/30/2025,Vadodara,Biryani Express,North Indian,Dal Makhani,3,126.73,41.03,39.69,16.96,395.81,63,Wallet,Delivered,4.7,Ravi
702344,4/4/2025,Gandhinagar,Food Fiesta,North Indian,Dal Makhani,3,199.09,5.59,45.65,29.58,666.91,26,UPI,Delivered,3.9,Neha
702345,6/7/2026,Mumbai,Biryani Express,Burger,Veg Burger,2,132.75,36.56,26.71,11.45,267.1,54,Wallet,Cancelled,,Rahul
702346,8/6/2025,Mumbai,Chinese Wok,Pizza,Farmhouse,5,237.85,18.89,27.91,58.52,1256.79,18,UPI,Delivered,4.2,Ravi
702347,3/24/2026,Rajkot,Pizza Corner,Biryani,Paneer Biryani,1,321,67.61,36.05,12.67,302.11,71,Wallet,Delivered,3.2,Ravi
702348,6/11/2026,Vadodara,Burger House,South Indian,Idli,4,179.85,51.62,36.02,33.39,737.19,25,Wallet,Delivered,4.7,Vikas
702349,1/30/2025,Ahmedabad,South Treat,South Indian,Masala Dosa,1,280.32,40.57,36.19,11.99,287.93,45,Card,Cancelled,,Rahul
702350,11/15/2025,Ahmedabad,Urban Tadka,Burger,Cheese Burger,1,130.24,76.93,26.84,2.67,82.82,53,UPI,Delivered,4.2,Suresh
702351,1/5/2025,Mumbai,Spice Hub,Dessert,Gulab Jamun,2,181.24,60.04,40.13,15.12,357.69,75,Wallet,Delivered,4,Priya
702352,6/17/2026,Rajkot,South Treat,Chinese,Fried Rice,3,302.06,14.78,56.17,44.57,992.14,43,Card,Delivered,4.7,Priya
702353,1/8/2025,Mumbai,Chinese Wok,Biryani,Hyderabadi Veg,4,308.37,78.44,50.76,57.75,1263.55,73,Cash,Delivered,4.5,Vikas
702354,2/16/2025,Vadodara,Pizza Corner,Beverages,Lassi,1,336.33,16.4,21.42,16,357.35,43,Cash,Delivered,3.7,Neha
702355,1/4/2026,Gandhinagar,Biryani Express,Burger,Cheese Burger,2,81.45,9.75,38.82,7.66,199.63,35,Wallet,Delivered,3.1,Neha
702356,3/4/2025,Rajkot,Burger House,Pizza,Veg Supreme,5,86.33,0.2,35.94,21.57,488.96,44,Cash,Delivered,3,Rahul
702357,11/28/2025,Pune,Burger House,Burger,Cheese Burger,2,182.88,7.02,30.62,17.94,407.3,44,Wallet,Delivered,4.5,Rahul
702358,2/13/2026,Rajkot,Spice Hub,Beverages,Cold Coffee,1,376.59,70.15,39.06,15.32,360.82,53,Card,Cancelled,,Ravi
702359,3/25/2026,Surat,Urban Tadka,Beverages,Cold Coffee,2,193.33,4.75,31.56,19.1,432.57,44,Card,Cancelled,,Rahul
702360,12/6/2025,Pune,Food Fiesta,Biryani,Veg Biryani,2,205.75,17.84,52.21,19.68,465.55,49,Cash,Delivered,4.7,Rahul
702361,9/23/2025,Ahmedabad,Urban Tadka,Burger,Paneer Burger,4,398.84,31.6,50.67,78.19,1692.62,72,UPI,Delivered,3.4,Karan
702362,9/27/2025,Pune,Chinese Wok,Chinese,Fried Rice,2,216.93,29.22,24.47,20.23,449.34,66,UPI,Delivered,3.5,Rahul
702363,4/29/2026,Mumbai,South Treat,North Indian,Paneer Butter Masala,2,245.98,55.14,44.32,21.84,502.98,65,UPI,Delivered,3.7,Amit
702364,4/15/2026,Rajkot,Urban Tadka,Dessert,Ice Cream,3,185.49,23.24,59.31,26.66,619.2,15,UPI,Cancelled,,Rahul
702365,4/15/2025,Pune,Biryani Express,Pizza,Margherita,4,276.53,75.39,41.38,51.54,1123.65,27,Wallet,Delivered,4.9,Suresh
702366,1/23/2026,Pune,South Treat,North Indian,Paneer Butter Masala,2,159.19,21.03,55.28,14.87,367.5,67,Wallet,Delivered,3.6,Amit
702367,1/4/2026,Pune,Chinese Wok,Pizza,Farmhouse,5,194.47,16.2,34.33,47.81,1038.29,26,UPI,Cancelled,,Ravi
702368,2/24/2026,Gandhinagar,Food Fiesta,Beverages,Lassi,2,188.81,72.88,21.78,15.24,341.76,57,UPI,Delivered,4.7,Priya
702369,12/12/2025,Vadodara,Pizza Corner,North Indian,Paneer Butter Masala,1,166.75,63.52,32.14,5.16,140.53,23,Wallet,Delivered,3.7,Karan
702370,5/30/2025,Ahmedabad,South Treat,Pizza,Farmhouse,5,374.52,54.22,29.28,90.92,1938.58,40,UPI,Delivered,4.4,Amit
702371,8/28/2025,Gandhinagar,Biryani Express,Dessert,Ice Cream,4,254.04,75.54,57.34,47.03,1044.99,62,Card,Delivered,3.9,Ravi
702372,8/16/2025,Surat,Urban Tadka,Chinese,Manchurian,1,187.77,51.03,38.78,6.84,182.36,69,Card,Delivered,4.2,Ravi
702373,4/14/2025,Jaipur,Burger House,North Indian,Naan Combo,3,346.13,14.81,54.08,51.18,1128.84,49,Card,Delivered,3.8,Ravi
702374,2/13/2026,Ahmedabad,Urban Tadka,North Indian,Naan Combo,4,91.1,38.12,26.59,16.31,369.18,49,Cash,Cancelled,,Amit
702375,11/15/2025,Ahmedabad,Pizza Corner,North Indian,Paneer Butter Masala,4,84.61,8.96,44.96,16.47,390.91,68,Cash,Delivered,3.5,Rahul
702376,1/12/2025,Ahmedabad,Food Fiesta,Biryani,Veg Biryani,5,119.36,76.43,22.42,26.02,568.81,15,UPI,Delivered,4,Ravi
702377,12/1/2025,Mumbai,Biryani Express,Chinese,Manchurian,5,281.21,52.16,45.91,67.69,1467.49,75,Cash,Delivered,3.8,Rahul
702378,3/20/2025,Mumbai,Food Fiesta,Chinese,Noodles,5,329.22,13.95,30.26,81.61,1744.02,61,Card,Cancelled,,Vikas
702379,7/26/2025,Surat,Spice Hub,Dessert,Gulab Jamun,5,293.87,0.76,34.28,73.43,1576.3,23,Wallet,Cancelled,,Vikas
702380,2/15/2025,Mumbai,Chinese Wok,Biryani,Paneer Biryani,4,315.54,43.75,41.75,60.92,1321.08,29,Wallet,Delivered,3.5,Karan
702381,4/2/2025,Surat,Biryani Express,South Indian,Uttapam,5,349.59,25.54,59.83,86.12,1868.36,48,Card,Cancelled,,Vikas
702382,5/30/2025,Jaipur,Spice Hub,North Indian,Naan Combo,1,159.01,8.21,20.33,7.54,178.67,47,Card,Delivered,4.3,Karan
702383,12/13/2025,Ahmedabad,Urban Tadka,Beverages,Cold Coffee,5,373.15,48.6,50.12,90.86,1958.13,54,Card,Delivered,3.4,Ravi
702384,12/15/2025,Mumbai,Food Fiesta,South Indian,Uttapam,1,235.63,44.9,41.02,9.54,241.29,31,Card,Delivered,3.2,Priya
702385,5/21/2026,Jaipur,Biryani Express,Pizza,Veg Supreme,3,222.89,18.62,48.65,32.5,731.2,59,UPI,Delivered,4,Neha
702386,2/9/2026,Jaipur,Food Fiesta,Beverages,Lassi,4,333.55,62.18,58.94,63.6,1394.56,36,Cash,Cancelled,,Ravi
702387,1/30/2026,Pune,Biryani Express,Chinese,Fried Rice,2,187.62,5.88,26.57,18.47,414.4,33,Wallet,Delivered,4.9,Karan
702388,6/18/2026,Pune,South Treat,Dessert,Ice Cream,3,190.6,67.58,24.87,25.21,554.3,69,Wallet,Cancelled,,Priya
702389,3/8/2025,Jaipur,Chinese Wok,South Indian,Uttapam,3,234.49,66.67,36.76,31.84,705.4,53,Cash,Cancelled,,Vikas
702390,4/23/2026,Ahmedabad,South Treat,Burger,Cheese Burger,1,345.29,16.56,20.08,16.44,365.25,59,UPI,Cancelled,,Rahul
702391,5/7/2025,Pune,Chinese Wok,Chinese,Noodles,3,264.15,73.18,48.67,35.96,803.9,47,Wallet,Cancelled,,Karan
702392,6/12/2025,Pune,Biryani Express,Pizza,Margherita,2,144.6,52.67,56.58,11.83,304.94,18,Wallet,Delivered,4.2,Rahul
702393,7/14/2025,Jaipur,Chinese Wok,Biryani,Veg Biryani,2,246.67,69.16,48.16,21.21,493.55,22,UPI,Delivered,3,Neha
702394,1/11/2026,Gandhinagar,Pizza Corner,Chinese,Fried Rice,2,349.91,37.96,35.29,33.09,730.24,54,Cash,Delivered,3.1,Karan
702395,10/26/2025,Mumbai,South Treat,Beverages,Cold Coffee,3,232.21,21.4,26.23,33.76,735.22,53,Wallet,Cancelled,,Neha
702396,8/1/2025,Mumbai,Biryani Express,Burger,Paneer Burger,1,284.47,59.14,41.75,11.27,278.35,43,UPI,Cancelled,,Ravi
702397,6/17/2025,Rajkot,Chinese Wok,Chinese,Fried Rice,5,294.42,56.55,43.15,70.78,1529.48,26,Card,Delivered,3.5,Karan
702398,1/3/2026,Surat,Food Fiesta,Dessert,Gulab Jamun,4,190.11,48.04,48.54,35.62,796.56,73,UPI,Delivered,4.9,Rahul
702399,10/23/2025,Mumbai,South Treat,North Indian,Dal Makhani,2,157.3,66.68,34.24,12.4,294.56,57,Cash,Cancelled,,Suresh
702400,2/26/2026,Jaipur,South Treat,North Indian,Paneer Butter Masala,1,380.14,23.62,40.38,17.83,414.73,30,Card,Delivered,4,Karan
702401,1/8/2025,Jaipur,Spice Hub,Pizza,Veg Supreme,2,237.05,9.19,53.18,23.25,541.34,52,Wallet,Cancelled,,Rahul
702402,3/2/2025,Pune,Urban Tadka,Pizza,Veg Supreme,4,190.85,26.29,25.13,36.86,799.1,72,UPI,Delivered,4.1,Vikas
702403,6/23/2026,Jaipur,Chinese Wok,North Indian,Dal Makhani,4,229.66,51.5,30.39,43.36,940.89,54,Wallet,Cancelled,,Ravi
702404,4/12/2026,Ahmedabad,Spice Hub,Beverages,Lassi,4,309.71,75.56,54.18,58.16,1275.62,52,UPI,Delivered,3.8,Karan
702405,2/14/2025,Vadodara,Biryani Express,Burger,Cheese Burger,2,274.51,46.95,45.71,25.1,572.88,66,Card,Cancelled,,Ravi
702406,6/4/2026,Gandhinagar,Food Fiesta,North Indian,Naan Combo,3,173.08,44.33,47.98,23.75,546.64,49,Card,Delivered,3.1,Ravi
702407,8/30/2025,Vadodara,Spice Hub,Dessert,Ice Cream,2,367.71,34.21,25.07,35.06,761.34,65,UPI,Delivered,4,Neha
702408,2/28/2026,Vadodara,Food Fiesta,Pizza,Margherita,3,335.14,46.28,45.41,47.96,1052.51,55,Cash,Cancelled,,Vikas
702409,12/3/2025,Vadodara,Food Fiesta,North Indian,Naan Combo,1,87.63,8.36,22.62,3.96,105.85,74,Cash,Delivered,4.2,Vikas
702410,1/13/2026,Pune,Burger House,Pizza,Margherita,4,394.35,78.88,59.87,74.93,1633.32,25,Wallet,Cancelled,,Ravi
702411,2/20/2025,Ahmedabad,Urban Tadka,South Indian,Idli,5,172.26,23.43,28.22,41.89,907.98,41,Cash,Delivered,3.9,Ravi
702412,6/10/2025,Jaipur,South Treat,Dessert,Brownie,1,234.4,72.41,55.8,8.1,225.89,49,Cash,Delivered,4.2,Rahul
702413,11/15/2025,Surat,Burger House,North Indian,Paneer Butter Masala,2,191.09,2.97,45.57,18.96,443.74,55,Wallet,Delivered,3.4,Rahul
702414,11/25/2025,Gandhinagar,Food Fiesta,North Indian,Paneer Butter Masala,2,244.53,51.13,33.75,21.9,493.58,38,Wallet,Delivered,3.7,Karan
702415,5/13/2025,Mumbai,Spice Hub,Chinese,Noodles,2,144.53,20.78,42.1,13.41,323.79,75,Wallet,Delivered,4.5,Vikas
702416,7/15/2025,Ahmedabad,Chinese Wok,Biryani,Veg Biryani,2,311.96,21.48,36.4,30.12,668.96,49,UPI,Delivered,4.7,Amit
702417,7/5/2025,Gandhinagar,Biryani Express,Dessert,Brownie,5,352.94,47.78,37.34,85.85,1840.11,20,Cash,Delivered,3.5,Vikas
702418,2/10/2025,Mumbai,South Treat,Chinese,Manchurian,4,108.63,17.94,44.56,20.83,481.97,54,UPI,Delivered,3.6,Neha
702419,2/9/2026,Gandhinagar,Chinese Wok,South Indian,Masala Dosa,4,300.62,34.14,45.64,58.42,1272.4,69,UPI,Delivered,4.8,Neha
702420,2/9/2025,Rajkot,Burger House,North Indian,Paneer Butter Masala,4,353.08,34.13,37.19,68.91,1484.29,69,UPI,Delivered,4.9,Karan
702421,11/14/2025,Mumbai,Biryani Express,Dessert,Brownie,5,383.52,42,25.45,93.78,1994.83,51,Cash,Delivered,3.1,Rahul
702422,9/17/2025,Mumbai,Pizza Corner,Burger,Cheese Burger,1,335.14,23.3,51.83,15.59,379.26,28,Card,Delivered,4.8,Karan
702423,4/28/2026,Jaipur,Chinese Wok,Burger,Veg Burger,4,384.02,27.49,29.13,75.43,1613.15,54,Wallet,Cancelled,,Suresh
702424,1/10/2025,Ahmedabad,Chinese Wok,Beverages,Cold Coffee,4,286.37,29.49,42.11,55.8,1213.9,75,Card,Delivered,4.7,Neha
702425,6/7/2026,Gandhinagar,Food Fiesta,Beverages,Cold Coffee,1,300.91,48.78,44.3,12.61,309.04,53,Card,Delivered,4.6,Vikas
702426,1/6/2026,Pune,Biryani Express,South Indian,Masala Dosa,5,126.71,78.75,33.51,27.74,616.05,21,Cash,Delivered,4.6,Neha
702427,6/1/2026,Surat,Chinese Wok,Dessert,Gulab Jamun,1,351.26,62.36,49.76,14.45,353.11,29,Card,Delivered,4.7,Suresh
702428,1/18/2025,Surat,Chinese Wok,Biryani,Paneer Biryani,5,302.66,38.24,33.59,73.75,1582.4,50,Cash,Cancelled,,Vikas
702429,4/7/2025,Surat,Biryani Express,Dessert,Ice Cream,1,295.66,74.4,30.92,11.06,263.24,42,Wallet,Delivered,4.7,Neha
702430,3/31/2026,Gandhinagar,Chinese Wok,Chinese,Noodles,4,336.05,9.62,44.48,66.73,1445.79,25,Wallet,Delivered,4.8,Karan
702431,5/29/2026,Rajkot,Chinese Wok,Chinese,Fried Rice,4,305.63,39.33,37.12,59.16,1279.47,28,UPI,Delivered,4,Amit
702432,5/27/2026,Mumbai,Food Fiesta,Burger,Paneer Burger,3,375.14,69.23,37.55,52.81,1146.55,64,Card,Delivered,4.8,Neha
702433,6/2/2025,Jaipur,Food Fiesta,Pizza,Margherita,2,264.83,56.46,21.03,23.66,517.89,24,UPI,Delivered,4.2,Karan
702434,3/18/2026,Surat,Food Fiesta,Chinese,Noodles,4,117.42,22.3,29.07,22.37,498.82,19,Wallet,Delivered,3.7,Priya
702435,8/18/2025,Gandhinagar,South Treat,North Indian,Dal Makhani,1,209.36,44.36,21.51,8.25,194.76,68,Cash,Delivered,3.9,Suresh
702436,3/15/2026,Surat,Spice Hub,South Indian,Uttapam,2,297.28,67.42,33.72,26.36,587.22,56,UPI,Cancelled,,Neha
702437,5/16/2025,Ahmedabad,Chinese Wok,Pizza,Margherita,4,237.74,27.91,20.15,46.15,989.35,17,UPI,Delivered,4.9,Vikas
702438,5/19/2025,Vadodara,Biryani Express,Pizza,Veg Supreme,4,90.54,66.68,30.39,14.77,340.64,57,Card,Delivered,4,Karan
702439,1/8/2025,Surat,Food Fiesta,Chinese,Manchurian,2,203.44,45.2,52.99,18.08,432.75,34,Card,Delivered,3.9,Suresh
702440,1/16/2026,Mumbai,Pizza Corner,Burger,Paneer Burger,1,307.51,50.82,38.55,12.83,308.07,73,UPI,Cancelled,,Karan
702441,10/24/2025,Mumbai,Chinese Wok,Pizza,Veg Supreme,5,209.7,1.16,32.4,52.37,1132.11,42,Cash,Delivered,3.9,Rahul
702442,11/28/2025,Vadodara,Chinese Wok,Dessert,Brownie,5,359.61,58.6,20.19,86.97,1846.61,58,Wallet,Delivered,4.8,Karan
702443,4/28/2026,Pune,Urban Tadka,Pizza,Margherita,4,211.95,35.57,55.37,40.61,908.21,45,Cash,Delivered,4,Rahul
702444,1/10/2026,Vadodara,Food Fiesta,South Indian,Idli,1,217.39,10.56,26.82,10.34,243.99,28,Wallet,Cancelled,,Karan
702445,3/14/2025,Gandhinagar,South Treat,Beverages,Cold Coffee,1,295.48,30.36,53.66,13.26,332.04,36,Cash,Delivered,4.7,Neha
702446,11/29/2025,Mumbai,Pizza Corner,Chinese,Manchurian,5,309.44,8.88,28.75,76.92,1643.99,24,UPI,Delivered,3.1,Neha
702447,4/20/2026,Rajkot,Biryani Express,Dessert,Gulab Jamun,4,259.81,78.58,32.29,48.03,1040.98,27,UPI,Delivered,3.4,Rahul
702448,11/7/2025,Rajkot,Burger House,Chinese,Manchurian,1,177.78,38.08,22.53,6.98,169.21,66,Cash,Delivered,5,Amit
702449,2/18/2025,Rajkot,South Treat,Biryani,Hyderabadi Veg,4,190.33,33.16,49.25,36.41,813.82,32,Card,Delivered,4.4,Ravi
702450,6/19/2025,Rajkot,Spice Hub,Dessert,Ice Cream,4,252.65,8.47,59.29,50.11,1111.53,62,UPI,Delivered,4.4,Priya
702451,3/16/2025,Rajkot,Urban Tadka,South Indian,Uttapam,5,223.95,26.11,49.75,54.68,1198.07,30,Cash,Delivered,3.9,Priya
702452,9/10/2025,Surat,Pizza Corner,Pizza,Margherita,3,116.99,60.93,28.1,14.5,332.64,31,Card,Delivered,3.4,Neha
702453,4/16/2026,Vadodara,Urban Tadka,Dessert,Brownie,4,97.05,30.76,45.19,17.87,420.5,43,Card,Delivered,4.2,Amit
702454,3/1/2025,Jaipur,South Treat,Beverages,Lassi,4,163.86,65.73,29.24,29.49,648.44,65,Card,Delivered,4.7,Karan
702455,4/11/2025,Gandhinagar,Chinese Wok,Pizza,Margherita,5,336.14,17.56,48.68,83.16,1794.98,48,Card,Delivered,3.4,Suresh
702456,2/15/2025,Ahmedabad,Spice Hub,Chinese,Manchurian,5,150.93,78.43,20.5,33.81,730.53,27,Card,Cancelled,,Neha
702457,8/30/2025,Jaipur,Biryani Express,South Indian,Uttapam,4,346.96,15.05,46.61,68.64,1488.04,73,Card,Delivered,4,Suresh
702458,4/7/2026,Rajkot,South Treat,Biryani,Paneer Biryani,2,155.69,10.7,50.29,15.03,366,56,Cash,Delivered,3.5,Suresh
702459,1/3/2026,Mumbai,Biryani Express,Beverages,Fresh Juice,3,353.51,23.3,50.44,51.86,1139.53,39,Wallet,Delivered,3.6,Ravi
702460,6/11/2025,Mumbai,Burger House,Chinese,Fried Rice,1,378.64,7.28,28.34,18.57,418.27,28,Wallet,Cancelled,,Rahul
702461,11/12/2025,Surat,Biryani Express,Burger,Cheese Burger,2,150.41,76.22,53.69,11.23,289.52,58,Wallet,Cancelled,,Priya
702462,3/5/2025,Rajkot,Urban Tadka,Dessert,Ice Cream,1,113.36,57.62,34.69,2.79,93.22,32,Wallet,Delivered,3.9,Vikas
702463,5/6/2025,Jaipur,Spice Hub,Dessert,Ice Cream,5,315.2,27.52,48.04,77.42,1673.94,45,Cash,Cancelled,,Karan
702464,6/24/2026,Vadodara,Biryani Express,Beverages,Lassi,1,280.35,56.01,30.59,11.22,266.15,68,Wallet,Cancelled,,Ravi
702465,5/22/2026,Gandhinagar,South Treat,Chinese,Noodles,2,172.13,3.63,48.73,17.03,406.39,27,Card,Delivered,3.9,Karan
702466,6/4/2026,Mumbai,South Treat,North Indian,Naan Combo,4,124.29,7.61,29.49,24.48,543.52,42,Wallet,Delivered,4.5,Ravi
702467,4/21/2026,Pune,Food Fiesta,North Indian,Dal Makhani,2,139.3,21.15,39,12.87,309.32,17,Cash,Delivered,3.3,Priya
702468,1/29/2025,Jaipur,South Treat,Chinese,Noodles,5,385.44,60.9,20.3,93.31,1979.91,72,Card,Delivered,3.8,Priya
702469,3/8/2025,Mumbai,Biryani Express,Chinese,Fried Rice,4,199.44,10.29,42.64,39.37,869.48,34,Card,Delivered,3.6,Karan
702470,6/15/2025,Surat,Biryani Express,Dessert,Ice Cream,4,364.75,1.34,39.77,72.88,1570.31,53,Wallet,Cancelled,,Suresh
702471,7/25/2025,Vadodara,Food Fiesta,Dessert,Gulab Jamun,5,148.54,74.5,39.58,33.41,741.19,63,Wallet,Delivered,4.5,Karan
702472,4/29/2025,Pune,Urban Tadka,Beverages,Lassi,1,378.1,13.24,57.29,18.24,440.39,49,Wallet,Delivered,3.6,Vikas
702473,6/2/2025,Rajkot,Pizza Corner,South Indian,Uttapam,5,231.3,16.53,24.85,57,1221.82,17,Wallet,Delivered,4.6,Suresh
702474,4/30/2026,Gandhinagar,Food Fiesta,Pizza,Veg Supreme,5,283.25,77.63,22.03,66.93,1427.58,23,Card,Delivered,4.2,Vikas
702475,4/26/2026,Gandhinagar,Chinese Wok,Burger,Veg Burger,3,394.33,7.55,39.79,58.77,1274,48,Card,Cancelled,,Priya
702476,1/1/2025,Vadodara,Spice Hub,South Indian,Idli,3,260.24,24.64,37.72,37.8,831.6,22,Cash,Delivered,3.9,Karan
702477,3/25/2026,Jaipur,Urban Tadka,Pizza,Farmhouse,1,371.07,64.46,33.35,15.33,355.29,20,Card,Cancelled,,Vikas
702478,5/15/2026,Pune,Food Fiesta,North Indian,Paneer Butter Masala,4,261.85,16.74,26.81,51.53,1109,26,Card,Delivered,4.7,Ravi
702479,7/4/2025,Gandhinagar,Biryani Express,South Indian,Idli,5,243.68,42.04,57.58,58.82,1292.76,57,Wallet,Delivered,3.5,Ravi
702480,3/17/2026,Rajkot,Food Fiesta,Pizza,Veg Supreme,1,84.74,21.77,28.28,3.15,94.4,74,UPI,Delivered,3.9,Neha
702481,6/1/2026,Rajkot,South Treat,North Indian,Naan Combo,4,324.4,41.87,36.28,62.79,1354.8,44,Wallet,Cancelled,,Rahul
702482,11/8/2025,Rajkot,Biryani Express,South Indian,Uttapam,3,183.37,22.93,43.07,26.36,596.61,40,Card,Delivered,3.9,Vikas
702483,11/25/2025,Gandhinagar,Urban Tadka,Dessert,Ice Cream,5,296.33,42.71,40.93,71.95,1551.82,49,Card,Delivered,4,Suresh
702484,3/8/2026,Ahmedabad,South Treat,Chinese,Noodles,5,354.36,3.43,24.9,88.42,1881.69,25,UPI,Cancelled,,Karan
702485,5/8/2025,Vadodara,Burger House,Dessert,Brownie,5,91.63,7.16,50.39,22.55,523.93,17,Cash,Delivered,4.6,Vikas
702486,1/29/2026,Jaipur,South Treat,Pizza,Farmhouse,2,263.85,44.75,52.45,24.15,559.55,62,Wallet,Delivered,4.8,Suresh
702487,3/17/2026,Vadodara,Food Fiesta,North Indian,Naan Combo,1,93.98,72.92,44.21,1.05,66.32,74,UPI,Cancelled,,Karan
702488,5/17/2025,Surat,Urban Tadka,Chinese,Noodles,5,276.66,63.53,27.87,65.99,1413.63,48,UPI,Cancelled,,Priya
702489,4/12/2026,Vadodara,Biryani Express,Beverages,Lassi,1,308.32,1.72,54.43,15.33,376.36,47,Wallet,Delivered,3.4,Neha
702490,2/10/2025,Rajkot,Biryani Express,Dessert,Brownie,4,321.43,64.08,32.68,61.08,1315.4,34,Wallet,Delivered,5,Vikas
702491,1/11/2025,Pune,Chinese Wok,South Indian,Idli,3,85.62,78.93,46.05,8.9,232.88,59,Card,Delivered,3.1,Priya
702492,11/5/2025,Ahmedabad,Urban Tadka,Beverages,Cold Coffee,2,145.09,71.99,22.97,10.91,252.07,56,Wallet,Delivered,3.3,Ravi
702493,4/27/2026,Rajkot,Urban Tadka,Burger,Cheese Burger,3,153.71,72.11,49.08,19.45,457.55,52,UPI,Delivered,3.1,Vikas
702494,3/28/2026,Rajkot,Food Fiesta,Beverages,Cold Coffee,2,246.19,13.86,49.96,23.93,552.41,43,Card,Delivered,4.6,Priya
702495,6/14/2026,Surat,Burger House,Burger,Paneer Burger,3,119.43,51.97,55.51,15.32,377.15,39,Cash,Delivered,4.5,Suresh
702496,2/9/2026,Rajkot,Pizza Corner,Pizza,Farmhouse,1,299.75,25.06,21.16,13.73,309.58,57,Wallet,Delivered,4.1,Karan
702497,6/22/2025,Surat,Biryani Express,Biryani,Hyderabadi Veg,2,109.24,3.43,27.66,10.75,253.46,67,UPI,Delivered,3.3,Vikas
702498,5/18/2025,Surat,Food Fiesta,Dessert,Gulab Jamun,4,191.17,44.08,27.56,36.03,784.19,51,UPI,Delivered,4.9,Karan
702499,2/12/2025,Surat,Pizza Corner,South Indian,Idli,2,250.26,7.53,37.03,24.65,554.67,39,Card,Delivered,3.1,Karan
702500,6/28/2025,Rajkot,Food Fiesta,Burger,Veg Burger,5,238.89,63.35,34.41,56.55,1222.06,70,UPI,Delivered,4.4,Rahul
702501,4/26/2025,Rajkot,Chinese Wok,South Indian,Idli,1,172.08,4.79,21.66,8.36,197.31,48,Card,Delivered,3.8,Vikas
702502,4/4/2025,Rajkot,Burger House,Beverages,Fresh Juice,4,210.77,75.39,27.07,38.38,833.14,61,Cash,Cancelled,,Amit
702503,5/29/2025,Vadodara,Burger House,South Indian,Uttapam,2,98.07,44.15,34.45,7.6,194.04,28,Card,Delivered,4.6,Priya
702504,11/14/2025,Gandhinagar,Urban Tadka,Beverages,Cold Coffee,5,113.59,26.43,58.04,27.08,626.64,18,UPI,Delivered,4.2,Suresh
702505,9/28/2025,Gandhinagar,Biryani Express,Beverages,Fresh Juice,5,260.41,9.26,31.18,64.64,1388.61,24,UPI,Delivered,4.3,Vikas
702506,3/11/2026,Gandhinagar,Pizza Corner,Biryani,Paneer Biryani,5,333.85,55.68,34.28,80.68,1728.53,33,Wallet,Delivered,4.8,Suresh
702507,9/25/2025,Pune,Urban Tadka,North Indian,Dal Makhani,1,129.54,8.31,37.77,6.06,165.06,36,Cash,Delivered,4.6,Neha
702508,12/28/2025,Jaipur,Biryani Express,Dessert,Ice Cream,3,252.84,31.54,45.84,36.35,809.17,32,Cash,Cancelled,,Priya
702509,2/5/2026,Rajkot,Urban Tadka,Beverages,Fresh Juice,3,390.61,72.15,53.53,54.98,1208.19,32,Card,Cancelled,,Amit
702510,4/17/2026,Mumbai,South Treat,Burger,Veg Burger,3,369.42,14.76,47.08,54.68,1195.26,47,Wallet,Cancelled,,Priya
702511,3/31/2026,Vadodara,Chinese Wok,South Indian,Uttapam,4,385.19,56.22,45.24,74.23,1604.01,63,UPI,Delivered,4.4,Amit
702512,6/25/2026,Rajkot,Chinese Wok,Beverages,Fresh Juice,5,194.26,54.28,52.82,45.85,1015.69,59,Wallet,Delivered,4.4,Amit
702513,5/3/2025,Jaipur,Food Fiesta,Beverages,Cold Coffee,2,358.92,24.99,50.29,34.64,777.78,38,Card,Delivered,4.3,Vikas
702514,6/20/2026,Ahmedabad,Biryani Express,Beverages,Cold Coffee,3,210.44,15.55,28.75,30.79,675.31,48,Cash,Cancelled,,Karan
702515,5/27/2025,Vadodara,Food Fiesta,South Indian,Idli,4,262.82,6.33,55.26,52.25,1152.46,59,UPI,Delivered,4.8,Priya
702516,10/17/2025,Ahmedabad,Biryani Express,North Indian,Dal Makhani,1,209.03,0.96,59.75,10.4,278.22,56,Card,Cancelled,,Priya
702517,4/20/2025,Jaipur,Food Fiesta,Dessert,Ice Cream,3,367.56,21.38,48.35,54.06,1183.71,68,Card,Delivered,3.7,Ravi
702518,6/2/2025,Jaipur,Urban Tadka,Burger,Paneer Burger,5,256.83,0.45,47.95,64.18,1395.83,27,Wallet,Delivered,3.3,Ravi
702519,6/25/2025,Pune,Chinese Wok,Beverages,Fresh Juice,1,362.15,26.93,25.29,16.76,377.27,36,Card,Delivered,4.5,Suresh
702520,8/14/2025,Vadodara,Spice Hub,North Indian,Naan Combo,5,306.45,25.67,55.16,75.33,1637.07,70,UPI,Delivered,3.2,Karan
702521,4/21/2025,Gandhinagar,South Treat,South Indian,Idli,4,393.43,14.85,25.93,77.94,1662.74,34,UPI,Delivered,3.8,Amit
702522,6/30/2025,Pune,South Treat,South Indian,Uttapam,1,155.38,40.94,38.84,5.72,159,45,UPI,Delivered,4.2,Rahul
702523,2/27/2025,Jaipur,South Treat,Burger,Cheese Burger,5,213.53,29.8,39.73,51.89,1129.47,37,Cash,Delivered,3.8,Suresh
702524,5/4/2025,Surat,Chinese Wok,Burger,Veg Burger,5,286.66,75.13,35.18,67.91,1461.26,35,Wallet,Cancelled,,Priya
702525,11/21/2025,Gandhinagar,Biryani Express,Biryani,Paneer Biryani,3,334.2,64.73,49.75,46.89,1034.51,23,UPI,Delivered,4.3,Karan
702526,3/23/2025,Gandhinagar,Food Fiesta,Dessert,Brownie,3,227.73,17.63,26.17,33.28,725.01,63,UPI,Delivered,4.3,Amit
702527,12/1/2025,Pune,Urban Tadka,Pizza,Farmhouse,4,370.09,61.49,43.3,70.94,1533.11,52,Cash,Cancelled,,Vikas
702528,6/4/2026,Pune,Burger House,Pizza,Veg Supreme,1,267.38,34.76,52.92,11.63,297.17,69,Cash,Delivered,3.6,Neha
702529,5/18/2025,Gandhinagar,South Treat,Beverages,Lassi,2,357.09,79.32,54.92,31.74,721.52,37,Wallet,Delivered,3.8,Karan
702530,9/13/2025,Ahmedabad,Urban Tadka,Burger,Cheese Burger,5,144.73,51.16,45.47,33.62,751.58,73,Card,Delivered,4.8,Rahul
702531,3/23/2026,Pune,South Treat,Chinese,Noodles,2,110.82,18.56,44.87,10.15,258.1,45,Wallet,Delivered,4.9,Vikas
702532,10/24/2025,Jaipur,Food Fiesta,Beverages,Lassi,5,81,26.48,22.27,18.93,419.72,25,Card,Delivered,3.4,Amit
702533,1/25/2025,Surat,Food Fiesta,Burger,Paneer Burger,4,311.1,77.42,59.26,58.35,1284.59,74,Wallet,Delivered,4.7,Karan
702534,10/21/2025,Jaipur,Chinese Wok,Dessert,Ice Cream,3,189.22,15.65,34.87,27.6,614.48,15,Card,Delivered,3.8,Priya
702535,5/19/2026,Pune,Pizza Corner,Biryani,Veg Biryani,1,284.63,0.35,50.91,14.21,349.4,37,UPI,Delivered,4.3,Karan
702536,12/20/2025,Pune,Biryani Express,North Indian,Dal Makhani,2,172.39,29.23,52.26,15.78,383.59,23,Cash,Delivered,4.1,Vikas
702537,12/28/2025,Pune,Biryani Express,Biryani,Paneer Biryani,3,257.82,73.87,40.54,34.98,775.11,53,Wallet,Cancelled,,Suresh
702538,5/27/2025,Pune,Biryani Express,Burger,Paneer Burger,2,327.19,31.51,59.58,31.14,713.59,41,Cash,Delivered,4.3,Neha
702539,1/2/2025,Pune,Biryani Express,Pizza,Farmhouse,2,195.05,65.48,24.86,16.23,365.71,56,Wallet,Cancelled,,Rahul
702540,4/8/2025,Surat,Pizza Corner,South Indian,Idli,4,323.2,75.81,56.55,60.85,1334.39,59,Card,Delivered,3.3,Ravi
702541,7/5/2025,Gandhinagar,Biryani Express,Dessert,Brownie,4,378.42,74.36,40.41,71.97,1551.7,20,Card,Cancelled,,Ravi
702542,7/5/2025,Jaipur,Biryani Express,Dessert,Ice Cream,1,360.34,38.97,26.61,16.07,364.05,45,Wallet,Cancelled,,Neha
702543,5/9/2026,Jaipur,Pizza Corner,South Indian,Idli,3,252.22,20.61,31.53,36.8,804.38,27,Cash,Delivered,3.8,Priya
702544,10/12/2025,Jaipur,Food Fiesta,Biryani,Veg Biryani,4,396.76,76.71,20.69,75.52,1606.54,50,Wallet,Delivered,4,Ravi
702545,4/21/2025,Ahmedabad,Pizza Corner,North Indian,Paneer Butter Masala,3,309.85,9.28,43.42,46.01,1009.7,55,Wallet,Delivered,4.5,Amit
702546,4/5/2025,Vadodara,Urban Tadka,Dessert,Brownie,5,352.79,6.46,27.03,87.87,1872.39,26,Cash,Delivered,4.6,Vikas
702547,5/3/2026,Mumbai,South Treat,Biryani,Veg Biryani,3,276.22,29.78,48.43,39.94,887.25,42,Card,Delivered,4.9,Ravi
702548,1/25/2026,Mumbai,Pizza Corner,North Indian,Dal Makhani,2,316.1,37.93,36.88,29.71,660.86,23,Wallet,Delivered,5,Rahul
702549,3/25/2026,Ahmedabad,Biryani Express,South Indian,Uttapam,4,132.97,37.78,57.3,24.71,576.11,60,Wallet,Delivered,4.6,Vikas
702550,1/17/2026,Rajkot,Pizza Corner,Burger,Paneer Burger,4,383.49,39.28,48.93,74.73,1618.34,63,Cash,Delivered,3.1,Ravi
702551,2/9/2025,Surat,Pizza Corner,Pizza,Farmhouse,4,270.36,6.49,20.71,53.75,1149.41,36,UPI,Delivered,4.8,Priya
702552,9/21/2025,Gandhinagar,Pizza Corner,Burger,Paneer Burger,4,294.02,6.68,55.89,58.47,1283.76,26,Card,Delivered,4.2,Neha
702553,9/4/2025,Rajkot,Burger House,North Indian,Dal Makhani,5,229.12,66.52,52.63,53.95,1185.66,28,Cash,Delivered,3.2,Karan
702554,5/10/2025,Surat,Spice Hub,Chinese,Fried Rice,5,328.76,6.65,26.49,81.86,1745.5,45,Card,Cancelled,,Suresh
702555,5/2/2026,Rajkot,Burger House,South Indian,Masala Dosa,3,308.39,22.57,57.76,45.13,1005.49,44,UPI,Delivered,4.1,Priya
702556,2/28/2026,Pune,Burger House,Burger,Paneer Burger,1,384.64,13.86,56.79,18.54,446.11,53,Wallet,Delivered,3.9,Amit
702557,9/23/2025,Mumbai,Pizza Corner,Burger,Paneer Burger,2,217.15,25.71,22.48,20.43,451.5,32,Cash,Delivered,3.6,Amit
702558,12/12/2025,Mumbai,Urban Tadka,Beverages,Fresh Juice,4,177.34,50.3,35.7,32.95,727.71,30,UPI,Cancelled,,Neha
702559,3/5/2025,Pune,Biryani Express,Beverages,Fresh Juice,5,368.12,71.44,45.47,88.46,1903.09,61,Cash,Delivered,4.7,Ravi
702560,7/18/2025,Jaipur,Spice Hub,Pizza,Veg Supreme,3,228.76,31.2,48.11,32.75,735.94,65,Wallet,Cancelled,,Rahul
702561,2/14/2025,Ahmedabad,Chinese Wok,Biryani,Veg Biryani,1,306.77,76.43,38.07,11.52,279.93,74,Wallet,Delivered,3.2,Rahul
702562,3/9/2026,Jaipur,Pizza Corner,Beverages,Fresh Juice,3,351.87,11.61,35.71,52.2,1131.91,59,Wallet,Delivered,3.9,Priya
702563,5/10/2026,Pune,Urban Tadka,Burger,Paneer Burger,5,393.79,60.41,24.4,95.43,2028.37,47,Wallet,Cancelled,,Ravi
702564,6/6/2025,Mumbai,Burger House,Beverages,Cold Coffee,3,233.2,46.89,25.03,32.64,710.38,19,Cash,Delivered,3.9,Ravi
702565,4/27/2026,Vadodara,Food Fiesta,Biryani,Veg Biryani,5,340.46,76.02,37.89,81.31,1745.48,56,Wallet,Delivered,3.6,Amit
702566,7/27/2025,Gandhinagar,Food Fiesta,Pizza,Margherita,4,303.22,27.56,40.72,59.27,1285.31,39,Card,Delivered,4.4,Ravi
702567,6/19/2026,Jaipur,Biryani Express,Dessert,Gulab Jamun,5,243.61,42.98,40.06,58.75,1273.88,71,Card,Delivered,3.3,Amit
702568,6/29/2025,Gandhinagar,Food Fiesta,Burger,Veg Burger,3,175.8,34.3,53.51,24.66,571.27,55,Cash,Delivered,4.2,Suresh
702569,4/28/2026,Ahmedabad,Burger House,Chinese,Manchurian,1,275.45,74.79,56.02,10.03,266.71,69,Cash,Delivered,3.7,Karan
702570,11/17/2025,Pune,Chinese Wok,North Indian,Paneer Butter Masala,1,141.91,50.97,38.29,4.55,133.78,61,Wallet,Delivered,4.6,Priya
702571,7/30/2025,Ahmedabad,Food Fiesta,Dessert,Brownie,4,155.94,35.43,43.03,29.42,660.78,43,UPI,Cancelled,,Rahul
702572,1/27/2026,Rajkot,Chinese Wok,North Indian,Naan Combo,4,92.78,77.78,21.4,14.67,329.41,70,Cash,Delivered,4.4,Amit
702573,4/1/2026,Mumbai,Burger House,Dessert,Ice Cream,4,207.88,51.34,30.4,39.01,849.59,72,UPI,Delivered,3.1,Ravi
702574,9/30/2025,Rajkot,Urban Tadka,Biryani,Hyderabadi Veg,2,166.83,40.03,46.92,14.68,355.23,75,UPI,Delivered,3.5,Priya
702575,4/22/2026,Gandhinagar,Biryani Express,South Indian,Uttapam,1,319.9,79,41.72,12.04,294.66,25,UPI,Cancelled,,Priya
702576,2/3/2025,Ahmedabad,South Treat,Pizza,Farmhouse,4,328.12,76.86,22.03,61.78,1319.43,71,Cash,Delivered,4,Suresh
702577,8/24/2025,Rajkot,Spice Hub,South Indian,Uttapam,5,362.81,35.65,51.75,88.92,1919.07,58,Cash,Delivered,4.2,Neha
702578,8/5/2025,Vadodara,Biryani Express,South Indian,Uttapam,5,152.03,20.01,35.37,37.01,812.52,28,Card,Cancelled,,Amit
702579,2/4/2026,Rajkot,Chinese Wok,South Indian,Masala Dosa,1,348.38,36.56,36.74,15.59,364.15,15,UPI,Delivered,3.7,Vikas
702580,3/10/2026,Rajkot,Food Fiesta,South Indian,Masala Dosa,5,320.16,43.81,36.08,77.85,1670.92,21,Cash,Cancelled,,Priya
702581,5/2/2026,Vadodara,Pizza Corner,Burger,Veg Burger,1,174.16,19.9,34.53,7.71,196.5,25,Cash,Delivered,4.8,Amit
702582,4/17/2025,Jaipur,Pizza Corner,South Indian,Masala Dosa,1,397.26,52.28,54.37,17.25,416.6,30,Cash,Delivered,3.3,Amit
702583,5/24/2026,Ahmedabad,South Treat,Burger,Veg Burger,1,135.86,32.74,38.9,5.16,147.18,39,Wallet,Delivered,3.9,Suresh
702584,4/30/2025,Rajkot,Burger House,Dessert,Gulab Jamun,3,292.32,54.94,41.83,41.1,904.95,45,UPI,Delivered,3.2,Ravi
702585,5/5/2026,Pune,Chinese Wok,Chinese,Noodles,1,347.66,35.21,26.87,15.62,354.94,23,Card,Delivered,4.4,Neha
702586,10/30/2025,Rajkot,Spice Hub,Burger,Paneer Burger,4,150.16,31.02,20.22,28.48,618.32,44,Card,Delivered,3.7,Priya
702587,4/8/2026,Vadodara,South Treat,Burger,Veg Burger,2,92.46,70.58,29.15,5.72,149.21,71,Wallet,Delivered,3.3,Suresh
702588,8/19/2025,Ahmedabad,Biryani Express,Dessert,Ice Cream,3,273.68,39.21,25.07,39.09,845.99,74,Card,Delivered,3.2,Neha
702589,4/4/2026,Mumbai,Spice Hub,Pizza,Margherita,4,389.13,65.61,58.21,74.55,1623.67,17,Cash,Delivered,3.4,Priya
702590,4/4/2026,Rajkot,Pizza Corner,Burger,Cheese Burger,4,354.49,10.06,28.1,70.4,1506.4,15,UPI,Cancelled,,Rahul
702591,1/7/2026,Rajkot,South Treat,North Indian,Dal Makhani,2,165.94,56.9,25.68,13.75,314.41,32,UPI,Delivered,3.7,Ravi
702592,6/15/2025,Pune,Pizza Corner,Biryani,Hyderabadi Veg,2,213.97,46.43,26.61,19.08,427.2,75,Wallet,Delivered,3.9,Rahul
702593,6/7/2026,Vadodara,Pizza Corner,Pizza,Margherita,2,186.77,64.56,49.8,15.45,374.23,37,Cash,Delivered,3.3,Karan
702594,1/28/2025,Pune,Urban Tadka,Burger,Veg Burger,2,267.25,20.56,21.31,25.7,560.95,15,Wallet,Cancelled,,Vikas
702595,4/8/2025,Gandhinagar,Food Fiesta,North Indian,Paneer Butter Masala,4,383.74,34.87,39.84,75,1614.93,37,Wallet,Delivered,3.9,Ravi
702596,8/6/2025,Ahmedabad,Biryani Express,Burger,Cheese Burger,3,191.63,24.97,34.94,27.5,612.36,22,Wallet,Delivered,3.8,Neha
702597,4/6/2025,Pune,Food Fiesta,South Indian,Uttapam,4,176.41,30.03,47,33.78,756.39,30,UPI,Cancelled,,Vikas
702598,3/29/2025,Gandhinagar,Pizza Corner,North Indian,Naan Combo,5,188.28,30.49,22.89,45.55,979.35,65,UPI,Delivered,4,Rahul
702599,6/25/2026,Vadodara,Spice Hub,South Indian,Idli,1,99.92,20.69,29.07,3.96,112.26,64,UPI,Cancelled,,Priya
702600,5/8/2026,Gandhinagar,Pizza Corner,Burger,Veg Burger,2,369.02,50.21,44.47,34.39,766.69,28,UPI,Delivered,3.4,Neha
702601,1/20/2026,Jaipur,Burger House,Chinese,Fried Rice,2,115.62,29.08,40.71,10.11,252.98,35,Cash,Delivered,3.1,Karan
702602,10/13/2025,Gandhinagar,Biryani Express,South Indian,Idli,2,263.79,62.91,23.87,23.23,511.77,63,Wallet,Delivered,4.8,Amit
702603,5/21/2026,Rajkot,Biryani Express,Dessert,Ice Cream,1,126.92,9.64,27.77,5.86,150.91,22,UPI,Delivered,3.2,Priya
702604,1/3/2025,Surat,Pizza Corner,Beverages,Lassi,4,280.34,45.86,49.2,53.78,1178.48,23,UPI,Delivered,3.6,Rahul
702605,9/30/2025,Mumbai,Food Fiesta,Chinese,Noodles,1,392.33,50.87,36.64,17.07,395.17,41,Cash,Cancelled,,Neha
702606,3/18/2026,Gandhinagar,Urban Tadka,North Indian,Paneer Butter Masala,3,304.74,46.6,51.56,43.38,962.56,63,Cash,Delivered,4,Ravi
702607,3/15/2026,Vadodara,Urban Tadka,South Indian,Masala Dosa,1,154.82,17.94,41.41,6.84,185.13,65,UPI,Cancelled,,Neha
702608,12/24/2025,Jaipur,South Treat,Chinese,Manchurian,3,86.61,54.4,39.94,10.27,255.64,59,Wallet,Delivered,4.8,Vikas
702609,11/20/2025,Vadodara,Urban Tadka,Dessert,Gulab Jamun,2,272.63,19.67,41.54,26.28,593.41,19,Card,Delivered,4.2,Priya
702610,2/26/2025,Vadodara,Spice Hub,Biryani,Paneer Biryani,4,190.69,15.44,56.33,37.37,841.02,19,UPI,Delivered,4.3,Amit
702611,12/20/2025,Mumbai,Burger House,Pizza,Veg Supreme,1,133.57,3.79,40.57,6.49,176.84,47,UPI,Delivered,4.2,Karan
702612,1/9/2026,Rajkot,Chinese Wok,Pizza,Veg Supreme,2,93.25,17.73,31.59,8.44,208.8,17,Card,Cancelled,,Ravi
702613,6/1/2025,Surat,South Treat,Chinese,Manchurian,5,109.07,45.74,57.92,24.98,582.51,18,Card,Delivered,4.4,Rahul
702614,6/8/2026,Gandhinagar,South Treat,Dessert,Ice Cream,2,338.71,22.51,58.69,32.75,746.35,66,Cash,Delivered,3.8,Amit
702615,11/17/2025,Jaipur,Chinese Wok,North Indian,Dal Makhani,1,192.3,72.67,32.14,5.98,157.75,70,Cash,Delivered,3.6,Ravi
702616,6/6/2026,Pune,Food Fiesta,Chinese,Fried Rice,2,282.3,20.03,43.06,27.23,614.86,22,UPI,Cancelled,,Ravi
702617,3/24/2025,Surat,Biryani Express,Biryani,Veg Biryani,3,272.32,79.03,42.83,36.9,817.66,43,UPI,Delivered,3.9,Neha
702618,4/28/2026,Pune,Burger House,Chinese,Manchurian,5,198.15,45.91,46.56,47.24,1038.64,60,Cash,Delivered,4,Vikas
702619,6/20/2025,Gandhinagar,Pizza Corner,Dessert,Brownie,1,392.14,26.12,40.39,18.3,424.71,34,UPI,Delivered,4.4,Ravi
702620,5/24/2025,Vadodara,Pizza Corner,Pizza,Farmhouse,5,260.64,4.47,24.23,64.94,1387.9,17,Cash,Cancelled,,Suresh
702621,2/7/2026,Jaipur,Food Fiesta,Chinese,Noodles,1,114.5,58.75,24.47,2.79,83.01,38,Card,Delivered,3.3,Amit
702622,5/26/2026,Mumbai,South Treat,Pizza,Farmhouse,2,385.22,37.64,59.39,36.64,828.83,35,Wallet,Delivered,4,Suresh
702623,5/21/2025,Jaipur,South Treat,Dessert,Brownie,3,355.65,50.7,51.77,50.81,1118.83,61,Card,Cancelled,,Karan
702624,9/28/2025,Mumbai,Pizza Corner,Beverages,Lassi,3,170.87,74.82,37.93,21.89,497.61,55,Card,Cancelled,,Neha
702625,4/3/2025,Vadodara,Spice Hub,North Indian,Dal Makhani,5,247.37,71.9,27.96,58.25,1251.16,68,UPI,Delivered,4,Ravi
702626,10/2/2025,Gandhinagar,Food Fiesta,Biryani,Paneer Biryani,2,289.47,40.32,45.95,26.93,611.5,39,Card,Delivered,4.9,Priya
702627,6/19/2025,Gandhinagar,Biryani Express,Biryani,Paneer Biryani,2,393.93,77.66,31.57,35.51,777.28,28,Card,Delivered,4.5,Ravi
702628,1/7/2026,Jaipur,Pizza Corner,Chinese,Fried Rice,2,298.94,34.19,59.32,28.18,651.19,24,UPI,Delivered,4.6,Neha
702629,6/15/2025,Rajkot,Food Fiesta,North Indian,Paneer Butter Masala,2,385.82,48.74,37.59,36.15,796.64,15,Card,Delivered,4.4,Suresh
702630,1/15/2026,Surat,Burger House,Chinese,Manchurian,3,86.01,46.47,52.46,10.58,274.6,18,Card,Delivered,3,Rahul
702631,1/15/2026,Ahmedabad,Spice Hub,South Indian,Uttapam,4,306.28,7.19,37.61,60.9,1316.44,35,Wallet,Delivered,3.1,Rahul
702632,11/28/2025,Gandhinagar,Biryani Express,Dessert,Brownie,4,121.01,44.99,47.62,21.95,508.62,72,Cash,Delivered,3.3,Suresh
702633,7/18/2025,Ahmedabad,South Treat,Burger,Paneer Burger,1,115.55,43.17,35.76,3.62,111.76,51,Wallet,Delivered,4.8,Neha
702634,8/21/2025,Surat,Burger House,Pizza,Margherita,5,210.57,50.74,36.93,50.11,1089.15,60,Wallet,Cancelled,,Rahul
702635,5/17/2025,Jaipur,Pizza Corner,Pizza,Farmhouse,4,270.8,7.07,51.99,53.81,1181.93,48,Card,Delivered,5,Vikas
702636,9/7/2025,Ahmedabad,Urban Tadka,Dessert,Ice Cream,5,109.65,26.99,53.93,26.06,601.25,39,Card,Delivered,4.4,Rahul
702637,2/8/2025,Surat,Spice Hub,Burger,Paneer Burger,2,328.43,74.7,55.9,29.11,667.17,56,UPI,Delivered,4.4,Karan
702638,5/10/2025,Pune,Pizza Corner,Chinese,Fried Rice,3,211.28,52.03,55.62,29.09,666.52,56,Card,Cancelled,,Rahul
702639,10/10/2025,Mumbai,Urban Tadka,North Indian,Naan Combo,2,242.01,30.83,49.28,22.66,525.13,49,Card,Delivered,4.4,Karan
702640,2/13/2025,Gandhinagar,Biryani Express,Biryani,Veg Biryani,1,221.41,4.57,37.94,10.84,265.62,36,Wallet,Cancelled,,Rahul
702641,9/12/2025,Gandhinagar,Spice Hub,Burger,Cheese Burger,3,376.34,76.95,34.67,52.6,1139.34,22,Wallet,Delivered,3.4,Priya
702642,6/20/2026,Surat,Chinese Wok,Chinese,Fried Rice,1,273.19,70.02,43.12,10.16,256.45,55,UPI,Delivered,3.6,Karan
702643,6/13/2025,Ahmedabad,Burger House,Chinese,Manchurian,3,257.19,55.78,27.33,35.79,778.91,60,UPI,Delivered,3.4,Amit
702644,1/2/2026,Pune,South Treat,Beverages,Cold Coffee,1,203.86,0.65,52.84,10.16,266.21,25,Cash,Cancelled,,Neha
702645,8/7/2025,Surat,Pizza Corner,Dessert,Brownie,4,334.76,60.26,21.37,63.94,1364.09,23,UPI,Cancelled,,Amit
702646,10/24/2025,Gandhinagar,Food Fiesta,Dessert,Gulab Jamun,3,174.45,52.1,54.11,23.56,548.92,50,Wallet,Delivered,3.8,Amit
702647,8/28/2025,Vadodara,Food Fiesta,Biryani,Veg Biryani,4,192.4,71.91,31.22,34.88,763.79,41,Wallet,Delivered,5,Vikas
702648,6/13/2025,Rajkot,Urban Tadka,South Indian,Masala Dosa,2,276.69,67.67,33.97,24.29,543.97,41,Card,Delivered,3.2,Suresh
702649,6/6/2025,Mumbai,Chinese Wok,Biryani,Veg Biryani,3,199.01,38.48,21.91,27.93,608.39,64,Card,Delivered,3.4,Vikas
702650,2/16/2026,Mumbai,Pizza Corner,South Indian,Uttapam,5,294.03,58.95,44.97,70.56,1526.73,68,UPI,Delivered,5,Ravi
702651,9/14/2025,Gandhinagar,Chinese Wok,South Indian,Masala Dosa,4,271.6,10.95,28.99,53.77,1158.21,58,Wallet,Cancelled,,Ravi
702652,2/10/2026,Vadodara,Food Fiesta,Chinese,Fried Rice,4,347.26,70.64,59.97,65.92,1444.29,25,UPI,Delivered,4.5,Rahul
702653,6/13/2026,Mumbai,Pizza Corner,Dessert,Brownie,2,385.52,13.22,48.65,37.89,844.36,38,Cash,Delivered,3.9,Priya
702654,4/2/2025,Vadodara,Spice Hub,South Indian,Masala Dosa,1,385.51,22.09,55.37,18.17,436.96,26,Card,Cancelled,,Amit
702655,3/18/2025,Ahmedabad,Chinese Wok,Burger,Cheese Burger,5,309.14,56.67,58.06,74.45,1621.54,33,Wallet,Delivered,4.4,Karan
702656,1/10/2025,Surat,South Treat,South Indian,Idli,5,304.15,5.49,21.72,75.76,1612.74,46,Wallet,Delivered,4.6,Vikas
702657,4/23/2026,Jaipur,Pizza Corner,South Indian,Idli,1,185.43,8.12,51.01,8.87,237.19,26,Card,Delivered,3.8,Rahul
702658,1/7/2026,Mumbai,Chinese Wok,North Indian,Dal Makhani,2,363.45,66.11,38.84,33.04,732.67,52,Card,Delivered,4.7,Suresh
702659,6/13/2026,Gandhinagar,Pizza Corner,Chinese,Fried Rice,3,173.39,58.32,29.5,23.09,514.44,31,UPI,Delivered,3.5,Karan
702660,4/23/2025,Rajkot,Burger House,Pizza,Margherita,4,369.41,10.38,32.31,73.36,1572.93,32,Cash,Delivered,4.2,Vikas
702661,10/15/2025,Jaipur,South Treat,Chinese,Manchurian,4,174.46,58.34,34.86,31.98,706.34,33,Cash,Delivered,3.4,Rahul
702662,9/4/2025,Jaipur,Pizza Corner,Dessert,Brownie,4,89.85,9.19,40.45,17.51,408.17,27,Card,Delivered,3.3,Priya
702663,1/12/2025,Mumbai,Food Fiesta,Biryani,Veg Biryani,4,168.69,50.36,49.85,31.22,705.47,28,Wallet,Delivered,4.9,Karan
702664,10/19/2025,Gandhinagar,Spice Hub,Chinese,Fried Rice,4,110.08,10.54,55.87,21.49,507.14,36,UPI,Delivered,4.5,Amit
702665,4/20/2025,Ahmedabad,Food Fiesta,Burger,Paneer Burger,3,398.95,22.19,43.93,58.73,1277.32,24,UPI,Delivered,3.6,Priya
702666,10/2/2025,Jaipur,Chinese Wok,Dessert,Gulab Jamun,1,198.42,75.68,22.2,6.14,151.08,66,Wallet,Delivered,3.5,Neha
702667,1/23/2025,Vadodara,Biryani Express,Pizza,Margherita,5,273.8,0.13,35.91,68.44,1473.22,51,UPI,Delivered,3,Vikas
702668,3/30/2026,Pune,Biryani Express,Chinese,Noodles,1,376.46,12.64,24.07,18.19,406.08,57,UPI,Delivered,3.9,Ravi
702669,12/5/2025,Pune,South Treat,South Indian,Uttapam,1,316.89,19.05,45.96,14.89,358.69,41,Wallet,Cancelled,,Rahul
702670,6/18/2025,Rajkot,South Treat,Beverages,Cold Coffee,1,393.83,9.08,24.22,19.24,428.21,65,Wallet,Delivered,4.9,Amit
702671,11/30/2025,Mumbai,Burger House,Biryani,Hyderabadi Veg,2,340.47,27.58,26.3,32.67,712.33,41,Card,Cancelled,,Karan
702672,10/21/2025,Pune,South Treat,Pizza,Margherita,2,196.98,34.04,24.01,18,401.93,17,UPI,Delivered,3.6,Neha
702673,5/4/2026,Pune,Burger House,Chinese,Fried Rice,3,392.5,48.09,41.16,56.47,1227.04,64,Cash,Delivered,4.3,Neha
702674,10/20/2025,Mumbai,Pizza Corner,Chinese,Fried Rice,3,313.77,52.16,55.84,44.46,989.45,24,Cash,Cancelled,,Priya
702675,3/8/2025,Jaipur,Spice Hub,Burger,Paneer Burger,2,278.25,55.19,36.13,25.07,562.51,39,Wallet,Delivered,3.2,Ravi
702676,4/22/2026,Ahmedabad,Food Fiesta,Chinese,Fried Rice,4,169.81,37.91,30.78,32.07,704.18,55,Wallet,Delivered,3.9,Rahul
702677,5/29/2026,Pune,Food Fiesta,Beverages,Cold Coffee,5,223.13,12.9,24.84,55.14,1182.73,32,Cash,Cancelled,,Neha
702678,2/23/2026,Rajkot,Burger House,Beverages,Fresh Juice,4,290.26,24.51,47.16,56.83,1240.52,18,Cash,Cancelled,,Vikas
702679,3/25/2026,Vadodara,Pizza Corner,North Indian,Paneer Butter Masala,5,230.83,41.25,27.39,55.65,1195.94,40,Wallet,Cancelled,,Rahul
702680,3/31/2025,Vadodara,Food Fiesta,North Indian,Paneer Butter Masala,1,129.9,47.15,32.98,4.14,119.87,21,Cash,Delivered,3.5,Suresh
702681,8/7/2025,Mumbai,Spice Hub,South Indian,Uttapam,1,187.66,65.52,21.29,6.11,149.54,54,Wallet,Delivered,3.8,Priya
702682,8/27/2025,Rajkot,South Treat,Burger,Cheese Burger,1,150.82,54.98,57.01,4.79,157.64,67,Cash,Cancelled,,Karan
702683,12/31/2025,Surat,Chinese Wok,North Indian,Naan Combo,2,197,48.22,32.52,17.29,395.59,62,UPI,Cancelled,,Amit
702684,2/16/2026,Jaipur,Biryani Express,Biryani,Paneer Biryani,4,184.59,36.1,43.82,35.11,781.19,44,Cash,Cancelled,,Suresh
702685,1/29/2026,Ahmedabad,Biryani Express,North Indian,Dal Makhani,1,90.56,59.56,49.54,1.55,82.09,38,Card,Delivered,3.5,Karan
702686,11/19/2025,Ahmedabad,Pizza Corner,Pizza,Farmhouse,2,186.37,1.09,40.77,18.58,431,47,Wallet,Cancelled,,Neha
702687,4/6/2026,Surat,South Treat,Biryani,Hyderabadi Veg,4,282.49,53.81,32.73,53.81,1162.69,39,UPI,Delivered,4.6,Priya
702688,3/6/2026,Gandhinagar,Urban Tadka,South Indian,Masala Dosa,4,171.7,66.39,41.17,31.02,692.6,19,UPI,Delivered,3.2,Priya
702689,1/9/2026,Surat,Food Fiesta,Dessert,Ice Cream,5,101.23,27.39,44.74,23.94,547.44,74,Card,Delivered,3.3,Amit
702690,12/17/2025,Jaipur,Biryani Express,Pizza,Margherita,3,106.38,22.64,59.6,14.83,370.93,27,Cash,Delivered,4.6,Suresh
702691,5/15/2026,Jaipur,Burger House,Dessert,Gulab Jamun,4,255.52,26.22,42.84,49.79,1088.49,72,Cash,Delivered,3.8,Amit
702692,3/24/2026,Ahmedabad,Spice Hub,Burger,Paneer Burger,4,309.31,27.5,51.66,60.49,1321.89,37,Cash,Delivered,4.3,Rahul
702693,9/8/2025,Jaipur,Food Fiesta,Chinese,Fried Rice,4,220.88,34.09,23.27,42.47,915.17,56,Wallet,Delivered,4.8,Priya
702694,4/16/2025,Pune,Chinese Wok,Beverages,Cold Coffee,2,216.54,12.92,36.69,21.01,477.86,17,Wallet,Cancelled,,Vikas
702695,5/7/2025,Mumbai,Urban Tadka,Biryani,Paneer Biryani,4,157.25,51.86,29.37,28.86,635.37,47,Cash,Delivered,3.1,Suresh
702696,6/17/2026,Pune,Burger House,Beverages,Fresh Juice,5,367.39,64.75,43.51,88.61,1904.32,38,Cash,Cancelled,,Rahul
702697,10/4/2025,Pune,Urban Tadka,Beverages,Lassi,5,148.47,64.84,45.28,33.88,756.67,35,Cash,Delivered,3,Suresh
702698,4/22/2025,Vadodara,South Treat,Pizza,Farmhouse,3,324.29,9.89,26.77,48.15,1037.9,37,Card,Delivered,3.5,Neha
702699,12/17/2025,Jaipur,Food Fiesta,Beverages,Cold Coffee,4,103.68,51.68,36.94,18.15,418.13,57,Card,Delivered,4.5,Neha
702700,5/30/2026,Vadodara,Food Fiesta,Chinese,Manchurian,1,256.99,33.45,49.94,11.18,284.66,19,Card,Delivered,3.4,Rahul
702701,3/12/2025,Rajkot,Urban Tadka,Beverages,Cold Coffee,4,132.35,13.18,57.71,25.81,599.74,20,Card,Cancelled,,Suresh
702702,4/29/2025,Rajkot,Chinese Wok,Biryani,Paneer Biryani,3,332.95,75.46,39.62,46.17,1009.18,69,UPI,Cancelled,,Neha
702703,2/14/2025,Pune,Urban Tadka,Dessert,Gulab Jamun,2,231.21,34.46,55.1,21.4,504.46,53,Wallet,Cancelled,,Priya
702704,9/9/2025,Jaipur,Chinese Wok,South Indian,Idli,2,91.03,13.16,53.82,8.45,231.17,56,Card,Delivered,4.7,Ravi
702705,5/12/2026,Surat,Chinese Wok,North Indian,Paneer Butter Masala,5,277.86,57.53,48.11,66.59,1446.47,63,Cash,Cancelled,,Karan
702706,10/9/2025,Gandhinagar,Biryani Express,Pizza,Margherita,4,99.16,34.88,25.92,18.09,405.77,33,Wallet,Delivered,4.2,Ravi
702707,9/14/2025,Ahmedabad,Urban Tadka,Pizza,Veg Supreme,5,104.31,45.98,59.08,23.78,558.43,54,Card,Delivered,3.4,Rahul
702708,7/9/2025,Ahmedabad,Spice Hub,Burger,Veg Burger,4,310.98,16.92,29.78,61.35,1318.13,62,Cash,Delivered,3.4,Karan
702709,9/4/2025,Surat,Food Fiesta,South Indian,Uttapam,5,338.4,56.18,45.56,81.79,1763.17,31,Cash,Delivered,3.7,Priya
702710,3/10/2026,Mumbai,Burger House,Dessert,Brownie,1,240.11,60.46,28.28,8.98,216.91,69,UPI,Cancelled,,Priya
702711,6/21/2026,Jaipur,Biryani Express,Burger,Veg Burger,4,238.8,46.35,40.94,45.44,995.23,18,UPI,Delivered,3,Suresh
702712,12/28/2025,Surat,Spice Hub,Burger,Cheese Burger,5,283.86,51.09,52.64,68.41,1489.26,16,Card,Cancelled,,Ravi
702713,7/26/2025,Ahmedabad,Burger House,South Indian,Uttapam,1,250.83,11.8,24.23,11.95,275.21,45,Wallet,Delivered,4.9,Suresh
702714,7/13/2025,Rajkot,Food Fiesta,Chinese,Manchurian,2,89.11,2.07,56.43,8.81,241.39,35,UPI,Delivered,3.7,Amit
702715,7/19/2025,Mumbai,Food Fiesta,North Indian,Naan Combo,4,203.97,65.65,47.75,37.51,835.49,43,UPI,Delivered,3.7,Amit
702716,3/26/2025,Mumbai,Urban Tadka,South Indian,Masala Dosa,2,166.48,20.9,34.24,15.6,361.9,19,UPI,Delivered,3.3,Suresh
702717,1/26/2025,Surat,South Treat,North Indian,Paneer Butter Masala,4,94.16,26.74,52.73,17.5,420.13,24,UPI,Cancelled,,Vikas
702718,2/11/2025,Surat,Biryani Express,Biryani,Veg Biryani,3,278.51,63.15,38.03,38.62,849.03,65,Wallet,Delivered,3.3,Priya
702719,4/22/2026,Vadodara,Spice Hub,North Indian,Dal Makhani,3,224.03,18.12,21.54,32.7,708.21,26,Wallet,Delivered,4,Vikas
702720,12/25/2025,Rajkot,Biryani Express,Pizza,Margherita,3,256.93,32.14,55.27,36.93,830.85,33,Cash,Delivered,3.4,Karan
702721,1/11/2025,Rajkot,Urban Tadka,Biryani,Paneer Biryani,4,201.04,64.6,41.8,36.98,818.34,28,Card,Delivered,3.7,Neha
702722,7/31/2025,Surat,Urban Tadka,Chinese,Fried Rice,5,313.21,57.01,26.69,75.45,1611.18,41,Wallet,Delivered,3.1,Rahul
702723,8/30/2025,Surat,South Treat,Dessert,Brownie,4,308.51,12.93,43.68,61.06,1325.85,21,UPI,Cancelled,,Suresh
702724,1/11/2026,Ahmedabad,South Treat,Pizza,Farmhouse,1,269.98,59.67,25.63,10.52,246.46,59,UPI,Delivered,3.4,Vikas
702725,6/15/2025,Gandhinagar,Pizza Corner,North Indian,Naan Combo,2,314.15,55.83,21.78,28.62,622.87,42,UPI,Delivered,4.2,Priya
702726,5/24/2026,Vadodara,Biryani Express,Beverages,Fresh Juice,1,327.82,14.99,25.33,15.64,353.8,50,Cash,Cancelled,,Karan
702727,2/13/2026,Ahmedabad,Burger House,South Indian,Uttapam,4,183.42,48.4,54.94,34.26,774.48,70,UPI,Cancelled,,Amit
702728,1/13/2026,Surat,Urban Tadka,Biryani,Paneer Biryani,2,223.22,71.72,55.83,18.74,449.29,50,Cash,Delivered,4.6,Amit
702729,4/1/2026,Jaipur,Chinese Wok,South Indian,Uttapam,4,139.87,19.59,21.58,26.99,588.46,30,Cash,Cancelled,,Priya
702730,5/26/2026,Jaipur,Urban Tadka,Pizza,Margherita,3,309.29,44.23,41.3,44.18,969.12,63,Wallet,Delivered,4.2,Suresh
702731,4/18/2025,Mumbai,Biryani Express,Chinese,Fried Rice,1,162.13,64.8,59.56,4.87,161.76,35,Wallet,Delivered,3.8,Karan
702732,3/8/2026,Gandhinagar,Food Fiesta,Dessert,Brownie,3,165.84,8.93,59.68,24.43,572.7,41,UPI,Cancelled,,Amit
702733,1/19/2025,Gandhinagar,Chinese Wok,North Indian,Paneer Butter Masala,4,320.99,13.25,20.05,63.54,1354.3,42,Card,Delivered,4.9,Ravi
702734,7/3/2025,Surat,Burger House,Pizza,Margherita,1,222.99,25.72,41.44,9.86,248.57,47,Wallet,Delivered,3.3,Ravi
702735,1/18/2026,Surat,Food Fiesta,Pizza,Veg Supreme,4,354.07,30.95,48.74,69.27,1503.34,22,Wallet,Delivered,4.9,Suresh
702736,4/18/2025,Rajkot,Biryani Express,Dessert,Brownie,5,328.12,42.67,29.85,79.9,1707.68,66,Card,Delivered,5,Suresh
702737,3/15/2026,Rajkot,Food Fiesta,Dessert,Brownie,2,205.17,55.03,51.07,17.77,424.15,38,Card,Delivered,4.6,Suresh
702738,7/10/2025,Ahmedabad,Pizza Corner,South Indian,Idli,4,170.66,69.75,58.5,30.64,702.03,69,Card,Cancelled,,Suresh
702739,7/20/2025,Surat,Pizza Corner,Pizza,Veg Supreme,1,266.68,49.09,38.94,10.88,267.41,57,UPI,Cancelled,,Ravi
702740,10/16/2025,Jaipur,Urban Tadka,Dessert,Brownie,2,219.56,54.98,33.1,19.21,436.45,30,UPI,Delivered,4.7,Ravi
702741,6/25/2026,Ahmedabad,Food Fiesta,Burger,Paneer Burger,3,365.36,1.56,48.77,54.73,1198.02,74,Cash,Delivered,4.5,Karan
702742,8/18/2025,Rajkot,Pizza Corner,Biryani,Veg Biryani,2,217.27,14.46,51.2,21,492.28,35,Wallet,Cancelled,,Neha
702743,7/5/2025,Surat,Spice Hub,North Indian,Dal Makhani,3,323.58,71.2,57.17,44.98,1001.69,23,Wallet,Delivered,4.2,Suresh
702744,1/3/2026,Ahmedabad,Burger House,Burger,Cheese Burger,2,209.56,38.21,50.48,19.05,450.44,62,Wallet,Cancelled,,Karan
702745,6/18/2025,Surat,Urban Tadka,Burger,Paneer Burger,3,81.8,1.69,24.19,12.19,280.09,60,Card,Delivered,3.4,Amit
702746,10/7/2025,Surat,South Treat,Chinese,Fried Rice,1,367.95,61.56,48.53,15.32,370.24,34,Card,Delivered,4.4,Amit
702747,4/7/2026,Surat,Biryani Express,Pizza,Veg Supreme,5,83.62,62.87,35.2,17.76,408.19,72,Wallet,Cancelled,,Karan
702748,4/9/2026,Mumbai,South Treat,Chinese,Fried Rice,2,354.38,7.14,56.36,35.08,793.06,64,Card,Delivered,4.3,Karan
702749,12/3/2025,Ahmedabad,Chinese Wok,Beverages,Cold Coffee,5,210.67,67.73,20.44,49.28,1055.34,21,Card,Delivered,3.1,Neha
702750,5/1/2026,Rajkot,Biryani Express,Biryani,Veg Biryani,4,290.32,22.67,20.04,56.93,1215.58,20,Cash,Delivered,3.3,Amit
702751,6/17/2026,Rajkot,Urban Tadka,South Indian,Idli,4,275.03,8.84,56.6,54.56,1202.44,67,Wallet,Delivered,4.9,Karan
702752,1/28/2026,Surat,South Treat,South Indian,Uttapam,4,388.13,72.3,59.46,74.01,1613.69,40,UPI,Delivered,4.9,Karan
702753,4/8/2026,Jaipur,Food Fiesta,Biryani,Paneer Biryani,1,321.62,0.19,32.57,16.07,370.07,24,UPI,Delivered,3.9,Vikas
702754,5/30/2026,Vadodara,Pizza Corner,Burger,Veg Burger,5,317.4,73.67,51.67,75.67,1640.67,64,Cash,Delivered,3.5,Amit
702755,9/26/2025,Surat,Burger House,Biryani,Veg Biryani,2,137.91,36.86,57.18,11.95,308.09,54,UPI,Delivered,3.1,Ravi
702756,3/13/2026,Vadodara,South Treat,Pizza,Margherita,1,341.43,54.65,44.73,14.34,345.85,73,Cash,Delivered,4.2,Ravi
702757,12/17/2025,Mumbai,Burger House,Dessert,Ice Cream,1,107.19,68.39,28.72,1.94,69.46,28,Card,Delivered,4,Ravi
702758,2/3/2026,Rajkot,South Treat,Burger,Paneer Burger,2,178.41,47.84,32.09,15.45,356.52,73,UPI,Cancelled,,Karan
702759,2/1/2026,Gandhinagar,Spice Hub,Burger,Veg Burger,3,363.72,30.83,56,53.02,1169.35,44,Wallet,Delivered,4.1,Vikas
702760,7/26/2025,Gandhinagar,Pizza Corner,North Indian,Dal Makhani,3,340.06,46.64,53.53,48.68,1075.75,40,Wallet,Delivered,4.5,Vikas
702761,5/17/2025,Pune,Chinese Wok,South Indian,Masala Dosa,3,203.57,12.28,44.22,29.92,672.57,50,Wallet,Cancelled,,Neha
702762,4/3/2025,Gandhinagar,Biryani Express,Burger,Cheese Burger,3,162.53,73.21,44.97,20.72,480.07,44,Wallet,Delivered,4.4,Suresh
702763,2/2/2026,Rajkot,Spice Hub,Dessert,Gulab Jamun,1,112.07,25.68,33.65,4.32,124.36,70,Cash,Delivered,3.9,Neha
702764,11/2/2025,Ahmedabad,Chinese Wok,Dessert,Ice Cream,4,164.1,37.91,24.34,30.92,673.75,52,Wallet,Cancelled,,Neha
702765,8/15/2025,Vadodara,South Treat,Beverages,Fresh Juice,5,254.09,75.43,48.43,59.75,1303.2,21,Cash,Delivered,4,Neha
702766,9/26/2025,Vadodara,Burger House,Burger,Paneer Burger,5,195.33,50.91,44.17,46.29,1016.2,75,Card,Cancelled,,Amit
702767,3/8/2026,Jaipur,Pizza Corner,Biryani,Paneer Biryani,1,283.97,15.32,41.55,13.43,323.63,58,UPI,Cancelled,,Vikas
702768,3/20/2026,Rajkot,Pizza Corner,Dessert,Ice Cream,3,364.25,78.8,40.89,50.7,1105.54,33,Card,Delivered,3.1,Suresh
702769,12/24/2025,Mumbai,Spice Hub,Pizza,Farmhouse,4,170.48,48.18,35.01,31.69,700.44,25,Cash,Delivered,4.8,Priya
702770,2/9/2025,Gandhinagar,Food Fiesta,Pizza,Farmhouse,4,362.45,65.07,35.52,69.24,1489.49,47,Wallet,Delivered,4.9,Amit
702771,9/28/2025,Pune,Pizza Corner,Biryani,Hyderabadi Veg,3,88.58,15.96,21.56,12.49,283.83,63,Card,Cancelled,,Priya
702772,7/22/2025,Rajkot,Chinese Wok,Pizza,Veg Supreme,5,371.75,62.38,50.68,89.82,1936.87,20,Card,Delivered,3.8,Suresh
702773,5/27/2025,Mumbai,Spice Hub,Beverages,Fresh Juice,4,241.4,41.09,52.47,46.23,1023.21,36,Card,Cancelled,,Vikas
702774,4/7/2026,Jaipur,South Treat,Pizza,Margherita,1,158.45,26.22,52.97,6.61,191.81,47,UPI,Delivered,4.7,Suresh
702775,10/2/2025,Pune,South Treat,Chinese,Manchurian,1,316.69,30.08,24.86,14.33,325.8,70,Cash,Delivered,4.7,Neha
702776,9/7/2025,Gandhinagar,Pizza Corner,Beverages,Fresh Juice,3,127.54,16.89,23.26,18.29,407.28,61,Wallet,Delivered,3.4,Rahul
702777,3/7/2025,Gandhinagar,Biryani Express,Biryani,Veg Biryani,4,267.12,42.05,38.15,51.32,1115.9,61,Wallet,Delivered,4.2,Ravi
702778,11/19/2025,Mumbai,Spice Hub,Chinese,Fried Rice,2,188.18,44.14,37.34,16.61,386.17,28,Cash,Cancelled,,Neha
702779,7/22/2025,Vadodara,Pizza Corner,Biryani,Paneer Biryani,2,306.44,70.91,22.4,27.1,591.47,22,Wallet,Delivered,4.5,Neha
702780,10/23/2025,Rajkot,South Treat,North Indian,Naan Combo,5,317,10.7,31.84,78.72,1684.86,40,Card,Delivered,4.9,Amit
702781,5/1/2025,Gandhinagar,Food Fiesta,North Indian,Paneer Butter Masala,2,269.71,48.7,55.18,24.54,570.44,52,Card,Cancelled,,Vikas
702782,10/8/2025,Rajkot,Spice Hub,Chinese,Manchurian,1,369.33,14.37,26.64,17.75,399.35,29,Wallet,Delivered,3.7,Rahul
702783,12/3/2025,Gandhinagar,Biryani Express,Dessert,Brownie,1,247.74,39.67,58.2,10.4,276.67,26,Cash,Cancelled,,Amit
702784,3/22/2026,Rajkot,Food Fiesta,Burger,Paneer Burger,3,389.62,44.47,24.29,56.22,1204.9,55,Card,Cancelled,,Priya
702785,7/23/2025,Ahmedabad,Urban Tadka,Beverages,Lassi,1,97.95,28.11,23.07,3.49,96.4,66,Cash,Delivered,4.7,Suresh
702786,4/14/2025,Jaipur,Chinese Wok,North Indian,Paneer Butter Masala,5,100.42,72.88,36.7,21.46,487.38,25,UPI,Delivered,3.1,Vikas
702787,2/4/2026,Pune,Urban Tadka,Biryani,Paneer Biryani,4,113.28,74.62,57.46,18.93,454.89,58,Cash,Delivered,3.4,Karan
702788,10/15/2025,Rajkot,South Treat,Burger,Paneer Burger,1,258.4,53.61,28.18,10.24,243.21,23,Cash,Delivered,4.7,Ravi
702789,4/29/2025,Jaipur,Burger House,South Indian,Masala Dosa,4,103.45,75.91,55.31,16.89,410.09,70,Card,Delivered,4.8,Vikas
702790,4/7/2026,Ahmedabad,Chinese Wok,Biryani,Hyderabadi Veg,3,395.54,57.95,34.67,56.43,1219.77,19,Cash,Delivered,4.2,Rahul
702791,5/7/2026,Surat,Food Fiesta,Chinese,Fried Rice,3,330.69,45.61,51.73,47.32,1045.51,61,Card,Delivered,4,Amit
702792,4/4/2025,Mumbai,Pizza Corner,Beverages,Fresh Juice,3,280.6,28.01,44.98,40.69,899.46,35,Cash,Cancelled,,Vikas
702793,7/14/2025,Pune,Burger House,Pizza,Veg Supreme,2,208.63,41.73,36.67,18.78,430.98,22,Card,Delivered,3.9,Ravi
702794,1/13/2025,Ahmedabad,Pizza Corner,Pizza,Margherita,2,85.24,25.78,40.4,7.23,192.33,48,Card,Delivered,3.1,Suresh
702795,6/6/2025,Vadodara,Chinese Wok,Biryani,Paneer Biryani,5,94.87,20.41,59.64,22.7,536.28,16,UPI,Delivered,4.5,Neha
702796,1/3/2026,Rajkot,Chinese Wok,Dessert,Gulab Jamun,3,133.18,0.31,27.36,19.96,446.55,51,Cash,Delivered,4.2,Karan
702797,12/26/2025,Mumbai,Food Fiesta,Biryani,Hyderabadi Veg,1,294.64,26.24,26.7,13.42,308.52,69,Cash,Delivered,4.4,Ravi
702798,2/16/2025,Surat,South Treat,Pizza,Veg Supreme,1,277.76,1.58,22.35,13.81,312.34,54,Cash,Delivered,4.4,Neha
702799,10/28/2025,Ahmedabad,Pizza Corner,Biryani,Paneer Biryani,4,119.06,76.44,37.24,19.99,457.03,21,Cash,Delivered,3.3,Vikas
702800,4/27/2026,Vadodara,Food Fiesta,Chinese,Manchurian,5,377.2,18.82,59.77,93.36,2020.31,35,Card,Delivered,3.8,Suresh
702801,7/31/2025,Mumbai,Urban Tadka,Chinese,Fried Rice,1,113.1,29.56,58.53,4.18,146.25,46,Wallet,Delivered,4.5,Amit
702802,6/21/2026,Pune,Pizza Corner,Dessert,Gulab Jamun,5,365.97,40.12,47.57,89.49,1926.79,55,Cash,Cancelled,,Suresh
702803,5/19/2026,Vadodara,South Treat,Biryani,Veg Biryani,4,337.18,66.74,47.58,64.1,1393.66,25,UPI,Cancelled,,Ravi
702804,12/7/2025,Vadodara,Urban Tadka,Dessert,Ice Cream,1,384.15,58.45,31.02,16.29,373.01,19,Card,Delivered,4.8,Ravi
702805,6/8/2026,Rajkot,Food Fiesta,Beverages,Cold Coffee,1,126.42,33.66,23,4.64,120.4,50,UPI,Delivered,3.7,Suresh
702806,4/12/2026,Surat,Food Fiesta,Pizza,Veg Supreme,4,144.76,48.97,50.57,26.5,607.14,31,Cash,Delivered,4.4,Karan
702807,2/16/2025,Vadodara,Chinese Wok,North Indian,Dal Makhani,3,360.52,12.49,45.68,53.45,1168.2,52,UPI,Delivered,3.4,Priya
702808,10/18/2025,Jaipur,South Treat,South Indian,Idli,1,177.24,37.3,45.22,7,192.16,57,Wallet,Delivered,3.3,Vikas
702809,6/5/2025,Surat,Urban Tadka,Burger,Cheese Burger,3,210.68,25.71,45.69,30.32,682.34,50,Cash,Delivered,3.9,Vikas
702810,9/13/2025,Jaipur,Pizza Corner,Burger,Paneer Burger,5,110.3,55,41.6,24.83,562.93,63,Wallet,Delivered,4.9,Ravi
702811,2/15/2025,Mumbai,Urban Tadka,Dessert,Brownie,1,296.65,57.48,28.82,11.96,279.95,22,Card,Delivered,4.1,Rahul
702812,8/4/2025,Vadodara,Burger House,Dessert,Gulab Jamun,4,335.77,46.9,43.77,64.81,1404.76,53,Wallet,Delivered,4.7,Vikas
702813,12/29/2025,Pune,Chinese Wok,South Indian,Idli,2,142.17,7.18,36,13.86,327.02,46,Wallet,Cancelled,,Amit
702814,12/28/2025,Pune,Urban Tadka,North Indian,Paneer Butter Masala,1,255.08,49.17,40.21,10.3,256.42,74,Cash,Cancelled,,Amit
702815,6/6/2026,Surat,South Treat,Burger,Paneer Burger,5,161.36,51.19,28.02,37.78,821.41,70,Wallet,Delivered,3.5,Priya
702816,6/25/2026,Pune,Pizza Corner,South Indian,Uttapam,3,178.66,52.47,58.55,24.18,566.24,46,Card,Delivered,4.1,Suresh
702817,12/29/2025,Rajkot,Food Fiesta,Burger,Paneer Burger,2,242.76,30.02,38.18,22.78,516.46,41,Wallet,Delivered,3.1,Ravi
702818,6/12/2025,Jaipur,Urban Tadka,Dessert,Brownie,1,246.86,72.88,20.74,8.7,203.42,51,UPI,Delivered,3.2,Vikas
702819,3/3/2026,Jaipur,Pizza Corner,Burger,Paneer Burger,4,273.2,19.94,54.54,53.64,1181.04,17,Wallet,Delivered,3.8,Karan
702820,1/19/2025,Jaipur,Food Fiesta,South Indian,Uttapam,1,148.91,2.12,52.87,7.34,207,20,Wallet,Cancelled,,Neha
702821,6/23/2025,Ahmedabad,Burger House,South Indian,Uttapam,2,117.29,61.54,41.83,8.65,223.52,71,Wallet,Delivered,4.7,Amit
702822,4/14/2025,Gandhinagar,Biryani Express,Burger,Veg Burger,1,293.82,49.93,26.86,12.19,282.94,37,UPI,Delivered,3.7,Priya
702823,5/3/2025,Jaipur,Food Fiesta,Beverages,Lassi,5,329.48,13.15,37.11,81.71,1753.07,40,Wallet,Cancelled,,Neha
702824,8/8/2025,Surat,Urban Tadka,Biryani,Hyderabadi Veg,5,125.24,48.51,52.96,28.88,659.53,55,Wallet,Delivered,4.3,Suresh
702825,7/17/2025,Mumbai,Chinese Wok,Beverages,Cold Coffee,3,288.67,79.73,25.42,39.31,851.01,51,Card,Delivered,4.9,Ravi
702826,3/9/2025,Ahmedabad,Burger House,Biryani,Veg Biryani,5,350.08,76.74,57.91,83.68,1815.25,42,Wallet,Delivered,4.3,Amit
702827,5/28/2026,Jaipur,Biryani Express,Burger,Paneer Burger,4,294.69,76.22,35.67,55.13,1193.34,72,Wallet,Cancelled,,Rahul
702828,3/4/2025,Ahmedabad,Pizza Corner,Burger,Veg Burger,1,157.7,28.87,56.43,6.44,191.7,31,Card,Cancelled,,Neha
702829,12/31/2025,Surat,Biryani Express,Dessert,Gulab Jamun,3,100.16,54.4,36.9,12.3,295.28,63,Cash,Delivered,5,Suresh
702830,4/14/2025,Vadodara,Pizza Corner,Chinese,Noodles,1,137.86,73.79,38.12,3.2,105.39,56,Wallet,Delivered,3.5,Priya
702831,10/12/2025,Jaipur,South Treat,Pizza,Veg Supreme,3,94.2,41.76,43.91,12.04,296.79,38,UPI,Delivered,3.3,Karan
702832,5/17/2025,Rajkot,Food Fiesta,Chinese,Manchurian,2,346.39,23.84,23.95,33.45,726.34,57,Card,Delivered,3.9,Karan
702833,2/22/2026,Gandhinagar,Food Fiesta,Burger,Paneer Burger,2,174.93,74.5,23.09,13.77,312.22,45,Card,Delivered,4.9,Amit
702834,10/13/2025,Vadodara,Biryani Express,North Indian,Paneer Butter Masala,2,252,75.84,52.02,21.41,501.59,74,Cash,Delivered,3.1,Ravi
702835,12/20/2025,Surat,Burger House,Dessert,Brownie,3,388.66,49.97,44.05,55.8,1215.86,60,Card,Cancelled,,Karan
702836,4/30/2025,Vadodara,South Treat,Beverages,Lassi,5,84.99,4.43,35.03,21.03,476.58,75,UPI,Delivered,3.3,Vikas
702837,8/13/2025,Jaipur,Biryani Express,North Indian,Paneer Butter Masala,5,170.91,71.58,28.49,39.15,850.61,43,Wallet,Cancelled,,Ravi
702838,12/11/2025,Gandhinagar,Food Fiesta,North Indian,Dal Makhani,5,324.3,0.57,21.53,81.05,1723.51,22,Card,Delivered,4.5,Amit
702839,6/14/2026,Jaipur,Pizza Corner,Chinese,Fried Rice,1,169.96,43.8,56.85,6.31,189.32,24,Cash,Cancelled,,Rahul
702840,10/31/2025,Ahmedabad,Pizza Corner,South Indian,Uttapam,3,101.84,58.72,37.85,12.34,296.99,55,Card,Cancelled,,Rahul
702841,4/6/2026,Ahmedabad,Chinese Wok,Beverages,Lassi,5,139.81,45.22,59.99,32.69,746.51,38,Cash,Cancelled,,Rahul
702842,2/13/2026,Vadodara,South Treat,Chinese,Noodles,1,382.88,75.12,56.46,15.39,379.61,25,Cash,Delivered,4.5,Vikas
702843,5/17/2025,Vadodara,Pizza Corner,Beverages,Fresh Juice,5,372.04,0.78,50.76,92.97,2003.15,60,Wallet,Delivered,3.3,Suresh
702844,1/18/2025,Pune,Chinese Wok,Biryani,Hyderabadi Veg,1,263.67,59.68,31.66,10.2,245.85,41,Wallet,Delivered,3.7,Amit
702845,6/20/2025,Ahmedabad,Burger House,Beverages,Lassi,1,237.76,22.31,52.14,10.77,278.36,56,UPI,Delivered,4.3,Rahul
702846,4/15/2025,Gandhinagar,Chinese Wok,South Indian,Uttapam,1,105.42,54.44,46.19,2.55,99.72,67,Cash,Cancelled,,Amit
702847,10/19/2025,Surat,South Treat,Dessert,Gulab Jamun,4,165.36,18.6,31.6,32.14,706.58,21,UPI,Delivered,3.8,Neha
702848,8/12/2025,Rajkot,Pizza Corner,Chinese,Noodles,1,392.91,4.75,34.66,19.41,442.23,50,Cash,Cancelled,,Rahul
702849,12/9/2025,Mumbai,South Treat,Burger,Cheese Burger,2,385.07,56.07,37.22,35.7,786.99,41,Card,Delivered,4.7,Vikas
702850,6/4/2026,Pune,Urban Tadka,North Indian,Naan Combo,5,297.96,15.3,44.19,73.73,1592.42,52,UPI,Delivered,3.9,Priya
702851,11/7/2025,Rajkot,Pizza Corner,Chinese,Fried Rice,1,105.19,23.03,43.26,4.11,129.53,25,UPI,Delivered,3.8,Suresh
702852,11/2/2025,Mumbai,Urban Tadka,Dessert,Gulab Jamun,5,107.45,65.37,21.03,23.59,516.5,39,Card,Cancelled,,Suresh
702853,6/9/2026,Vadodara,Biryani Express,Burger,Veg Burger,3,229.34,17.85,24.31,33.51,727.99,49,Card,Delivered,3.8,Neha
702854,6/9/2025,Surat,South Treat,Biryani,Paneer Biryani,4,288.35,77.56,27.68,53.79,1157.31,35,Wallet,Delivered,4.7,Amit
702855,11/15/2025,Surat,Biryani Express,Chinese,Fried Rice,1,298.32,52.79,48.63,12.28,306.44,32,UPI,Delivered,3.8,Vikas
702856,8/31/2025,Pune,Burger House,Dessert,Brownie,2,225.29,9.76,49.3,22.04,512.16,46,Wallet,Cancelled,,Karan
702857,8/26/2025,Jaipur,Burger House,North Indian,Naan Combo,1,376.17,78.19,40.65,14.9,353.53,42,UPI,Delivered,3.2,Neha
702858,4/17/2026,Rajkot,Food Fiesta,Pizza,Farmhouse,4,82.08,28.93,54.19,14.97,368.55,54,Card,Delivered,4.5,Priya
702859,12/31/2025,Vadodara,Food Fiesta,North Indian,Naan Combo,2,309.05,9.22,42.58,30.44,681.9,61,Card,Delivered,3.4,Karan
702860,4/30/2026,Gandhinagar,Burger House,Dessert,Brownie,5,247.88,50.75,42.05,59.43,1290.13,71,UPI,Cancelled,,Neha
702861,9/3/2025,Vadodara,Food Fiesta,North Indian,Naan Combo,4,150.6,47.34,40.7,27.75,623.51,61,Wallet,Delivered,4.9,Ravi
702862,6/13/2025,Surat,Biryani Express,Biryani,Veg Biryani,4,269.63,63.5,22.51,50.75,1088.28,61,Cash,Delivered,3.3,Rahul
702863,10/12/2025,Mumbai,Spice Hub,Biryani,Hyderabadi Veg,4,341.05,29.74,48.64,66.72,1449.82,28,Cash,Cancelled,,Suresh
702864,3/23/2026,Vadodara,South Treat,North Indian,Paneer Butter Masala,5,319.21,80,26.56,75.8,1618.41,27,Cash,Delivered,4.1,Amit
702865,12/25/2025,Ahmedabad,Urban Tadka,Burger,Cheese Burger,2,163.03,43.79,54.6,14.11,350.98,38,UPI,Cancelled,,Karan
702866,3/9/2026,Gandhinagar,Chinese Wok,Beverages,Lassi,1,277.88,9.95,27.01,13.4,308.34,74,Cash,Cancelled,,Vikas
702867,3/7/2025,Jaipur,Biryani Express,North Indian,Dal Makhani,5,206.61,1.03,57.24,51.6,1140.86,72,Cash,Delivered,3.6,Karan
702868,10/1/2025,Gandhinagar,Biryani Express,South Indian,Masala Dosa,4,338.59,6.14,57.02,67.41,1472.65,35,Cash,Delivered,4.9,Priya
702869,12/19/2025,Mumbai,Spice Hub,Beverages,Cold Coffee,1,323.7,46.68,55.94,13.85,346.81,30,Cash,Delivered,4.2,Karan
702870,5/11/2026,Ahmedabad,Biryani Express,North Indian,Dal Makhani,4,186.13,25.35,28.39,35.96,783.52,17,Cash,Delivered,4.7,Amit
702871,2/6/2026,Vadodara,Spice Hub,Beverages,Cold Coffee,3,370.11,20.32,37.39,54.5,1181.9,51,Wallet,Cancelled,,Amit
702872,3/16/2025,Jaipur,Food Fiesta,North Indian,Paneer Butter Masala,3,174.82,53.94,50.68,23.53,544.73,58,Cash,Delivered,4,Suresh
702873,3/2/2026,Jaipur,Burger House,Chinese,Fried Rice,2,198.79,64.87,30.72,16.64,380.07,65,UPI,Delivered,3.8,Amit
702874,3/30/2025,Vadodara,Pizza Corner,Biryani,Hyderabadi Veg,3,340.78,38.48,56.3,49.19,1089.35,38,Wallet,Delivered,4.2,Neha
702875,9/28/2025,Jaipur,Chinese Wok,Beverages,Fresh Juice,4,327.18,31.72,26.55,63.85,1367.4,17,Cash,Cancelled,,Amit
702876,4/18/2025,Rajkot,Spice Hub,Dessert,Ice Cream,3,238.3,57.11,40.11,32.89,730.79,42,Cash,Delivered,4.1,Rahul
702877,9/26/2025,Pune,Spice Hub,Burger,Cheese Burger,5,159.02,38.44,57.88,37.83,852.37,74,Card,Cancelled,,Amit
702878,6/4/2026,Rajkot,Pizza Corner,Biryani,Paneer Biryani,2,241.36,6.43,56.56,23.81,556.66,60,Wallet,Cancelled,,Amit
702879,7/2/2025,Gandhinagar,Burger House,Dessert,Ice Cream,4,102.57,59.46,57.76,17.54,426.12,57,UPI,Cancelled,,Priya
702880,2/17/2025,Pune,Chinese Wok,Burger,Veg Burger,4,182.17,30.42,54.17,34.91,787.34,26,Wallet,Cancelled,,Ravi
702881,10/28/2025,Ahmedabad,Pizza Corner,Beverages,Fresh Juice,5,130.88,69.44,44.65,29.25,658.86,51,Wallet,Delivered,3.4,Rahul
702882,5/21/2026,Gandhinagar,Pizza Corner,Chinese,Manchurian,5,351.84,58.01,22.29,85.06,1808.54,17,Wallet,Cancelled,,Priya
702883,4/19/2026,Mumbai,Chinese Wok,South Indian,Idli,2,340.55,38.86,36.53,32.11,710.88,72,Wallet,Cancelled,,Amit
702884,9/24/2025,Gandhinagar,Spice Hub,Dessert,Brownie,2,331.08,36.09,25.06,31.3,682.43,67,Cash,Delivered,4.8,Vikas
702885,3/3/2026,Gandhinagar,Food Fiesta,Beverages,Lassi,3,107.02,4.75,36.49,15.82,368.62,41,Card,Delivered,3.9,Vikas
702886,1/10/2025,Rajkot,South Treat,Burger,Paneer Burger,1,223.36,18.83,39.08,10.23,253.84,22,Cash,Delivered,3.9,Ravi
702887,6/5/2025,Pune,Pizza Corner,Beverages,Lassi,1,99.69,52.27,37.85,2.37,87.64,67,Cash,Delivered,3.2,Vikas
702888,2/6/2025,Pune,Pizza Corner,Dessert,Gulab Jamun,3,128.91,75.51,21.54,15.56,348.32,16,Wallet,Delivered,4.2,Suresh
702889,3/25/2026,Gandhinagar,Urban Tadka,North Indian,Dal Makhani,4,219.2,47.83,48.67,41.45,919.09,65,Card,Delivered,5,Suresh
702890,2/25/2026,Ahmedabad,Spice Hub,Dessert,Brownie,5,272.29,42.9,32.54,65.93,1417.02,25,UPI,Delivered,4.8,Vikas
702891,9/7/2025,Pune,Spice Hub,Burger,Cheese Burger,2,268.37,27.11,21.01,25.48,556.12,68,Card,Delivered,3.9,Ravi
702892,2/20/2026,Gandhinagar,Food Fiesta,Chinese,Noodles,2,173.92,43.06,48.8,15.24,368.82,63,Cash,Delivered,3.8,Amit
702893,8/18/2025,Pune,Chinese Wok,South Indian,Masala Dosa,4,84.48,18.44,57.66,15.97,393.11,51,Cash,Delivered,4.6,Priya
702894,9/23/2025,Vadodara,Biryani Express,Dessert,Brownie,1,314.09,44.26,48.17,13.49,331.49,52,Cash,Cancelled,,Vikas
702895,11/27/2025,Gandhinagar,Urban Tadka,Dessert,Ice Cream,5,112.25,56.74,41.06,25.23,570.8,66,Card,Delivered,3.8,Rahul
702896,9/1/2025,Rajkot,South Treat,South Indian,Idli,1,240.35,62.24,21.41,8.91,208.43,33,UPI,Cancelled,,Karan
702897,7/2/2025,Pune,Burger House,Dessert,Gulab Jamun,2,313.16,57.76,41.68,28.43,638.67,30,UPI,Delivered,4.1,Rahul
702898,12/14/2025,Ahmedabad,Pizza Corner,Chinese,Noodles,1,293.68,64.64,31.12,11.45,271.61,65,Wallet,Delivered,3.1,Vikas
702899,12/21/2025,Surat,Chinese Wok,Beverages,Fresh Juice,1,175.72,15.93,39.04,7.99,206.82,74,Cash,Delivered,3,Suresh
702900,3/13/2025,Vadodara,Urban Tadka,Dessert,Brownie,2,84.32,13.8,45.21,7.74,207.79,22,Card,Delivered,4.5,Suresh
702901,12/29/2025,Rajkot,Biryani Express,Beverages,Cold Coffee,3,268.14,4.57,38.4,39.99,878.24,51,Card,Delivered,4.4,Ravi
702902,12/26/2025,Gandhinagar,Chinese Wok,South Indian,Uttapam,5,134.49,70.81,24.67,30.08,656.39,57,Cash,Delivered,4.9,Vikas
702903,4/17/2026,Surat,Biryani Express,Biryani,Paneer Biryani,5,286.98,48.79,49.54,69.31,1504.96,39,Cash,Delivered,3.9,Karan
702904,10/31/2025,Gandhinagar,South Treat,Chinese,Fried Rice,4,179.79,73.78,24.69,32.27,702.34,25,Card,Delivered,4.9,Neha
702905,11/7/2025,Pune,Spice Hub,Dessert,Gulab Jamun,4,109.61,79.65,59.97,17.94,436.7,19,Cash,Delivered,3.9,Ravi
702906,2/19/2026,Surat,Food Fiesta,Biryani,Paneer Biryani,2,251.81,74.71,32.24,21.45,482.6,74,Cash,Cancelled,,Neha
702907,3/31/2026,Jaipur,Chinese Wok,North Indian,Paneer Butter Masala,5,370.17,41.73,44.68,90.46,1944.26,69,UPI,Delivered,4.7,Ravi
702908,4/6/2026,Gandhinagar,South Treat,North Indian,Dal Makhani,3,100.33,27.65,40.86,13.67,327.87,54,Wallet,Delivered,3.8,Rahul
702909,12/14/2025,Surat,Food Fiesta,Chinese,Noodles,3,180.27,3.89,24.05,26.85,587.82,62,Wallet,Cancelled,,Priya
702910,10/19/2025,Pune,Burger House,Chinese,Fried Rice,2,97.21,44.75,25.37,7.48,182.52,65,Wallet,Cancelled,,Priya
702911,4/18/2026,Jaipur,South Treat,Dessert,Brownie,1,271.12,40.01,55.04,11.56,297.71,66,Cash,Delivered,3.4,Suresh
702912,12/21/2025,Jaipur,Chinese Wok,Chinese,Noodles,2,208.28,12.4,59.63,20.21,484,47,UPI,Cancelled,,Rahul
702913,2/26/2025,Mumbai,Urban Tadka,Burger,Veg Burger,4,176.51,76.86,42.79,31.46,703.43,73,Cash,Delivered,3.5,Priya
702914,12/28/2025,Mumbai,Chinese Wok,North Indian,Paneer Butter Masala,1,112.51,47.52,27.84,3.25,96.08,47,UPI,Delivered,3.8,Suresh
702915,8/28/2025,Mumbai,Biryani Express,Chinese,Noodles,3,356.48,57.44,49.16,50.6,1111.76,58,Card,Delivered,3,Ravi
702916,5/26/2026,Jaipur,Burger House,Chinese,Fried Rice,4,386.3,17.91,22.98,76.36,1626.63,72,Cash,Delivered,4.1,Suresh
702917,11/27/2025,Surat,Food Fiesta,Chinese,Manchurian,3,358.19,18.27,27.1,52.81,1136.21,19,Cash,Cancelled,,Rahul
702918,9/4/2025,Jaipur,Pizza Corner,Dessert,Ice Cream,2,305.52,56.54,57.01,27.73,639.24,41,Cash,Cancelled,,Karan
702919,3/18/2025,Vadodara,Food Fiesta,Burger,Veg Burger,5,175.87,43.84,52.52,41.78,929.81,42,UPI,Delivered,3.1,Ravi
702920,11/26/2025,Ahmedabad,Urban Tadka,Burger,Veg Burger,4,191.25,75.12,42,34.49,766.37,74,Cash,Cancelled,,Rahul
702921,11/11/2025,Gandhinagar,Chinese Wok,Chinese,Fried Rice,1,172.58,24.7,52.42,7.39,207.69,19,Cash,Delivered,4.2,Priya
702922,3/28/2026,Ahmedabad,Biryani Express,Pizza,Veg Supreme,1,175.53,76.05,39.88,4.97,144.33,43,Card,Delivered,3.6,Vikas
702923,3/5/2025,Jaipur,Burger House,South Indian,Uttapam,3,310.19,21.39,27.94,45.46,982.58,48,Cash,Delivered,4.1,Karan
702924,3/31/2025,Pune,South Treat,Pizza,Margherita,4,345.07,24.94,30.85,67.77,1453.96,29,Wallet,Delivered,4.1,Amit
702925,4/10/2025,Mumbai,Food Fiesta,North Indian,Paneer Butter Masala,2,291.28,30.57,29,27.6,608.59,26,Cash,Delivered,3.3,Suresh
702926,5/28/2025,Gandhinagar,Pizza Corner,Dessert,Brownie,5,366.09,78.4,27.72,87.6,1867.37,33,UPI,Delivered,3.2,Rahul
702927,12/21/2025,Mumbai,Spice Hub,Dessert,Ice Cream,5,148.9,36.65,32.63,35.39,775.87,33,Cash,Delivered,3.9,Neha
702928,5/1/2025,Jaipur,Biryani Express,South Indian,Idli,1,175.76,28.02,24.33,7.39,179.46,70,Cash,Cancelled,,Priya
702929,1/9/2025,Jaipur,Biryani Express,Burger,Paneer Burger,1,274.57,31.88,25.86,12.13,280.68,68,Cash,Delivered,4,Vikas
702930,10/23/2025,Surat,Urban Tadka,Chinese,Manchurian,2,268.81,23.17,26.57,25.72,566.74,44,Cash,Delivered,4.1,Vikas
702931,6/8/2025,Mumbai,Spice Hub,Dessert,Ice Cream,2,270.09,7.08,54.58,26.65,614.33,48,Card,Delivered,3.2,Priya
702932,6/21/2026,Jaipur,Biryani Express,Beverages,Lassi,5,240.26,45.28,35.07,57.8,1248.89,69,Card,Delivered,4.2,Vikas
702933,5/15/2025,Pune,Biryani Express,Burger,Veg Burger,1,105.71,13.08,54.15,4.63,151.41,74,Wallet,Cancelled,,Suresh
702934,5/6/2025,Jaipur,Spice Hub,Burger,Veg Burger,2,83.95,46.91,22.05,6.05,149.09,51,Wallet,Delivered,3.7,Ravi
702935,12/5/2025,Pune,Burger House,Burger,Cheese Burger,5,300.34,0.21,36.97,75.07,1613.53,69,UPI,Delivered,3.8,Suresh
702936,2/28/2025,Vadodara,South Treat,Biryani,Veg Biryani,2,227.2,9.14,32.64,22.26,500.16,53,UPI,Delivered,3.1,Ravi
702937,7/22/2025,Rajkot,Chinese Wok,Chinese,Manchurian,2,317.18,22.4,34.66,30.6,677.22,23,UPI,Delivered,3.1,Suresh
702938,1/8/2026,Pune,Spice Hub,North Indian,Dal Makhani,3,318.4,45.18,26.09,45.5,981.61,65,Cash,Delivered,3.1,Neha
702939,3/6/2025,Vadodara,Chinese Wok,South Indian,Idli,3,351.43,2.44,54.73,52.59,1159.17,56,Cash,Delivered,3,Amit
702940,2/6/2026,Jaipur,Food Fiesta,Burger,Veg Burger,2,278.23,56.25,20.76,25.01,545.98,27,Card,Delivered,4.2,Neha
702941,11/4/2025,Gandhinagar,Chinese Wok,Beverages,Fresh Juice,2,170.45,58.27,23.25,14.13,320.01,73,Wallet,Delivered,4.7,Vikas
702942,10/18/2025,Pune,Urban Tadka,Chinese,Manchurian,4,92.32,21.56,34.78,17.39,399.89,17,UPI,Delivered,4,Ravi
702943,6/16/2026,Rajkot,Food Fiesta,Beverages,Cold Coffee,5,304.1,58.21,38.68,73.11,1574.08,66,Card,Delivered,3.5,Rahul
702944,3/7/2025,Mumbai,South Treat,Pizza,Farmhouse,4,211.49,48.05,27.89,39.9,865.7,32,Cash,Delivered,4.4,Ravi
702945,3/12/2026,Jaipur,Chinese Wok,Beverages,Cold Coffee,4,347.8,4.18,54.89,69.35,1511.26,72,Card,Delivered,4.2,Vikas
702946,9/6/2025,Rajkot,Chinese Wok,Pizza,Veg Supreme,2,253.84,28.52,54.16,23.96,557.28,63,UPI,Cancelled,,Neha
702947,11/25/2025,Mumbai,Food Fiesta,North Indian,Paneer Butter Masala,1,343.92,77.91,51.45,13.3,330.76,22,Card,Delivered,4.1,Neha
702948,8/16/2025,Ahmedabad,Pizza Corner,Beverages,Lassi,4,214.41,40.62,23.21,40.85,881.08,74,Cash,Delivered,4,Neha
702949,7/29/2025,Mumbai,Pizza Corner,Beverages,Lassi,5,374.63,6.53,53.81,93.33,2013.76,38,Cash,Cancelled,,Vikas
702950,2/22/2026,Rajkot,Biryani Express,South Indian,Idli,2,190.99,76.24,49.67,15.29,370.7,43,Card,Delivered,3.7,Vikas
702951,1/3/2026,Surat,Chinese Wok,South Indian,Uttapam,3,90.57,79.35,35.8,9.62,237.78,16,Wallet,Delivered,4.7,Neha
702952,1/19/2025,Gandhinagar,Spice Hub,Chinese,Noodles,4,236.51,24.09,43.53,46.1,1011.58,34,UPI,Delivered,4,Rahul
702953,12/7/2025,Surat,Biryani Express,North Indian,Dal Makhani,2,314.47,42.95,52.96,29.3,668.25,72,Cash,Delivered,3.8,Rahul
702954,8/3/2025,Gandhinagar,Spice Hub,Beverages,Fresh Juice,5,297.87,57.7,49.88,71.58,1553.11,52,UPI,Delivered,3.9,Priya
702955,6/8/2025,Rajkot,Burger House,South Indian,Masala Dosa,1,365.92,50.39,38.71,15.78,370.02,32,Card,Delivered,4.1,Priya
702956,7/13/2025,Pune,Chinese Wok,Burger,Paneer Burger,2,110.9,13.16,44.57,10.43,263.64,71,UPI,Cancelled,,Vikas
702957,5/20/2026,Rajkot,Biryani Express,Burger,Cheese Burger,4,366.29,29.22,59.36,71.8,1567.1,50,Cash,Delivered,3.5,Priya
702958,6/9/2026,Pune,Urban Tadka,South Indian,Masala Dosa,3,297.43,44.08,43.93,42.41,934.55,56,Card,Delivered,3.2,Ravi
702959,3/23/2026,Rajkot,Burger House,Biryani,Paneer Biryani,4,391.97,42.39,33.6,76.27,1635.36,74,Cash,Delivered,3.1,Rahul
702960,1/14/2026,Ahmedabad,Chinese Wok,Biryani,Paneer Biryani,3,292.83,45.99,22.86,41.62,896.98,32,UPI,Delivered,4.1,Rahul
702961,5/4/2026,Ahmedabad,Chinese Wok,Biryani,Paneer Biryani,2,380.34,79.7,54.24,34.05,769.27,25,UPI,Cancelled,,Amit
702962,4/22/2025,Vadodara,South Treat,Pizza,Veg Supreme,5,362.05,46.17,39.5,88.2,1891.78,16,Cash,Delivered,3.1,Neha
702963,2/24/2026,Gandhinagar,Chinese Wok,Beverages,Lassi,3,350.07,58.56,39.69,49.58,1080.92,73,UPI,Delivered,4.5,Ravi
702964,1/20/2026,Mumbai,Pizza Corner,Dessert,Ice Cream,4,233.43,35.6,50.47,44.91,993.5,56,Cash,Delivered,3.2,Amit
702965,10/25/2025,Gandhinagar,Pizza Corner,Dessert,Ice Cream,4,146.36,19.34,25.87,28.31,620.28,57,Card,Delivered,3.6,Priya
702966,4/27/2026,Ahmedabad,Chinese Wok,North Indian,Paneer Butter Masala,2,254.33,68.53,40.59,22.01,502.73,21,UPI,Delivered,3.7,Suresh
702967,6/5/2025,Ahmedabad,Burger House,Pizza,Margherita,1,321.45,2.44,39.48,15.95,374.44,24,UPI,Cancelled,,Karan
702968,4/15/2026,Gandhinagar,Pizza Corner,Chinese,Noodles,2,234.41,39.05,26.26,21.49,477.52,60,Wallet,Delivered,4.2,Neha
702969,9/11/2025,Gandhinagar,Burger House,North Indian,Paneer Butter Masala,4,254.8,14.96,39.98,50.21,1094.43,22,Wallet,Cancelled,,Suresh
702970,2/6/2026,Vadodara,South Treat,Chinese,Manchurian,3,175.07,45.06,48.03,24.01,552.19,57,UPI,Delivered,3.2,Neha
702971,4/20/2025,Gandhinagar,Pizza Corner,Chinese,Noodles,5,352.18,76.54,33.32,84.22,1801.9,74,Card,Cancelled,,Ravi
702972,1/5/2025,Surat,Burger House,North Indian,Paneer Butter Masala,3,88.42,44.51,37.46,11.04,269.25,45,Wallet,Cancelled,,Amit
702973,1/6/2026,Pune,Pizza Corner,South Indian,Idli,5,334.69,3.36,41.95,83.5,1795.54,71,UPI,Cancelled,,Karan
702974,8/28/2025,Pune,Chinese Wok,Burger,Veg Burger,5,281.17,38.35,33.81,68.38,1469.69,39,UPI,Delivered,3.8,Vikas
702975,10/3/2025,Pune,Chinese Wok,Burger,Paneer Burger,3,126.14,65.11,27.65,15.67,356.63,57,Card,Delivered,3.3,Karan
702976,12/19/2025,Mumbai,Urban Tadka,Beverages,Cold Coffee,4,150.58,1.85,51.04,30.02,681.53,29,UPI,Delivered,3.7,Ravi
702977,10/25/2025,Surat,South Treat,Dessert,Ice Cream,5,270.6,33.49,42.36,65.98,1427.85,17,UPI,Delivered,3.7,Vikas
702978,9/16/2025,Jaipur,Pizza Corner,Beverages,Fresh Juice,5,252.51,56.82,29.74,60.29,1295.76,63,Card,Cancelled,,Suresh
702979,4/16/2026,Ahmedabad,Pizza Corner,North Indian,Paneer Butter Masala,1,205.44,11.72,42.83,9.69,246.24,72,Card,Delivered,4,Karan
702980,7/15/2025,Vadodara,South Treat,Beverages,Fresh Juice,3,137.27,37.55,44.75,18.71,437.72,15,UPI,Delivered,4.1,Ravi
702981,10/23/2025,Pune,Chinese Wok,Beverages,Cold Coffee,1,105.08,23.52,24.58,4.08,110.22,30,Cash,Delivered,3.6,Karan
702982,10/1/2025,Vadodara,Spice Hub,Burger,Cheese Burger,2,359.59,6.58,33.59,35.63,781.82,39,Card,Cancelled,,Rahul
702983,10/27/2025,Ahmedabad,Food Fiesta,Beverages,Fresh Juice,5,340.33,51.62,43.7,82.5,1776.23,60,Cash,Delivered,4.1,Priya
702984,6/3/2025,Pune,Biryani Express,North Indian,Naan Combo,5,112.49,29.65,37.03,26.64,596.47,35,UPI,Delivered,4.9,Rahul
702985,2/27/2026,Vadodara,Food Fiesta,Pizza,Farmhouse,2,159.37,74.32,36.13,12.22,292.77,21,UPI,Delivered,4.6,Vikas
702986,12/31/2025,Surat,Urban Tadka,Pizza,Margherita,5,211.52,29.21,58.99,51.42,1138.8,66,Wallet,Delivered,3.9,Vikas
702987,5/26/2025,Jaipur,Pizza Corner,Burger,Cheese Burger,2,349.37,8.08,32.69,34.53,757.88,15,UPI,Delivered,3.5,Rahul
702988,12/10/2025,Rajkot,Biryani Express,Biryani,Paneer Biryani,2,150.64,47.57,27.82,12.69,294.22,62,UPI,Delivered,4.9,Priya
702989,10/29/2025,Jaipur,Burger House,Pizza,Veg Supreme,5,193.91,67.32,21.94,45.11,969.28,51,Cash,Cancelled,,Amit
702990,5/27/2025,Mumbai,Burger House,North Indian,Paneer Butter Masala,5,277.15,69.08,55.27,65.83,1437.77,37,UPI,Cancelled,,Karan
702991,9/2/2025,Vadodara,South Treat,Beverages,Cold Coffee,1,276.64,24.61,59.61,12.6,324.24,38,UPI,Delivered,3.5,Karan
702992,3/30/2026,Rajkot,Urban Tadka,North Indian,Paneer Butter Masala,5,303.54,77.63,25.43,72,1537.5,58,UPI,Cancelled,,Rahul
702993,6/7/2025,Pune,Spice Hub,Biryani,Paneer Biryani,5,179.32,75.86,56.97,41.04,918.75,56,Cash,Delivered,3.5,Vikas
702994,6/22/2025,Surat,Chinese Wok,Biryani,Paneer Biryani,3,343.26,44.02,27.6,49.29,1062.65,24,UPI,Delivered,4.6,Suresh
702995,3/17/2026,Surat,Burger House,North Indian,Dal Makhani,3,104.24,50.82,59.63,13.09,334.62,38,Cash,Delivered,3.9,Karan
702996,12/9/2025,Gandhinagar,Burger House,North Indian,Dal Makhani,5,318.6,41.29,41.04,77.59,1670.34,57,Card,Delivered,3.5,Rahul
702997,6/20/2025,Vadodara,South Treat,Burger,Paneer Burger,3,84.82,50.59,26.58,10.19,240.64,35,Card,Delivered,4.8,Amit
702998,10/9/2025,Ahmedabad,Pizza Corner,South Indian,Idli,5,294.96,43.99,37.35,71.54,1539.7,46,UPI,Delivered,4.9,Ravi
702999,2/4/2025,Vadodara,Food Fiesta,Chinese,Manchurian,2,108.79,62.56,53.64,7.75,216.41,66,Card,Delivered,4.2,Neha
703000,4/30/2026,Rajkot,Biryani Express,Pizza,Farmhouse,4,257.3,44.07,26.23,49.26,1060.62,57,Wallet,Cancelled,,Vikas
703001,3/7/2025,Surat,Urban Tadka,Dessert,Ice Cream,2,114.67,74.48,51.32,7.74,213.92,61,Wallet,Cancelled,,Karan
703002,5/13/2025,Vadodara,Burger House,Beverages,Fresh Juice,2,305.02,23.37,40.69,29.33,656.69,59,UPI,Delivered,3.5,Suresh
703003,5/4/2026,Vadodara,Chinese Wok,Dessert,Gulab Jamun,5,240.95,11.66,49.53,59.65,1302.27,38,Card,Delivered,3.5,Vikas
703004,9/3/2025,Ahmedabad,Urban Tadka,South Indian,Uttapam,2,289.77,17,34.98,28.13,625.65,28,UPI,Delivered,4.1,Ravi
703005,1/26/2026,Ahmedabad,Food Fiesta,Burger,Paneer Burger,1,301.42,15.23,40.59,14.31,341.09,57,Card,Delivered,3.9,Vikas
703006,5/21/2026,Jaipur,South Treat,Chinese,Manchurian,1,260.21,34.13,45.69,11.3,283.07,61,UPI,Cancelled,,Amit
703007,7/23/2025,Rajkot,Urban Tadka,Beverages,Lassi,4,283.02,42.1,46.73,54.5,1191.21,55,UPI,Delivered,4.3,Karan
703008,7/24/2025,Mumbai,Food Fiesta,Pizza,Margherita,3,307.34,32.07,38.02,44.5,972.47,30,Card,Delivered,4.2,Ravi
703009,8/4/2025,Pune,Spice Hub,Dessert,Ice Cream,4,114.47,14.3,26.87,22.18,492.63,56,Card,Delivered,3.2,Neha
703010,4/3/2026,Gandhinagar,Biryani Express,South Indian,Idli,5,278.33,69.12,30.29,66.13,1418.95,75,Wallet,Cancelled,,Priya
703011,5/3/2025,Mumbai,Urban Tadka,Dessert,Gulab Jamun,4,127.02,50.85,39.54,22.86,519.63,59,UPI,Delivered,3.2,Karan
703012,3/27/2026,Rajkot,Chinese Wok,Beverages,Lassi,2,150.22,10.3,38.88,14.51,343.53,17,Wallet,Delivered,4.9,Rahul
703013,12/23/2025,Gandhinagar,Biryani Express,North Indian,Dal Makhani,2,249.98,61.97,42.87,21.9,502.76,23,Wallet,Delivered,4.6,Vikas
703014,5/23/2026,Ahmedabad,Chinese Wok,Pizza,Veg Supreme,1,115.51,74.88,27.35,2.03,70.01,45,Card,Delivered,4.9,Vikas
703015,12/27/2025,Vadodara,Chinese Wok,Biryani,Veg Biryani,1,217.14,1.98,38.89,10.76,264.81,20,UPI,Cancelled,,Vikas
703016,6/5/2026,Vadodara,Pizza Corner,Dessert,Ice Cream,2,221.63,33.18,52.23,20.5,482.81,58,Card,Delivered,4.1,Rahul
703017,2/7/2026,Rajkot,Pizza Corner,Pizza,Veg Supreme,5,238.93,75.11,41.92,55.98,1217.44,38,Card,Delivered,3.5,Priya
703018,10/17/2025,Jaipur,Burger House,Biryani,Hyderabadi Veg,2,283.34,12.36,35.97,27.72,618.01,60,UPI,Cancelled,,Suresh
703019,2/3/2026,Pune,South Treat,South Indian,Uttapam,1,212.78,10.04,47.07,10.14,259.95,44,UPI,Delivered,4.7,Priya
703020,6/20/2025,Jaipur,Urban Tadka,Chinese,Fried Rice,5,296.23,53.05,20.44,71.41,1519.95,21,UPI,Delivered,3.8,Suresh
703021,5/12/2026,Ahmedabad,Burger House,Chinese,Manchurian,5,367.97,62.57,51.95,88.86,1918.09,60,Cash,Delivered,3.5,Ravi
703022,4/15/2025,Jaipur,Biryani Express,Chinese,Noodles,4,259.32,54.21,49.4,49.15,1081.62,59,Cash,Delivered,4.7,Neha
703023,5/1/2025,Vadodara,Pizza Corner,Beverages,Cold Coffee,2,276.27,62.09,34.89,24.52,549.86,25,Wallet,Delivered,3.9,Amit
703024,2/7/2026,Surat,Chinese Wok,Burger,Paneer Burger,1,86.5,39.71,41.6,2.34,90.73,49,UPI,Delivered,4.9,Karan
703025,5/9/2025,Surat,Burger House,Pizza,Margherita,3,326.03,75.8,41.34,45.11,988.74,75,Wallet,Cancelled,,Ravi
703026,12/11/2025,Vadodara,Biryani Express,North Indian,Dal Makhani,3,214.89,0.85,57.87,32.19,733.88,50,Cash,Delivered,4.4,Suresh
703027,3/12/2025,Vadodara,Urban Tadka,Burger,Cheese Burger,2,270.57,56.44,41.12,24.23,550.05,27,Card,Delivered,4.4,Amit
703028,1/5/2026,Surat,Pizza Corner,Pizza,Margherita,2,352.98,72.2,48.91,31.69,714.36,75,Wallet,Delivered,4.5,Vikas
703029,2/20/2026,Pune,Chinese Wok,Beverages,Fresh Juice,3,80.35,78.71,40.31,8.12,210.77,30,Cash,Delivered,3.3,Vikas
703030,2/4/2026,Mumbai,Chinese Wok,Burger,Paneer Burger,3,311.91,15.08,47.86,46.03,1014.54,35,Card,Delivered,4.1,Neha
703031,10/24/2025,Pune,Urban Tadka,South Indian,Masala Dosa,5,210.4,76.37,33.52,48.78,1057.93,74,UPI,Delivered,4.1,Karan
703032,12/24/2025,Mumbai,Chinese Wok,Pizza,Margherita,2,114.08,26.57,39.28,10.08,250.95,45,Card,Delivered,4.4,Ravi
703033,9/16/2025,Surat,Biryani Express,Burger,Paneer Burger,2,342.23,11.94,52.38,33.63,758.53,57,Card,Delivered,5,Neha
703034,6/10/2025,Rajkot,Pizza Corner,Dessert,Ice Cream,4,328.09,5.94,36.24,65.32,1407.98,44,Cash,Delivered,3.3,Amit
703035,7/1/2025,Ahmedabad,South Treat,North Indian,Paneer Butter Masala,2,295.99,10.91,55.2,29.05,665.32,25,Wallet,Delivered,4.6,Neha
703036,2/7/2025,Ahmedabad,Pizza Corner,Burger,Paneer Burger,5,216.95,3.43,52.65,54.07,1188.04,70,Wallet,Delivered,4.5,Amit
703037,1/25/2025,Ahmedabad,Urban Tadka,Dessert,Gulab Jamun,2,180.44,25.93,47.94,16.75,399.64,71,UPI,Delivered,4.5,Priya
703038,2/1/2025,Vadodara,Pizza Corner,South Indian,Masala Dosa,5,376.78,74.07,30.93,90.49,1931.25,54,Card,Delivered,4.2,Karan
703039,11/18/2025,Mumbai,Burger House,Chinese,Fried Rice,1,278.96,14.46,29.07,13.23,306.8,16,Wallet,Cancelled,,Suresh
703040,6/17/2026,Gandhinagar,Chinese Wok,South Indian,Uttapam,4,281.3,30.88,28.82,54.72,1177.86,56,Cash,Delivered,3.9,Karan
703041,7/17/2025,Ahmedabad,Spice Hub,North Indian,Dal Makhani,2,330.61,33.73,40.82,31.37,699.68,63,UPI,Delivered,3.5,Karan
703042,9/25/2025,Jaipur,Chinese Wok,Dessert,Gulab Jamun,5,380.65,76.71,44.53,91.33,1962.4,49,Cash,Cancelled,,Vikas
703043,1/2/2026,Mumbai,Food Fiesta,Biryani,Hyderabadi Veg,4,121.75,10.4,48.87,23.83,549.3,75,Wallet,Delivered,3.1,Priya
703044,12/10/2025,Ahmedabad,Biryani Express,North Indian,Naan Combo,4,386.62,26.19,51.15,76.01,1647.45,29,Card,Delivered,4,Amit
703045,10/31/2025,Pune,Biryani Express,Pizza,Margherita,2,364.28,51.08,49.2,33.87,760.55,60,Wallet,Delivered,4.1,Amit
703046,1/26/2025,Ahmedabad,Chinese Wok,Burger,Paneer Burger,1,268.24,25.17,51.01,12.15,306.23,32,Card,Delivered,4.5,Amit
703047,2/26/2026,Vadodara,Chinese Wok,Dessert,Ice Cream,3,103.77,67.36,49.76,12.2,305.91,19,Card,Cancelled,,Neha
703048,4/7/2026,Gandhinagar,Urban Tadka,Beverages,Fresh Juice,1,92.55,63,25.79,1.48,56.82,50,Cash,Delivered,3.8,Priya
703049,3/10/2026,Jaipur,Biryani Express,Chinese,Noodles,3,120.21,18.73,48.95,17.09,407.94,75,Cash,Delivered,4.8,Vikas
703050,6/25/2025,Rajkot,South Treat,South Indian,Uttapam,3,111.61,43.99,34.45,14.54,339.83,40,Wallet,Delivered,3.8,Suresh
703051,5/28/2026,Vadodara,Urban Tadka,South Indian,Masala Dosa,4,148.46,19.41,50.46,28.72,653.61,28,Cash,Delivered,4.1,Ravi
703052,3/24/2025,Surat,Burger House,Dessert,Ice Cream,3,86.63,14.57,50.2,12.27,307.79,65,UPI,Delivered,3.5,Priya
703053,6/13/2026,Vadodara,Chinese Wok,Pizza,Farmhouse,1,270.82,17.49,27.65,12.67,293.65,30,Card,Cancelled,,Neha
703054,3/24/2025,Pune,Urban Tadka,Pizza,Veg Supreme,2,311.21,40.06,41.59,29.12,653.07,72,UPI,Cancelled,,Suresh
703055,4/3/2025,Pune,Urban Tadka,South Indian,Uttapam,3,229.53,14.44,49.92,33.71,757.78,51,UPI,Delivered,5,Karan
703056,7/8/2025,Rajkot,Food Fiesta,South Indian,Uttapam,3,250.52,2.36,23.21,37.46,809.87,21,Cash,Delivered,3.2,Rahul
703057,6/2/2026,Rajkot,Biryani Express,Pizza,Margherita,4,272.64,62.35,34.71,51.41,1114.33,59,UPI,Cancelled,,Karan
703058,4/28/2025,Mumbai,Burger House,North Indian,Dal Makhani,1,331.75,23.09,54.16,15.43,378.25,38,Cash,Delivered,3.9,Vikas
703059,1/19/2026,Jaipur,Spice Hub,South Indian,Idli,5,240.83,28.94,57.17,58.76,1291.14,32,Cash,Delivered,3.9,Neha
703060,10/28/2025,Gandhinagar,South Treat,Burger,Veg Burger,3,392.48,1.24,41.24,58.81,1276.25,64,Cash,Cancelled,,Priya
703061,10/28/2025,Jaipur,Biryani Express,Pizza,Veg Supreme,3,392.22,76.37,27.15,55.01,1182.45,40,UPI,Cancelled,,Rahul
703062,2/13/2025,Pune,Pizza Corner,North Indian,Naan Combo,5,342.27,33.79,33.56,83.88,1795,68,UPI,Delivered,3,Vikas
703063,1/15/2025,Jaipur,Burger House,Pizza,Veg Supreme,2,212.89,78.68,57.38,17.36,421.84,63,Cash,Cancelled,,Karan
703064,2/7/2025,Rajkot,Chinese Wok,Dessert,Gulab Jamun,5,97.46,31.38,40.19,22.8,518.91,41,Cash,Delivered,4.6,Karan
703065,1/9/2026,Mumbai,Chinese Wok,Burger,Paneer Burger,2,206.93,37.45,30.18,18.82,425.41,24,Wallet,Delivered,3.6,Karan
703066,8/24/2025,Gandhinagar,Biryani Express,South Indian,Idli,5,97.56,46.41,22.66,22.07,486.12,41,Wallet,Cancelled,,Rahul
703067,11/22/2025,Pune,South Treat,Burger,Cheese Burger,5,379.03,68.74,56.1,91.32,1973.83,30,Card,Delivered,3.1,Suresh
703068,4/25/2026,Gandhinagar,South Treat,Beverages,Cold Coffee,2,219.52,20.04,26.62,20.95,466.57,25,Card,Delivered,4.5,Ravi
703069,3/7/2026,Ahmedabad,Urban Tadka,South Indian,Idli,5,149.81,25.98,37.94,36.15,797.16,61,Cash,Delivered,3.8,Vikas
703070,8/26/2025,Jaipur,Spice Hub,Chinese,Manchurian,3,348.98,36.02,53.35,50.55,1114.82,53,UPI,Delivered,4.7,Amit
703071,2/15/2026,Ahmedabad,Biryani Express,Pizza,Veg Supreme,5,368.55,26.22,33.46,90.83,1940.82,29,UPI,Cancelled,,Suresh
703072,9/30/2025,Mumbai,Burger House,Chinese,Fried Rice,3,255.82,16.42,47.94,37.55,836.53,60,Cash,Cancelled,,Neha
703073,11/18/2025,Surat,Spice Hub,Burger,Paneer Burger,5,209.02,69.13,34.88,48.8,1059.65,42,UPI,Delivered,5,Karan
703074,2/18/2026,Rajkot,Spice Hub,North Indian,Dal Makhani,1,238.75,50.47,50.15,9.41,247.84,55,Cash,Cancelled,,Neha
703075,8/7/2025,Mumbai,Burger House,North Indian,Naan Combo,5,103.62,48.22,59.97,23.49,553.34,68,Card,Delivered,3,Amit
703076,8/5/2025,Ahmedabad,Chinese Wok,Biryani,Veg Biryani,1,96.05,2.24,31.94,4.69,130.44,37,UPI,Cancelled,,Suresh
703077,9/20/2025,Surat,Biryani Express,Biryani,Paneer Biryani,3,361.28,20.05,33.13,53.19,1150.11,58,Card,Cancelled,,Amit
703078,3/21/2026,Rajkot,Pizza Corner,South Indian,Uttapam,3,383.93,15.75,41.03,56.8,1233.87,50,Cash,Delivered,3.7,Amit
703079,2/17/2026,Mumbai,Chinese Wok,Chinese,Manchurian,1,238.07,60.34,21.04,8.89,207.66,50,UPI,Delivered,3.1,Amit
703080,5/7/2026,Gandhinagar,Spice Hub,Burger,Veg Burger,4,283.39,30.61,37.53,55.15,1195.63,53,Cash,Delivered,4.3,Rahul
703081,7/4/2025,Vadodara,South Treat,Biryani,Hyderabadi Veg,2,121.59,36.6,29.87,10.33,246.78,44,Wallet,Delivered,3.4,Vikas
703082,11/28/2025,Gandhinagar,Spice Hub,Pizza,Farmhouse,3,300.22,42.96,35.06,42.89,935.65,48,Cash,Cancelled,,Ravi
703083,4/14/2026,Vadodara,Biryani Express,Pizza,Veg Supreme,1,254.28,56.2,27.41,9.9,235.39,41,UPI,Delivered,4.9,Suresh
703084,1/27/2025,Ahmedabad,Spice Hub,Biryani,Veg Biryani,4,303.56,77.81,21.97,56.82,1215.22,68,Wallet,Delivered,4,Rahul
703085,1/26/2026,Mumbai,Burger House,South Indian,Masala Dosa,3,295.13,21.21,43.57,43.21,950.96,54,Card,Delivered,4.9,Amit
703086,9/19/2025,Surat,Spice Hub,Burger,Paneer Burger,2,287.89,37.56,37.35,26.91,602.48,19,Cash,Delivered,4.5,Vikas
703087,6/23/2026,Ahmedabad,Pizza Corner,South Indian,Idli,1,361.39,14.15,21.61,17.36,386.21,34,Wallet,Delivered,4.5,Rahul
703088,8/11/2025,Vadodara,Food Fiesta,Burger,Veg Burger,3,184.34,55.58,56.55,24.87,578.86,42,Card,Delivered,4.5,Priya
703089,8/3/2025,Vadodara,Biryani Express,Dessert,Ice Cream,2,317.49,26.87,48.78,30.41,687.3,50,Wallet,Cancelled,,Karan
703090,11/24/2025,Rajkot,Chinese Wok,North Indian,Dal Makhani,4,343.31,17.44,22.13,67.79,1445.72,69,Wallet,Cancelled,,Suresh
703091,11/30/2025,Mumbai,Pizza Corner,South Indian,Idli,5,100,69.35,38.62,21.53,490.8,64,Cash,Delivered,3,Ravi
703092,10/4/2025,Rajkot,Spice Hub,Beverages,Lassi,5,150.93,11.99,51.21,37.13,831,58,UPI,Cancelled,,Vikas
703093,7/6/2025,Surat,Food Fiesta,Chinese,Manchurian,3,195.73,76.63,52.03,25.53,588.12,24,Cash,Delivered,4.6,Vikas
703094,10/28/2025,Gandhinagar,South Treat,Chinese,Noodles,1,285.8,47.95,55.58,11.89,305.32,29,Card,Delivered,4.1,Suresh
703095,10/3/2025,Surat,South Treat,South Indian,Idli,1,306.16,24,37.57,14.11,333.84,58,Cash,Delivered,3.6,Neha
703096,6/5/2026,Surat,Biryani Express,Burger,Cheese Burger,4,392.9,1.09,51.22,78.53,1700.26,28,Cash,Delivered,3.9,Neha
703097,3/19/2025,Gandhinagar,Urban Tadka,Beverages,Lassi,3,235.16,47.95,20.05,32.88,710.46,50,Wallet,Delivered,4.7,Vikas
703098,2/13/2026,Ahmedabad,Burger House,Biryani,Paneer Biryani,3,83.06,52.04,28.72,9.86,235.72,15,Card,Delivered,3.8,Suresh
703099,4/28/2026,Pune,Food Fiesta,Pizza,Farmhouse,5,323.24,8.48,28.43,80.39,1716.54,46,UPI,Delivered,3.3,Priya
703100,1/25/2026,Vadodara,Pizza Corner,North Indian,Paneer Butter Masala,1,117.95,58.42,43.61,2.98,106.12,67,Cash,Delivered,3.6,Suresh
703101,9/10/2025,Rajkot,South Treat,South Indian,Idli,3,280.65,34.26,29.53,40.38,877.6,48,Wallet,Delivered,3.3,Neha
703102,6/12/2026,Ahmedabad,Food Fiesta,Pizza,Veg Supreme,1,380.72,49.88,23.1,16.54,370.48,45,Wallet,Delivered,4.6,Rahul
703103,3/20/2026,Surat,Pizza Corner,Dessert,Brownie,2,213.34,26.05,53.78,20.03,474.44,16,Cash,Delivered,3.5,Neha
703104,8/2/2025,Surat,Biryani Express,Pizza,Margherita,3,130.7,46.31,55.3,17.29,418.38,43,UPI,Delivered,4.8,Ravi
703105,5/24/2025,Gandhinagar,Chinese Wok,South Indian,Idli,5,301.22,11.48,48.36,74.73,1617.71,73,Wallet,Delivered,3.4,Rahul
703106,2/13/2026,Rajkot,South Treat,Dessert,Gulab Jamun,1,233.99,47.23,28.4,9.34,224.5,46,Cash,Cancelled,,Amit
703107,11/2/2025,Pune,Spice Hub,South Indian,Masala Dosa,5,187.06,30.02,57.12,45.26,1007.66,60,Wallet,Delivered,4,Amit
703108,12/14/2025,Ahmedabad,Chinese Wok,Dessert,Brownie,3,122.1,32.71,55.3,16.68,405.57,33,UPI,Delivered,4.2,Amit
703109,9/29/2025,Pune,Food Fiesta,Burger,Paneer Burger,2,299.84,32.35,43.8,28.37,639.5,72,Card,Delivered,4.2,Rahul
703110,5/29/2026,Gandhinagar,Burger House,Dessert,Brownie,4,201.8,17.76,37.73,39.47,866.64,51,Wallet,Delivered,4.5,Amit
703111,12/19/2025,Surat,South Treat,North Indian,Naan Combo,1,343.54,14.28,48.84,16.46,394.56,27,Cash,Delivered,3,Priya
703112,7/27/2025,Rajkot,South Treat,Burger,Veg Burger,2,219.64,73.13,54.61,18.31,439.07,54,Wallet,Delivered,4.2,Ravi
703113,1/12/2026,Pune,Spice Hub,South Indian,Masala Dosa,1,100.77,28.24,28.76,3.63,104.92,42,UPI,Delivered,3.6,Priya
703114,3/23/2025,Gandhinagar,Pizza Corner,Burger,Paneer Burger,2,164.99,56.41,49.72,13.68,336.97,58,Card,Delivered,3.1,Suresh
703115,3/28/2025,Pune,Burger House,Biryani,Veg Biryani,3,251.67,34.11,40.11,36.05,797.06,68,Wallet,Delivered,3.4,Amit
703116,4/22/2025,Vadodara,Chinese Wok,Burger,Veg Burger,3,259.47,60.77,55.65,35.88,809.17,40,UPI,Delivered,4,Rahul
703117,1/2/2025,Pune,Burger House,North Indian,Dal Makhani,4,274.14,17.69,54.06,53.94,1186.87,74,Card,Delivered,3.5,Karan
703118,11/5/2025,Pune,Pizza Corner,Dessert,Ice Cream,1,249.6,30.32,21.6,10.96,251.84,51,Wallet,Cancelled,,Vikas
703119,3/4/2026,Gandhinagar,Pizza Corner,Burger,Paneer Burger,1,390.02,61.84,33.44,16.41,378.03,72,UPI,Delivered,3.5,Rahul
703120,11/24/2025,Rajkot,Spice Hub,North Indian,Dal Makhani,4,344.05,5.9,39.4,68.52,1478.22,59,Wallet,Delivered,4.4,Amit
703121,3/23/2025,Ahmedabad,Pizza Corner,North Indian,Paneer Butter Masala,4,93.3,29.15,37.44,17.2,398.69,21,Wallet,Delivered,4.1,Amit
703122,4/29/2026,Rajkot,Food Fiesta,Pizza,Margherita,3,313.72,63.21,35.83,43.9,957.68,68,Card,Delivered,4,Karan
703123,12/9/2025,Ahmedabad,Pizza Corner,North Indian,Dal Makhani,2,314.06,44.32,54.15,29.19,667.14,21,Cash,Delivered,3.5,Ravi
703124,5/15/2026,Vadodara,Food Fiesta,Chinese,Fried Rice,5,364.24,64.26,58.89,87.85,1903.68,27,UPI,Cancelled,,Ravi
703125,2/8/2026,Pune,Pizza Corner,North Indian,Dal Makhani,3,391.18,58.25,38.97,55.76,1210.02,51,Wallet,Delivered,3.9,Karan
703126,6/21/2026,Ahmedabad,Spice Hub,Chinese,Noodles,1,161.37,39.64,58.88,6.09,186.7,32,Card,Delivered,4.4,Vikas
703127,2/13/2026,Gandhinagar,Spice Hub,Pizza,Margherita,3,185.78,34.58,52.18,26.14,601.08,30,UPI,Delivered,3.8,Priya
703128,5/30/2025,Mumbai,Biryani Express,Pizza,Margherita,4,341.66,78.38,37.15,64.41,1389.82,73,UPI,Delivered,4.5,Rahul
703129,8/17/2025,Vadodara,Pizza Corner,Beverages,Lassi,5,184.64,13.91,20.13,45.46,974.88,50,Card,Delivered,3.4,Karan
703130,1/18/2026,Vadodara,Chinese Wok,North Indian,Paneer Butter Masala,4,321.89,40.75,34.01,62.34,1343.16,45,Cash,Cancelled,,Suresh
703131,11/2/2025,Jaipur,Spice Hub,Biryani,Paneer Biryani,4,387.99,34.21,49.69,75.89,1643.33,66,Card,Delivered,3.8,Ravi
703132,9/10/2025,Mumbai,Pizza Corner,Biryani,Hyderabadi Veg,2,123.02,53.41,21.41,9.63,223.67,73,UPI,Delivered,3.3,Vikas
703133,6/11/2025,Surat,Biryani Express,North Indian,Dal Makhani,1,302.96,33.97,21.64,13.45,304.08,31,Card,Delivered,3.7,Neha
703134,7/7/2025,Jaipur,Urban Tadka,Burger,Paneer Burger,4,97.48,62.41,23.78,16.38,367.67,64,Cash,Delivered,4.9,Vikas
703135,3/24/2025,Surat,Food Fiesta,Beverages,Fresh Juice,1,226.82,24.76,26.09,10.1,238.25,55,UPI,Delivered,4.3,Amit
703136,2/19/2026,Rajkot,Spice Hub,Biryani,Paneer Biryani,5,336.64,44.7,23.94,81.92,1744.36,46,Cash,Cancelled,,Karan
703137,11/26/2025,Vadodara,Chinese Wok,Biryani,Hyderabadi Veg,2,387.94,15.34,27.5,38.03,826.07,69,Cash,Delivered,4.4,Ravi
703138,8/11/2025,Mumbai,Food Fiesta,Pizza,Farmhouse,3,86.54,51.15,45.6,10.42,264.49,46,Card,Delivered,4.8,Amit
703139,6/20/2026,Ahmedabad,Biryani Express,Biryani,Hyderabadi Veg,4,347.89,3.93,31.33,69.38,1488.34,39,Cash,Delivered,3.1,Karan
703140,6/24/2026,Vadodara,South Treat,Dessert,Gulab Jamun,3,208.15,66.5,59.3,27.9,645.15,44,Wallet,Delivered,3.5,Ravi
703141,4/19/2025,Vadodara,Chinese Wok,Pizza,Margherita,3,81.06,49.09,26.23,9.7,230.02,72,Cash,Delivered,4,Priya
703142,2/19/2026,Gandhinagar,Biryani Express,North Indian,Naan Combo,3,376.1,47.85,34.67,54.02,1169.14,17,UPI,Delivered,3.1,Neha
703143,9/10/2025,Pune,Biryani Express,South Indian,Masala Dosa,1,133.01,43.18,34,4.49,128.32,68,Card,Delivered,4.9,Karan
703144,1/4/2026,Rajkot,Chinese Wok,North Indian,Paneer Butter Masala,3,305.69,33.13,59.36,44.2,987.5,16,Cash,Delivered,4.2,Amit
703145,3/12/2026,Mumbai,Chinese Wok,Burger,Veg Burger,4,335.63,50.4,41.7,64.61,1398.43,36,Wallet,Cancelled,,Rahul
703146,3/18/2026,Rajkot,Spice Hub,Chinese,Noodles,2,356.19,60.88,31.38,32.58,715.46,42,Wallet,Delivered,5,Amit
703147,4/10/2026,Surat,Biryani Express,Chinese,Manchurian,2,225.18,43.64,31.4,20.34,458.46,23,Card,Delivered,4.1,Karan
703148,12/20/2025,Vadodara,Pizza Corner,Chinese,Manchurian,2,163.33,29.14,21.11,14.88,333.51,16,Cash,Delivered,3.6,Karan
703149,5/22/2025,Pune,South Treat,Burger,Veg Burger,3,353.37,64.92,53.57,49.76,1098.52,22,Cash,Cancelled,,Suresh
703150,10/27/2025,Surat,Burger House,Biryani,Veg Biryani,1,323.44,28.91,41.33,14.73,350.59,72,Cash,Delivered,3.1,Rahul
703151,9/23/2025,Mumbai,Burger House,Chinese,Fried Rice,3,85.76,72.31,42.83,9.25,237.05,36,UPI,Cancelled,,Suresh
703152,2/17/2025,Mumbai,Burger House,Beverages,Fresh Juice,3,347.43,7.83,32.3,51.72,1118.48,31,Cash,Delivered,4.5,Karan
703153,11/15/2025,Pune,Burger House,Burger,Cheese Burger,5,205.14,74.75,28.77,47.55,1027.27,34,UPI,Delivered,3.8,Suresh
703154,12/2/2025,Jaipur,Urban Tadka,North Indian,Dal Makhani,2,360.45,66.72,26.15,32.71,713.04,44,UPI,Delivered,4.5,Karan
703155,7/9/2025,Rajkot,Chinese Wok,Chinese,Noodles,3,232.84,21.42,54.95,33.86,765.91,52,Card,Delivered,3.9,Vikas
703156,6/15/2025,Rajkot,Spice Hub,Pizza,Farmhouse,4,190.43,24,20.08,36.89,794.69,57,Wallet,Delivered,3.1,Amit
703157,4/11/2026,Rajkot,Food Fiesta,Burger,Paneer Burger,5,191.41,40.49,46.87,45.83,1009.26,30,Wallet,Delivered,3.4,Amit
703158,6/20/2026,Gandhinagar,Burger House,Pizza,Veg Supreme,3,243.41,2.22,32.44,36.4,796.85,20,Cash,Cancelled,,Ravi
703159,1/14/2025,Gandhinagar,Burger House,Beverages,Lassi,4,131.91,9.66,45.45,25.9,589.33,50,UPI,Delivered,4.2,Neha
703160,2/13/2025,Vadodara,Burger House,Burger,Paneer Burger,5,314.73,34.83,54.72,76.94,1670.48,57,Card,Delivered,4.7,Amit
703161,5/18/2026,Pune,Spice Hub,Biryani,Paneer Biryani,2,179.72,54.01,22.77,15.27,343.47,20,Card,Cancelled,,Amit
703162,6/8/2025,Pune,Urban Tadka,Chinese,Manchurian,2,107.19,69.04,55.44,7.27,208.05,40,Card,Delivered,4.8,Vikas
703163,10/22/2025,Surat,Pizza Corner,Biryani,Veg Biryani,5,85.47,13.12,47.81,20.71,482.75,33,Cash,Cancelled,,Ravi
703164,7/7/2025,Surat,Biryani Express,Biryani,Paneer Biryani,3,382.29,38.98,42.84,55.39,1206.12,33,Card,Cancelled,,Vikas
703165,5/1/2026,Surat,South Treat,South Indian,Idli,2,311.12,75.65,48.75,27.33,622.67,59,Wallet,Delivered,4.9,Amit
703166,2/18/2025,Gandhinagar,Chinese Wok,Burger,Veg Burger,5,259.68,32.99,27.66,63.27,1356.34,40,Card,Delivered,3.4,Ravi
703167,6/8/2025,Gandhinagar,South Treat,Dessert,Gulab Jamun,3,341.35,70.65,52.69,47.67,1053.76,36,UPI,Delivered,4.8,Vikas
703168,5/28/2025,Gandhinagar,Burger House,Burger,Veg Burger,4,373.24,59.78,43.12,71.66,1547.96,59,Cash,Delivered,3.3,Priya
703169,5/24/2025,Vadodara,Food Fiesta,Burger,Veg Burger,3,173.74,0.69,26.89,26.03,573.45,38,Card,Delivered,3.1,Rahul
703170,10/19/2025,Mumbai,South Treat,Burger,Cheese Burger,3,303.09,69.39,20.49,41.99,902.36,33,Cash,Delivered,4.4,Priya
703171,9/23/2025,Mumbai,South Treat,Biryani,Paneer Biryani,3,296.4,13.47,31.65,43.79,951.17,66,Card,Cancelled,,Karan
703172,1/8/2026,Jaipur,Burger House,Beverages,Cold Coffee,2,282.62,54.08,43.2,25.56,579.92,56,Wallet,Delivered,3.1,Suresh
703173,10/8/2025,Surat,Burger House,Biryani,Veg Biryani,3,294.04,66.18,58.62,40.8,915.36,69,UPI,Delivered,3.6,Ravi
703174,11/4/2025,Ahmedabad,Biryani Express,Biryani,Veg Biryani,5,354.67,71.14,44.5,85.11,1831.82,52,Cash,Delivered,4.9,Vikas
703175,8/7/2025,Gandhinagar,Biryani Express,South Indian,Masala Dosa,4,323.26,20.08,29.7,63.65,1366.31,73,Card,Delivered,4,Ravi
703176,7/4/2025,Jaipur,South Treat,Beverages,Lassi,1,247.53,29.87,51.79,10.88,280.33,43,Wallet,Cancelled,,Rahul
703177,3/25/2025,Ahmedabad,Spice Hub,Dessert,Gulab Jamun,5,85.91,9.11,35.04,21.02,476.5,54,Card,Cancelled,,Rahul
703178,5/16/2025,Surat,Urban Tadka,Beverages,Lassi,3,398.46,41.07,53.48,57.72,1265.51,60,Card,Delivered,4.8,Amit
703179,1/12/2026,Gandhinagar,Urban Tadka,Biryani,Veg Biryani,1,377.82,77.41,50.75,15.02,366.18,45,UPI,Cancelled,,Vikas
703180,6/24/2025,Jaipur,Food Fiesta,Biryani,Hyderabadi Veg,4,361.51,3.54,40.59,72.12,1555.21,51,Wallet,Delivered,4.6,Rahul
703181,3/28/2026,Ahmedabad,Pizza Corner,Burger,Cheese Burger,4,163.83,1.88,36.58,32.67,722.69,59,Cash,Delivered,3.7,Rahul
703182,1/23/2025,Surat,Pizza Corner,Burger,Paneer Burger,4,84.42,6.02,54.03,16.58,402.27,20,Wallet,Delivered,4.1,Ravi
703183,1/22/2026,Gandhinagar,Spice Hub,Dessert,Brownie,1,176.61,64.91,41,5.59,158.29,44,UPI,Cancelled,,Suresh
703184,3/26/2025,Vadodara,Burger House,Biryani,Hyderabadi Veg,1,232.56,61.83,28.45,8.54,207.72,66,Wallet,Cancelled,,Priya
703185,7/20/2025,Gandhinagar,Pizza Corner,North Indian,Naan Combo,1,218.77,53.7,29.23,8.25,202.55,72,Wallet,Delivered,3.3,Amit
703186,3/7/2025,Gandhinagar,Food Fiesta,Burger,Veg Burger,3,368.01,64.75,33.54,51.96,1124.78,39,Card,Delivered,4.1,Neha
703187,3/16/2026,Gandhinagar,Spice Hub,North Indian,Naan Combo,3,389.94,5.9,46.92,58.2,1269.04,42,Card,Delivered,3.8,Priya
703188,5/3/2025,Rajkot,Spice Hub,North Indian,Paneer Butter Masala,1,380.73,22.2,46.63,17.93,423.09,16,UPI,Delivered,3.1,Rahul
703189,5/1/2026,Pune,Urban Tadka,Chinese,Manchurian,4,216.71,45.18,37.8,41.08,900.54,70,Cash,Delivered,4.2,Ravi
703190,6/17/2025,Ahmedabad,Urban Tadka,Pizza,Farmhouse,4,252.03,48.46,59.45,47.98,1067.09,70,UPI,Delivered,4.8,Ravi
703191,8/21/2025,Jaipur,Urban Tadka,Biryani,Paneer Biryani,4,350.55,24.45,33.82,68.89,1480.46,70,Wallet,Cancelled,,Karan
703192,1/26/2026,Surat,Biryani Express,Chinese,Manchurian,2,396.26,52.69,30.89,36.99,807.71,62,Card,Cancelled,,Neha
703193,10/14/2025,Vadodara,South Treat,Chinese,Manchurian,2,286.8,60.42,43.49,25.66,582.33,17,Card,Delivered,4.7,Karan
703194,5/8/2025,Mumbai,Spice Hub,Pizza,Margherita,2,190.94,28.63,41.43,17.66,412.34,71,Cash,Delivered,3.3,Ravi
703195,6/8/2026,Ahmedabad,Burger House,North Indian,Dal Makhani,2,327.42,59.51,40.68,29.77,665.78,55,UPI,Delivered,4.5,Suresh
703196,5/15/2026,Rajkot,Food Fiesta,Beverages,Fresh Juice,2,370.44,30.43,34.86,35.52,780.83,34,Wallet,Delivered,3.5,Ravi
703197,1/25/2025,Surat,Biryani Express,Pizza,Margherita,3,366.1,1.87,53.07,54.82,1204.32,30,Card,Cancelled,,Neha
703198,3/3/2026,Vadodara,Chinese Wok,Chinese,Fried Rice,1,117.39,62.74,57.9,2.73,115.28,40,Card,Delivered,3.7,Suresh
703199,8/28/2025,Mumbai,South Treat,Pizza,Farmhouse,1,101.65,18.32,58.89,4.17,146.39,35,Wallet,Cancelled,,Karan
703200,5/6/2026,Pune,Spice Hub,North Indian,Paneer Butter Masala,4,265.01,1.15,53.99,52.94,1165.82,72,Card,Delivered,4.2,Amit
703201,6/2/2025,Mumbai,Spice Hub,South Indian,Masala Dosa,4,194.07,59.21,25.35,35.85,778.27,29,Cash,Delivered,3.2,Vikas
703202,6/1/2025,Vadodara,Chinese Wok,Chinese,Noodles,1,355.47,63.66,38.77,14.59,345.17,24,UPI,Cancelled,,Vikas
703203,6/29/2025,Jaipur,Food Fiesta,Biryani,Hyderabadi Veg,2,293.51,37.75,29.52,27.46,606.25,33,Card,Delivered,3.5,Vikas
703204,11/29/2025,Gandhinagar,Urban Tadka,Biryani,Paneer Biryani,1,172.86,22.52,23.08,7.52,180.94,71,Cash,Delivered,3,Priya
703205,10/17/2025,Pune,Urban Tadka,South Indian,Idli,3,352.77,33.37,27.13,51.25,1103.32,61,Card,Delivered,4.8,Suresh
703206,4/19/2026,Gandhinagar,Burger House,Chinese,Noodles,1,174.93,62.99,41.57,5.6,159.11,18,Card,Delivered,4,Priya
703207,9/28/2025,Gandhinagar,Burger House,Dessert,Brownie,1,324.6,42.93,52.91,14.08,348.66,41,Card,Delivered,4.5,Amit
703208,12/23/2025,Vadodara,Pizza Corner,North Indian,Naan Combo,2,108.63,45.04,48.97,8.61,229.8,26,Card,Delivered,3.7,Priya
703209,2/1/2025,Rajkot,Burger House,Beverages,Fresh Juice,1,298.94,17,47.83,14.1,343.87,52,Card,Delivered,3.2,Karan
703210,5/14/2025,Mumbai,Urban Tadka,South Indian,Masala Dosa,3,237.18,74.87,57.1,31.83,725.6,52,Card,Delivered,5,Rahul
703211,6/25/2025,Ahmedabad,Food Fiesta,North Indian,Naan Combo,3,182.19,45.21,34.71,25.07,561.14,29,Wallet,Delivered,4.7,Vikas
703212,12/27/2025,Mumbai,Biryani Express,Chinese,Noodles,2,114.97,0.57,34.86,11.47,275.7,72,Wallet,Delivered,3.9,Ravi
703213,5/26/2025,Mumbai,Burger House,North Indian,Paneer Butter Masala,5,170.57,21.54,47.2,41.57,920.08,68,Cash,Delivered,3.1,Priya
703214,3/22/2026,Vadodara,Biryani Express,North Indian,Naan Combo,1,124.87,46.01,31.56,3.94,114.36,59,Card,Cancelled,,Priya
703215,10/14/2025,Ahmedabad,Pizza Corner,North Indian,Paneer Butter Masala,5,367.9,78.66,45.6,88.04,1894.48,16,Cash,Cancelled,,Priya
703216,2/21/2026,Rajkot,Pizza Corner,Biryani,Paneer Biryani,5,236.91,77.27,25.99,55.36,1188.63,45,UPI,Cancelled,,Ravi
703217,5/14/2025,Vadodara,Urban Tadka,South Indian,Idli,5,156.58,27.75,31.58,37.76,824.49,67,UPI,Cancelled,,Amit
703218,5/2/2026,Surat,Burger House,Beverages,Fresh Juice,2,249.02,53.8,57.08,22.21,523.53,66,Cash,Delivered,4.1,Ravi
703219,1/16/2026,Gandhinagar,South Treat,Biryani,Veg Biryani,5,272.29,2.82,52.53,67.93,1479.09,30,UPI,Delivered,4.2,Neha
703220,6/5/2026,Ahmedabad,Burger House,Beverages,Cold Coffee,3,235.94,20.7,41.31,34.36,762.79,59,Card,Delivered,4,Ravi
703221,8/5/2025,Rajkot,Burger House,Pizza,Margherita,4,356.77,69.22,46.92,67.89,1472.67,55,Wallet,Delivered,3.5,Ravi
703222,4/24/2025,Ahmedabad,Burger House,Chinese,Noodles,5,383.53,14.48,54.03,95.16,2052.36,15,Cash,Delivered,3.3,Amit
703223,3/23/2026,Mumbai,Biryani Express,Pizza,Veg Supreme,3,88.9,4.16,40.95,13.13,316.62,19,Cash,Delivered,3.6,Priya
703224,7/29/2025,Rajkot,Pizza Corner,North Indian,Dal Makhani,4,250.66,20.34,32.97,49.12,1064.39,32,Cash,Delivered,3.4,Ravi
703225,3/21/2025,Ahmedabad,Pizza Corner,Biryani,Hyderabadi Veg,2,221.39,1.97,44.52,22.04,507.37,67,Cash,Delivered,3.5,Karan
703226,2/5/2026,Ahmedabad,Spice Hub,North Indian,Paneer Butter Masala,1,110.61,0.12,50.71,5.52,166.72,58,Cash,Cancelled,,Rahul
703227,2/24/2025,Pune,Burger House,South Indian,Uttapam,3,339.23,37.4,27.39,49.01,1056.69,64,Cash,Delivered,4.5,Amit
703228,8/20/2025,Jaipur,Biryani Express,Biryani,Paneer Biryani,1,372.96,9.56,27.21,18.17,408.78,55,Cash,Delivered,3,Priya
703229,6/11/2025,Mumbai,Pizza Corner,Burger,Paneer Burger,4,352.12,0.55,49.46,70.4,1527.79,68,Cash,Delivered,4.7,Suresh
703230,5/29/2026,Mumbai,Urban Tadka,South Indian,Idli,3,328.58,40.35,54.03,47.27,1046.69,74,Wallet,Delivered,3.8,Priya
703231,3/22/2025,Ahmedabad,Biryani Express,Pizza,Veg Supreme,4,302.03,12.35,32.49,59.79,1288.05,65,Cash,Delivered,4.9,Amit
703232,2/5/2026,Mumbai,South Treat,Biryani,Paneer Biryani,2,156.04,18.02,40.05,14.7,348.81,40,Wallet,Delivered,4.8,Rahul
703233,5/2/2025,Jaipur,Chinese Wok,Burger,Paneer Burger,5,344.63,20.51,43.94,85.13,1831.71,48,Cash,Delivered,4.3,Rahul
703234,7/27/2025,Rajkot,Biryani Express,South Indian,Idli,5,294.7,27.23,44.7,72.31,1563.28,22,Cash,Cancelled,,Rahul
703235,1/27/2026,Ahmedabad,Spice Hub,Pizza,Margherita,4,80.67,71.84,52.35,12.54,315.73,41,UPI,Delivered,3.4,Karan
703236,4/28/2025,Pune,Pizza Corner,Beverages,Fresh Juice,4,384.78,24.05,35.07,75.75,1625.89,46,Cash,Delivered,3.8,Rahul
703237,4/29/2025,Rajkot,South Treat,North Indian,Dal Makhani,2,89.11,10.02,29.39,8.41,206,46,UPI,Cancelled,,Amit
703238,9/3/2025,Gandhinagar,Spice Hub,Burger,Cheese Burger,3,387.42,66.29,30.11,54.8,1180.88,43,Cash,Delivered,4.5,Vikas
703239,8/28/2025,Gandhinagar,Pizza Corner,South Indian,Idli,4,145.98,39.6,34.62,27.22,606.16,39,Wallet,Delivered,4.5,Karan
703240,5/11/2025,Pune,Urban Tadka,Dessert,Brownie,4,147.31,57.56,29.01,26.58,587.27,53,Card,Delivered,4.7,Priya
703241,5/4/2026,Pune,Biryani Express,South Indian,Uttapam,4,247.57,22.99,32.49,48.36,1048.14,69,Cash,Delivered,4.4,Karan
703242,12/9/2025,Ahmedabad,Biryani Express,South Indian,Masala Dosa,4,194.19,7.98,29.45,38.44,836.67,61,Wallet,Delivered,4.1,Priya
703243,1/3/2025,Jaipur,Biryani Express,Chinese,Manchurian,4,137.09,24.44,55.97,26.2,606.09,17,Cash,Delivered,3.4,Neha
703244,2/20/2026,Surat,Pizza Corner,Dessert,Brownie,3,112.16,47.24,41.65,14.46,345.35,51,UPI,Delivered,4.7,Ravi
703245,8/24/2025,Gandhinagar,South Treat,Pizza,Veg Supreme,1,177.22,77.72,38.01,4.98,142.49,47,Cash,Delivered,3.8,Suresh
703246,2/9/2026,Jaipur,Urban Tadka,Burger,Paneer Burger,2,345.61,46.22,24.06,32.25,701.31,62,UPI,Delivered,3.1,Rahul
703247,1/27/2025,Surat,Biryani Express,Beverages,Lassi,5,290.13,3.53,44.2,72.36,1563.68,59,UPI,Delivered,3.1,Karan
703248,1/22/2025,Vadodara,Food Fiesta,South Indian,Idli,1,86.59,3.16,54.82,4.17,142.42,68,Card,Delivered,3.4,Amit
703249,4/18/2025,Jaipur,Burger House,Biryani,Hyderabadi Veg,2,348.63,30.3,48.57,33.35,748.88,17,Wallet,Delivered,4.1,Karan
703250,1/28/2025,Gandhinagar,Urban Tadka,Beverages,Fresh Juice,4,252.2,28.19,41.96,49.03,1071.6,73,UPI,Delivered,4.6,Amit
703251,3/20/2025,Jaipur,Pizza Corner,Biryani,Paneer Biryani,4,337.09,55.67,43.64,64.63,1400.96,28,Wallet,Cancelled,,Neha
703252,11/4/2025,Surat,Urban Tadka,Dessert,Gulab Jamun,1,161.62,69.78,25.92,4.59,122.35,37,UPI,Delivered,3.9,Neha
703253,1/17/2025,Mumbai,Spice Hub,Dessert,Gulab Jamun,5,150.5,33.9,28.9,35.93,783.43,54,Cash,Delivered,3.5,Suresh
703254,6/18/2025,Pune,Food Fiesta,Beverages,Fresh Juice,1,142.5,35.26,23.34,5.36,135.94,19,UPI,Delivered,3.6,Rahul
703255,10/19/2025,Pune,Biryani Express,Biryani,Veg Biryani,5,238.04,11,28.57,58.96,1266.73,20,Cash,Cancelled,,Suresh
703256,10/22/2025,Vadodara,Burger House,South Indian,Idli,5,311.22,53.16,26.19,75.15,1604.28,47,Cash,Delivered,3.6,Ravi
703257,3/31/2026,Gandhinagar,Spice Hub,Pizza,Veg Supreme,2,366.61,38.64,36.66,34.73,765.97,54,Cash,Delivered,4.8,Suresh
703258,2/13/2025,Ahmedabad,Spice Hub,Burger,Veg Burger,2,343.71,77.93,54.52,30.47,694.48,40,Card,Delivered,4.3,Suresh
703259,6/10/2025,Jaipur,Biryani Express,Dessert,Gulab Jamun,5,80.45,52.04,34.32,17.51,402.04,33,Card,Delivered,3.5,Ravi
703260,7/18/2025,Gandhinagar,South Treat,Burger,Cheese Burger,1,115.23,37.74,31.54,3.87,112.9,63,UPI,Delivered,4.9,Neha
703261,3/24/2025,Vadodara,Biryani Express,Beverages,Fresh Juice,3,294.87,3.12,43.34,44.07,968.9,20,Cash,Delivered,3.5,Priya
703262,2/26/2026,Pune,Pizza Corner,North Indian,Paneer Butter Masala,5,137.17,36.71,34.34,32.46,715.94,59,Card,Cancelled,,Ravi
703263,3/3/2026,Mumbai,South Treat,North Indian,Paneer Butter Masala,3,97.07,56.96,33.53,11.71,279.49,44,Wallet,Delivered,3.1,Priya
703264,1/20/2025,Gandhinagar,Pizza Corner,North Indian,Dal Makhani,3,165.76,26.34,30.1,23.55,524.59,24,UPI,Delivered,4.7,Rahul
703265,1/13/2026,Surat,Biryani Express,Dessert,Brownie,2,137.41,72.57,44.77,10.11,257.13,33,Cash,Cancelled,,Neha
703266,3/29/2026,Surat,Biryani Express,North Indian,Paneer Butter Masala,5,372.21,66.48,24.3,89.73,1908.6,39,Wallet,Delivered,3.2,Priya
703267,3/13/2025,Surat,Spice Hub,North Indian,Paneer Butter Masala,1,96.54,6.18,43.3,4.52,138.18,22,Card,Cancelled,,Ravi
703268,5/17/2025,Pune,Pizza Corner,Burger,Paneer Burger,1,107.93,62.42,56.06,2.28,103.85,71,UPI,Delivered,4.6,Suresh
703269,9/24/2025,Surat,Biryani Express,Burger,Veg Burger,1,141.98,72.33,20.93,3.48,94.06,45,Cash,Delivered,4.8,Suresh
703270,11/25/2025,Vadodara,Food Fiesta,Biryani,Hyderabadi Veg,1,117.39,57.86,52.84,2.98,115.35,30,Cash,Delivered,4.5,Suresh
703271,3/2/2026,Gandhinagar,Food Fiesta,Biryani,Paneer Biryani,5,132.45,20.95,32.75,32.06,706.11,20,Card,Cancelled,,Neha
703272,4/1/2026,Pune,Urban Tadka,Biryani,Paneer Biryani,2,376.31,19.31,37.37,36.67,807.35,50,Card,Delivered,3.4,Vikas
703273,2/13/2025,Ahmedabad,Burger House,Beverages,Fresh Juice,5,360.8,40.28,21.48,88.19,1873.39,43,Card,Delivered,3.3,Suresh
703274,4/18/2026,Mumbai,Urban Tadka,North Indian,Paneer Butter Masala,5,229.96,76.75,44.38,53.65,1171.08,42,Card,Cancelled,,Priya
703275,8/18/2025,Pune,South Treat,Pizza,Margherita,1,230.87,7.11,24.75,11.19,259.7,75,Cash,Cancelled,,Karan
703276,4/17/2025,Mumbai,Chinese Wok,South Indian,Masala Dosa,2,372.93,57.13,37.39,34.44,760.56,59,UPI,Delivered,4,Rahul
703277,10/4/2025,Vadodara,Biryani Express,Dessert,Gulab Jamun,5,116.5,45.79,56.18,26.84,619.73,39,Wallet,Delivered,4.4,Vikas
703278,10/12/2025,Ahmedabad,Chinese Wok,Biryani,Paneer Biryani,1,317.52,54.81,20.66,13.14,296.51,21,Wallet,Delivered,4.8,Priya
703279,9/16/2025,Jaipur,Spice Hub,Burger,Paneer Burger,3,99.67,40.03,35.8,12.95,307.73,41,Card,Delivered,4.4,Vikas
703280,4/18/2025,Vadodara,Food Fiesta,North Indian,Dal Makhani,5,204.05,26.14,23.4,49.71,1067.22,19,Card,Cancelled,,Priya
703281,2/16/2026,Ahmedabad,South Treat,Pizza,Margherita,2,137.64,48.54,21.95,11.34,260.03,17,Card,Delivered,3.7,Neha
703282,9/3/2025,Surat,South Treat,Pizza,Farmhouse,1,386.97,71.54,25.19,15.77,356.39,45,Cash,Cancelled,,Ravi
703283,5/29/2025,Ahmedabad,Urban Tadka,Biryani,Veg Biryani,5,208.37,43.48,27.28,49.92,1075.57,54,Wallet,Cancelled,,Rahul
703284,4/16/2025,Mumbai,Biryani Express,Burger,Veg Burger,1,105.6,26.82,41.74,3.94,124.46,29,Card,Delivered,3.7,Suresh
703285,2/3/2026,Surat,Burger House,Beverages,Lassi,2,262.05,61.73,58.75,23.12,544.24,22,Card,Cancelled,,Vikas
703286,9/17/2025,Jaipur,Biryani Express,Burger,Veg Burger,2,264.98,13.64,38.03,25.82,580.17,32,Card,Cancelled,,Rahul
703287,3/18/2026,Rajkot,Biryani Express,Burger,Cheese Burger,3,169.95,17.91,40.66,24.6,557.2,71,Cash,Delivered,3.2,Vikas
703288,5/15/2025,Surat,Spice Hub,Beverages,Fresh Juice,1,201.33,19.59,41.64,9.09,232.47,74,Card,Delivered,3.2,Neha
703289,10/29/2025,Jaipur,South Treat,South Indian,Uttapam,3,317.36,5.73,39.46,47.32,1033.13,63,Cash,Delivered,3.2,Rahul
703290,9/14/2025,Rajkot,Biryani Express,Burger,Veg Burger,3,338.07,79.26,45.09,46.75,1026.79,34,UPI,Cancelled,,Suresh
703291,11/3/2025,Vadodara,Urban Tadka,Dessert,Gulab Jamun,5,339.63,55.74,32.99,82.12,1757.52,41,UPI,Delivered,3.3,Rahul
703292,4/21/2025,Vadodara,Chinese Wok,Dessert,Ice Cream,3,367.81,1.45,41.35,55.1,1198.43,35,UPI,Cancelled,,Amit
703293,4/30/2026,Jaipur,Spice Hub,Burger,Cheese Burger,3,234.26,50.23,25.16,32.63,710.34,55,Card,Cancelled,,Karan
703294,1/30/2026,Surat,Biryani Express,Pizza,Margherita,3,379.2,77.14,38.42,53.02,1151.9,51,Cash,Cancelled,,Ravi
703295,6/17/2026,Jaipur,Urban Tadka,Dessert,Ice Cream,1,271.78,20.23,55.24,12.58,319.37,24,UPI,Delivered,3.4,Neha
703296,10/14/2025,Gandhinagar,Biryani Express,Dessert,Ice Cream,5,195.86,76.73,31.72,45.13,979.42,70,Wallet,Delivered,3.6,Neha
703297,10/31/2025,Surat,Biryani Express,Pizza,Veg Supreme,3,176.75,46.64,38.86,24.18,546.65,23,UPI,Delivered,3.1,Priya
703298,1/1/2025,Gandhinagar,South Treat,North Indian,Paneer Butter Masala,2,200.43,38.75,43.45,18.11,423.67,16,Card,Delivered,4,Karan
703299,6/7/2026,Rajkot,South Treat,South Indian,Uttapam,4,316.49,27.91,56.81,61.9,1356.76,30,Card,Delivered,4.3,Suresh
703300,5/17/2025,Mumbai,Pizza Corner,Beverages,Fresh Juice,1,116.06,25.6,22.5,4.52,117.48,64,UPI,Delivered,3.9,Amit
703301,2/27/2026,Mumbai,Urban Tadka,Burger,Cheese Burger,3,145.22,8.1,34.88,21.38,483.82,43,Cash,Delivered,4.8,Neha
703302,5/3/2026,Jaipur,Urban Tadka,Dessert,Brownie,4,341.27,24.71,21.83,67.02,1429.22,18,Cash,Delivered,5,Priya
703303,5/15/2025,Rajkot,Urban Tadka,North Indian,Paneer Butter Masala,2,137.23,7.12,26.49,13.37,307.2,63,UPI,Delivered,4.6,Suresh
703304,1/19/2025,Pune,Biryani Express,Beverages,Cold Coffee,5,105.28,49.68,59.87,23.84,560.43,66,Wallet,Delivered,3.3,Priya
703305,4/11/2026,Mumbai,Chinese Wok,Biryani,Veg Biryani,2,176.04,54.19,33.69,14.89,346.47,36,Card,Cancelled,,Amit
703306,9/27/2025,Gandhinagar,Urban Tadka,South Indian,Uttapam,3,375.93,36.02,51.29,54.59,1197.65,46,Card,Cancelled,,Vikas
703307,2/2/2026,Rajkot,Biryani Express,South Indian,Uttapam,1,105.08,40.76,40.86,3.22,108.4,56,Card,Cancelled,,Ravi
703308,12/29/2025,Ahmedabad,Biryani Express,Chinese,Manchurian,5,293.09,33.22,59.15,71.61,1562.99,43,Cash,Delivered,3.9,Rahul
703309,6/14/2025,Vadodara,Food Fiesta,North Indian,Naan Combo,1,95.35,6.55,54.81,4.44,148.05,32,UPI,Delivered,4,Karan
703310,4/29/2026,Mumbai,Urban Tadka,Pizza,Farmhouse,1,217.02,34.95,29.45,9.1,220.62,69,UPI,Delivered,4.5,Suresh
703311,2/14/2026,Surat,Pizza Corner,South Indian,Masala Dosa,1,145.79,40.65,52.87,5.26,163.27,40,Wallet,Cancelled,,Karan
703312,3/6/2025,Jaipur,Chinese Wok,Pizza,Farmhouse,4,344.35,17.8,30.36,67.98,1457.94,44,UPI,Cancelled,,Amit
703313,1/11/2026,Mumbai,Spice Hub,Pizza,Veg Supreme,2,320.99,30.4,41.1,30.58,683.26,47,UPI,Cancelled,,Priya
703314,4/12/2026,Ahmedabad,Pizza Corner,North Indian,Paneer Butter Masala,3,380.28,15.78,27.93,56.25,1209.24,17,Cash,Cancelled,,Karan
703315,4/26/2025,Surat,Spice Hub,Pizza,Veg Supreme,4,119.91,54.57,39.77,21.25,486.09,20,Cash,Delivered,3,Neha
703316,11/12/2025,Jaipur,Food Fiesta,Pizza,Veg Supreme,3,101.75,10.07,35.78,14.76,345.72,59,Card,Delivered,4.2,Priya
703317,5/30/2025,Surat,Biryani Express,North Indian,Dal Makhani,4,91.99,52.82,22.65,15.76,353.55,16,UPI,Delivered,4.5,Amit
703318,10/20/2025,Pune,Urban Tadka,Chinese,Fried Rice,1,83.25,53.38,40.4,1.49,71.76,26,Wallet,Delivered,3.3,Priya
703319,2/23/2026,Mumbai,Food Fiesta,Chinese,Manchurian,3,217.76,38.35,48.76,30.75,694.44,49,UPI,Delivered,4.8,Ravi
703320,2/5/2025,Mumbai,Chinese Wok,Chinese,Fried Rice,1,232.85,34.97,54.34,9.89,262.11,69,UPI,Delivered,3.7,Vikas
703321,5/18/2025,Mumbai,South Treat,Beverages,Fresh Juice,2,171.96,64.61,41.54,13.97,334.82,54,Cash,Delivered,4.6,Rahul
703322,9/19/2025,Vadodara,Biryani Express,Biryani,Paneer Biryani,5,340.91,22.87,31.77,84.08,1797.53,26,Cash,Cancelled,,Vikas
703323,1/11/2025,Vadodara,Food Fiesta,Chinese,Fried Rice,5,142.65,6.88,26.68,35.32,768.37,37,Wallet,Delivered,4.2,Neha
703324,4/12/2025,Jaipur,Spice Hub,Chinese,Noodles,1,202.7,62.56,46.15,7.01,193.3,35,Wallet,Delivered,3.1,Ravi
703325,2/17/2025,Rajkot,Biryani Express,Biryani,Paneer Biryani,5,140.8,21.29,27.48,34.14,744.33,71,Cash,Delivered,3.8,Amit
703326,6/5/2026,Pune,Burger House,Dessert,Gulab Jamun,3,240.4,6.59,52.96,35.73,803.3,41,Cash,Cancelled,,Neha
703327,3/10/2026,Rajkot,South Treat,Burger,Veg Burger,2,195.2,24.53,35.58,18.29,419.74,55,Wallet,Delivered,3.4,Suresh
703328,1/3/2025,Pune,Biryani Express,Beverages,Cold Coffee,2,149.73,26.15,21.91,13.67,308.89,70,Card,Delivered,3.3,Karan
703329,6/20/2026,Gandhinagar,Burger House,Pizza,Veg Supreme,2,380.9,55.1,40.84,35.34,782.88,30,Card,Cancelled,,Rahul
703330,6/17/2026,Ahmedabad,Food Fiesta,South Indian,Uttapam,2,199.38,78.5,41.88,16.01,378.15,61,Card,Delivered,4.7,Suresh
703331,12/23/2025,Vadodara,South Treat,North Indian,Paneer Butter Masala,3,203.02,74.6,37.91,26.72,599.09,44,Wallet,Delivered,4.4,Rahul
703332,1/16/2026,Jaipur,Chinese Wok,Dessert,Brownie,2,318.86,74.88,48.25,28.14,639.23,16,UPI,Cancelled,,Ravi
703333,3/14/2026,Pune,South Treat,Pizza,Margherita,1,273.8,28.23,50.2,12.28,308.05,16,UPI,Delivered,4.6,Ravi
703334,5/4/2025,Rajkot,Chinese Wok,Burger,Cheese Burger,3,343.37,61.36,24.72,48.44,1041.91,33,Cash,Delivered,3.6,Amit
703335,10/7/2025,Vadodara,South Treat,North Indian,Paneer Butter Masala,4,341.07,35.97,49.8,66.42,1444.53,41,Card,Delivered,3.1,Suresh
703336,5/23/2025,Gandhinagar,Biryani Express,Burger,Veg Burger,1,392.36,11.15,33.64,19.06,433.91,33,Card,Cancelled,,Amit
703337,2/14/2025,Vadodara,South Treat,North Indian,Dal Makhani,1,142.82,13.73,57.72,6.45,193.26,34,Wallet,Delivered,3.8,Rahul
703338,2/18/2025,Jaipur,Chinese Wok,North Indian,Dal Makhani,1,199.54,39.58,28.03,8,195.99,55,Cash,Delivered,4.9,Neha
703339,11/19/2025,Pune,Urban Tadka,Biryani,Veg Biryani,2,179.45,45.55,32.65,15.67,361.67,65,UPI,Delivered,4.9,Rahul
703340,12/23/2025,Jaipur,Chinese Wok,South Indian,Idli,2,250.34,19.47,22.09,24.06,527.36,59,Card,Delivered,4.7,Vikas
703341,6/9/2026,Vadodara,Spice Hub,Pizza,Veg Supreme,5,119.72,59.6,38.22,26.95,604.17,61,Card,Delivered,3,Vikas
703342,8/13/2025,Vadodara,Biryani Express,Dessert,Ice Cream,3,85.32,45.59,49.45,10.52,270.34,17,Wallet,Delivered,4.6,Vikas
703343,4/19/2025,Vadodara,South Treat,Chinese,Noodles,4,179.59,23.55,27.31,34.74,756.86,22,UPI,Cancelled,,Amit
703344,12/24/2025,Jaipur,Burger House,South Indian,Uttapam,2,226.99,68.52,36.81,19.27,441.54,61,Wallet,Cancelled,,Karan
703345,8/30/2025,Surat,Biryani Express,Dessert,Ice Cream,2,254.17,57.84,27.76,22.53,500.79,71,Cash,Cancelled,,Neha
703346,2/23/2025,Vadodara,Urban Tadka,Biryani,Paneer Biryani,5,289.01,44.65,22.02,70.02,1492.44,75,Card,Delivered,3.6,Amit
703347,6/18/2026,Mumbai,Spice Hub,Dessert,Brownie,4,276.63,22.21,35.05,54.22,1173.58,59,UPI,Delivered,5,Suresh
703348,10/5/2025,Vadodara,Pizza Corner,North Indian,Naan Combo,5,219.1,30.61,33.76,53.24,1151.89,46,UPI,Delivered,4.4,Suresh
703349,12/14/2025,Ahmedabad,Chinese Wok,Biryani,Paneer Biryani,4,317.79,51.98,23.04,60.96,1303.18,30,Cash,Delivered,4.9,Suresh
703350,5/1/2025,Vadodara,Food Fiesta,Pizza,Margherita,5,304.49,74.46,42.02,72.4,1562.41,24,UPI,Cancelled,,Suresh
703351,12/27/2025,Surat,Biryani Express,Burger,Veg Burger,2,182.65,34.57,53.34,16.54,400.61,27,UPI,Cancelled,,Rahul
703352,5/14/2026,Gandhinagar,Biryani Express,South Indian,Idli,3,284.25,43.03,46.88,40.49,897.09,52,UPI,Cancelled,,Suresh
703353,6/23/2026,Mumbai,Biryani Express,South Indian,Masala Dosa,1,346.85,65.92,34.39,14.05,329.37,19,Wallet,Delivered,3.5,Suresh
703354,11/20/2025,Vadodara,Urban Tadka,North Indian,Dal Makhani,3,258.8,22.46,37.47,37.7,829.11,24,Wallet,Cancelled,,Ravi
703355,11/24/2025,Vadodara,Pizza Corner,Beverages,Cold Coffee,2,310.42,59.92,39.75,28.05,628.72,29,Cash,Delivered,3.3,Karan
703356,6/16/2025,Rajkot,Spice Hub,Burger,Paneer Burger,5,264.43,60.8,53.3,63.07,1377.72,73,UPI,Delivered,3.1,Rahul
703357,6/19/2025,Ahmedabad,Food Fiesta,Beverages,Fresh Juice,3,301.04,16.02,51.76,44.36,983.22,28,Wallet,Delivered,4.2,Rahul
703358,12/11/2025,Mumbai,Pizza Corner,Pizza,Veg Supreme,1,283.73,52.23,23.32,11.58,266.4,60,UPI,Cancelled,,Priya
703359,12/8/2025,Vadodara,Food Fiesta,South Indian,Uttapam,3,376.98,22.27,22.04,55.43,1186.14,60,UPI,Cancelled,,Karan
703360,4/22/2025,Ahmedabad,Pizza Corner,Biryani,Veg Biryani,2,394.38,50.88,40.29,36.89,815.06,64,Cash,Delivered,3.9,Ravi
703361,3/21/2025,Pune,Biryani Express,South Indian,Masala Dosa,3,395.83,35.44,37.24,57.6,1246.89,18,Card,Delivered,3.6,Karan
703362,6/1/2025,Surat,Biryani Express,Chinese,Noodles,5,214.51,35.79,34.42,51.84,1123.02,47,Wallet,Delivered,4.9,Amit
703363,5/16/2026,Ahmedabad,South Treat,Burger,Paneer Burger,2,218.66,54.53,48.11,19.14,450.04,37,Cash,Delivered,4.8,Amit
703364,10/12/2025,Surat,Burger House,Pizza,Veg Supreme,1,314.21,41.52,59.57,13.63,345.89,40,UPI,Delivered,4.6,Karan
703365,3/22/2026,Mumbai,South Treat,North Indian,Naan Combo,2,224.13,10.32,31.06,21.9,490.9,23,Wallet,Cancelled,,Vikas
703366,1/18/2026,Gandhinagar,Biryani Express,South Indian,Masala Dosa,5,390.18,46.32,37.01,95.23,2036.82,46,Card,Delivered,4.2,Vikas
703367,4/28/2026,Ahmedabad,Chinese Wok,Burger,Paneer Burger,3,314.55,70.34,27.05,43.67,944.03,54,Cash,Delivered,3.8,Rahul
703368,3/30/2025,Vadodara,Food Fiesta,Burger,Veg Burger,4,390.2,79.59,59.49,74.06,1614.76,22,Card,Delivered,3.3,Ravi
703369,9/18/2025,Jaipur,Spice Hub,Biryani,Paneer Biryani,4,236.04,14.47,56.24,46.48,1032.41,56,Cash,Delivered,3.1,Neha
703370,4/5/2026,Jaipur,Pizza Corner,Dessert,Brownie,4,126.26,28.94,44.22,23.81,544.13,22,UPI,Delivered,4.5,Neha
703371,5/22/2025,Gandhinagar,Biryani Express,Burger,Cheese Burger,3,144.27,51.97,45.31,19.04,445.19,61,Wallet,Delivered,4.6,Rahul
703372,5/10/2026,Pune,Burger House,South Indian,Uttapam,2,241.75,19.06,21.47,23.22,509.13,51,Wallet,Delivered,3,Amit
703373,7/16/2025,Pune,Burger House,South Indian,Uttapam,2,96.26,67.96,35.9,6.23,166.69,19,UPI,Delivered,4.1,Rahul
703374,5/14/2025,Gandhinagar,Burger House,North Indian,Paneer Butter Masala,1,377.6,0.5,54.11,18.86,450.07,71,Card,Delivered,4.5,Neha
703375,2/3/2026,Ahmedabad,Biryani Express,Dessert,Ice Cream,3,165.57,23.18,49.99,23.68,547.2,54,Cash,Cancelled,,Suresh
703376,12/27/2025,Rajkot,Burger House,North Indian,Naan Combo,3,93.46,20.14,29.1,13.01,302.35,31,UPI,Cancelled,,Priya
703377,4/3/2026,Jaipur,Burger House,North Indian,Dal Makhani,5,207.87,65.21,43.9,48.71,1066.75,29,UPI,Cancelled,,Ravi
703378,3/19/2025,Rajkot,Food Fiesta,Burger,Veg Burger,1,196.31,28.69,42.82,8.38,218.82,22,UPI,Delivered,3.3,Rahul
703379,10/25/2025,Vadodara,Food Fiesta,Chinese,Manchurian,4,129.59,3.69,35.15,25.73,575.55,31,Card,Delivered,4.9,Karan
703380,9/3/2025,Rajkot,Pizza Corner,Burger,Paneer Burger,1,228.13,50.79,53.61,8.87,239.82,41,Card,Delivered,3.2,Vikas
703381,8/8/2025,Surat,Chinese Wok,Biryani,Veg Biryani,1,175.43,1.05,27.94,8.72,211.04,34,Cash,Delivered,3.9,Rahul
703382,3/5/2026,Mumbai,South Treat,Dessert,Ice Cream,4,138.19,59.22,22.08,24.68,540.3,61,UPI,Delivered,3.9,Vikas
703383,10/28/2025,Gandhinagar,Burger House,Pizza,Veg Supreme,3,396.61,26.08,54.1,58.19,1276.04,57,Card,Delivered,3.4,Karan
703384,5/8/2025,Jaipur,Biryani Express,South Indian,Idli,1,301.37,49.7,32.5,12.58,296.75,40,Cash,Cancelled,,Priya
703385,8/17/2025,Mumbai,Biryani Express,Biryani,Hyderabadi Veg,2,254.58,7.49,29.09,25.08,555.84,55,Wallet,Cancelled,,Rahul
703386,9/17/2025,Jaipur,South Treat,Biryani,Paneer Biryani,4,385.66,53.72,42.31,74.45,1605.68,47,Card,Delivered,4.3,Suresh
703387,3/25/2026,Gandhinagar,Spice Hub,Chinese,Manchurian,4,263.32,67.55,20.13,49.29,1055.15,36,Card,Delivered,4.3,Karan
703388,10/2/2025,Pune,Biryani Express,Burger,Cheese Burger,1,219.33,0.45,48.43,10.94,278.25,37,Wallet,Delivered,4.8,Suresh
703389,1/30/2025,Surat,Biryani Express,Chinese,Manchurian,2,302.62,40.75,50.61,28.22,643.32,54,UPI,Cancelled,,Neha
703390,2/18/2025,Surat,Food Fiesta,North Indian,Dal Makhani,1,295.05,27.03,26.52,13.4,307.94,25,Cash,Delivered,3.7,Priya
703391,1/24/2025,Jaipur,Spice Hub,Dessert,Ice Cream,4,235.63,55.26,35.6,44.36,967.22,50,Wallet,Delivered,4.3,Rahul
703392,6/19/2025,Vadodara,Pizza Corner,Dessert,Ice Cream,4,296.39,18.14,49.8,58.37,1275.59,37,Card,Delivered,3.7,Suresh
703393,9/17/2025,Jaipur,Spice Hub,Dessert,Brownie,1,299.36,49.06,23.26,12.52,286.08,42,Wallet,Delivered,4.2,Karan
703394,3/26/2025,Jaipur,Urban Tadka,North Indian,Dal Makhani,2,148.26,57.89,43.26,11.93,293.82,29,Wallet,Cancelled,,Neha
703395,6/8/2026,Gandhinagar,Chinese Wok,Beverages,Fresh Juice,2,136.98,50.01,43.51,11.2,278.66,75,Wallet,Delivered,4.8,Karan
703396,3/5/2026,Jaipur,Biryani Express,Dessert,Ice Cream,3,399.67,9.93,50.91,59.45,1299.44,71,Cash,Delivered,4.1,Amit
703397,4/20/2025,Surat,Burger House,Dessert,Gulab Jamun,4,186.39,1.68,23.6,37.19,804.67,26,Card,Delivered,4.3,Vikas
703398,7/7/2025,Ahmedabad,Spice Hub,Chinese,Fried Rice,2,222.85,21.96,41.84,21.19,486.77,39,UPI,Delivered,4.5,Priya
703399,3/1/2026,Pune,Chinese Wok,Biryani,Paneer Biryani,2,388.4,39.71,56.98,36.85,830.92,62,Wallet,Cancelled,,Karan
703400,11/24/2025,Surat,Food Fiesta,South Indian,Uttapam,4,139.36,5.93,46.67,27.58,625.76,30,UPI,Cancelled,,Ravi
703401,4/2/2026,Mumbai,Food Fiesta,Pizza,Farmhouse,2,287.96,68.66,55.48,25.36,588.1,40,UPI,Delivered,3.5,Neha
703402,10/23/2025,Surat,Urban Tadka,Chinese,Noodles,3,386.31,69.78,33.36,54.46,1176.97,21,UPI,Delivered,5,Priya
703403,8/12/2025,Ahmedabad,South Treat,Beverages,Fresh Juice,4,197.31,15.05,54.06,38.71,866.96,41,UPI,Delivered,4.1,Vikas
703404,5/28/2025,Rajkot,Urban Tadka,Biryani,Paneer Biryani,3,199.54,1.27,35.47,29.87,662.69,16,UPI,Delivered,3.6,Amit
703405,7/13/2025,Mumbai,Burger House,Burger,Paneer Burger,5,308.26,52.55,37.33,74.44,1600.52,54,Card,Delivered,4.5,Vikas
703406,2/12/2025,Pune,Biryani Express,North Indian,Dal Makhani,3,398.27,37.99,23.4,57.84,1238.06,59,Card,Delivered,4.3,Karan
703407,12/2/2025,Jaipur,Spice Hub,Pizza,Veg Supreme,1,223.8,72.59,37.2,7.56,195.97,27,UPI,Cancelled,,Ravi
703408,12/7/2025,Jaipur,Urban Tadka,Biryani,Veg Biryani,2,317.63,33.63,41.95,30.08,673.66,75,Cash,Delivered,4,Priya
703409,5/23/2026,Vadodara,Spice Hub,Biryani,Veg Biryani,4,169.52,16.95,31.87,33.06,726.06,43,Cash,Cancelled,,Ravi
703410,5/18/2026,Gandhinagar,Biryani Express,Beverages,Fresh Juice,5,180.85,55.09,34.72,42.46,926.34,45,Card,Delivered,3.5,Suresh
703411,11/6/2025,Mumbai,Chinese Wok,Dessert,Brownie,2,349.38,63.22,42.19,31.78,709.51,71,UPI,Delivered,5,Neha
703412,3/10/2025,Ahmedabad,Burger House,South Indian,Uttapam,4,277.18,74.37,34.9,51.72,1120.97,25,Cash,Delivered,4.9,Karan
703413,3/26/2026,Vadodara,Food Fiesta,Burger,Veg Burger,5,145.67,17.84,46.28,35.53,792.32,74,Card,Cancelled,,Suresh
703414,3/3/2026,Surat,Spice Hub,Burger,Veg Burger,2,359.51,38.9,45.65,34.01,759.78,66,UPI,Cancelled,,Rahul
703415,3/30/2026,Pune,Urban Tadka,South Indian,Idli,5,178.14,6.36,29.91,44.22,958.47,54,UPI,Delivered,3.4,Amit
703416,9/6/2025,Jaipur,Spice Hub,South Indian,Idli,3,241.17,31.99,23.57,34.58,749.67,46,Wallet,Delivered,4.4,Ravi
703417,4/27/2025,Vadodara,Food Fiesta,Dessert,Ice Cream,3,353.13,35.98,50.72,51.17,1125.3,71,Wallet,Cancelled,,Ravi
703418,3/2/2025,Vadodara,Urban Tadka,Pizza,Farmhouse,4,260.63,16.23,32.41,51.31,1110.01,30,Card,Delivered,4.9,Karan
703419,10/21/2025,Mumbai,South Treat,Beverages,Fresh Juice,4,154.94,43.83,31.08,28.8,635.81,21,Card,Cancelled,,Neha
703420,1/19/2026,Rajkot,Burger House,Pizza,Farmhouse,1,86.24,35.66,34.21,2.53,87.32,65,UPI,Cancelled,,Amit
703421,6/30/2025,Jaipur,South Treat,Biryani,Veg Biryani,5,162.75,29.52,34.59,39.21,858.03,72,Card,Delivered,4,Rahul
703422,1/3/2026,Mumbai,Chinese Wok,North Indian,Paneer Butter Masala,1,131.43,74.85,43.12,2.83,102.53,51,Card,Delivered,4,Suresh
703423,4/17/2026,Jaipur,Urban Tadka,South Indian,Uttapam,4,231.66,24.23,21.22,45.12,968.75,70,Card,Delivered,4.1,Neha
703424,4/3/2025,Gandhinagar,Burger House,Beverages,Fresh Juice,4,231.68,6.35,31.56,46.02,997.95,51,UPI,Delivered,4.9,Suresh
703425,4/19/2025,Pune,Burger House,South Indian,Masala Dosa,5,334.58,20.2,27.58,82.63,1762.91,30,Cash,Delivered,3.2,Rahul
703426,7/11/2025,Jaipur,South Treat,North Indian,Naan Combo,4,181.9,17.11,52.2,35.52,798.21,19,UPI,Delivered,3.1,Amit
703427,6/29/2025,Gandhinagar,South Treat,Pizza,Margherita,2,115.87,45.93,51.68,9.29,246.78,33,Cash,Delivered,3.4,Priya
703428,2/26/2025,Surat,Burger House,Dessert,Ice Cream,1,124.9,13.98,45.39,5.55,161.86,22,Cash,Delivered,3,Priya
703429,11/28/2025,Gandhinagar,Pizza Corner,Pizza,Margherita,4,89.61,43.71,51.46,15.74,381.93,65,Wallet,Delivered,4.9,Amit
703430,7/23/2025,Surat,Food Fiesta,Chinese,Noodles,1,333.61,36.29,51.7,14.87,363.89,68,Wallet,Delivered,3,Neha
703431,5/21/2025,Ahmedabad,Chinese Wok,South Indian,Uttapam,2,112.54,16.82,52.11,10.41,270.78,75,Card,Delivered,4.7,Priya
703432,12/31/2025,Gandhinagar,South Treat,Burger,Paneer Burger,1,307.55,39.44,42.88,13.41,324.4,15,Cash,Delivered,4,Suresh
703433,3/27/2025,Mumbai,South Treat,Burger,Paneer Burger,3,380.49,14.1,27.69,56.37,1211.43,25,Wallet,Delivered,3.5,Karan
703434,4/21/2026,Vadodara,South Treat,Chinese,Manchurian,2,352.75,16.88,24.09,34.43,747.14,74,Cash,Delivered,4.2,Vikas
703435,11/26/2025,Pune,Chinese Wok,North Indian,Paneer Butter Masala,2,257.93,13.47,55.16,25.12,582.67,31,Card,Delivered,4.7,Rahul
703436,2/21/2025,Jaipur,Chinese Wok,Pizza,Farmhouse,1,376.43,65.49,57.8,15.55,384.29,49,Card,Delivered,4.2,Suresh
703437,1/14/2026,Vadodara,Burger House,Biryani,Paneer Biryani,1,289.32,48.63,35.05,12.03,287.77,24,Card,Cancelled,,Ravi
703438,1/29/2026,Surat,Biryani Express,Chinese,Fried Rice,4,373.62,10.32,22.44,74.21,1580.81,17,Cash,Delivered,4.4,Vikas
703439,3/22/2025,Surat,Spice Hub,Pizza,Farmhouse,3,280.94,30.06,36.19,40.64,889.59,44,Wallet,Delivered,4,Ravi
703440,5/28/2025,Pune,Pizza Corner,Beverages,Cold Coffee,5,162.71,55.57,45.77,37.9,841.65,47,UPI,Delivered,4.6,Priya
703441,5/7/2026,Rajkot,Biryani Express,South Indian,Masala Dosa,4,369.8,1.01,53.26,73.91,1605.36,36,Wallet,Delivered,3.5,Suresh
703442,2/18/2025,Surat,Chinese Wok,South Indian,Idli,2,299.21,72.32,44.42,26.3,596.82,51,UPI,Cancelled,,Rahul
703443,3/10/2025,Surat,South Treat,South Indian,Idli,4,340.11,76.32,37.35,64.21,1385.68,20,Cash,Cancelled,,Amit
703444,7/9/2025,Surat,Spice Hub,Beverages,Lassi,5,322.53,11.38,27.22,80.06,1708.55,74,UPI,Delivered,4.1,Vikas
703445,1/11/2026,Vadodara,Chinese Wok,Pizza,Veg Supreme,1,119.93,43.06,21.42,3.84,102.13,61,Wallet,Delivered,3.2,Vikas
703446,2/8/2025,Mumbai,South Treat,South Indian,Uttapam,2,224.21,46.28,51.2,20.11,473.45,22,UPI,Delivered,4.8,Vikas
703447,12/6/2025,Vadodara,Urban Tadka,Beverages,Lassi,5,237.25,40.87,48.7,57.27,1251.35,69,Cash,Delivered,4.6,Karan
703448,12/4/2025,Pune,Biryani Express,Biryani,Veg Biryani,2,159.67,19.1,30.34,15.01,345.59,52,Card,Delivered,3.8,Karan
703449,1/11/2025,Vadodara,Spice Hub,Biryani,Hyderabadi Veg,1,329.28,16.63,58.89,15.63,387.17,30,UPI,Cancelled,,Suresh
703450,2/13/2025,Vadodara,Chinese Wok,Dessert,Ice Cream,1,385.52,33.57,20.77,17.6,390.32,30,Cash,Delivered,3.3,Amit
703451,2/6/2026,Ahmedabad,Urban Tadka,Burger,Cheese Burger,5,129.83,71.59,53.98,28.88,660.42,67,Cash,Delivered,3.1,Priya
703452,9/23/2025,Pune,Biryani Express,Burger,Paneer Burger,1,247.98,2.06,51.65,12.3,309.87,58,UPI,Cancelled,,Karan
703453,3/20/2026,Vadodara,Burger House,Burger,Veg Burger,5,284.5,33.27,30.47,69.46,1489.16,53,UPI,Delivered,4.9,Karan
703454,3/9/2026,Jaipur,Chinese Wok,South Indian,Uttapam,5,349.3,37,38.47,85.48,1833.45,71,Wallet,Delivered,4.1,Ravi
703455,6/7/2025,Jaipur,Burger House,Beverages,Fresh Juice,2,143.04,43.73,26.84,12.12,281.31,31,Wallet,Cancelled,,Neha
703456,3/16/2025,Pune,Pizza Corner,Beverages,Fresh Juice,5,307.66,35.03,55.77,75.16,1634.2,70,Wallet,Delivered,4.5,Suresh
703457,7/27/2025,Pune,Food Fiesta,Dessert,Gulab Jamun,2,295.99,1.66,22.5,29.52,642.34,34,Card,Delivered,4.1,Priya
703458,8/28/2025,Mumbai,Burger House,South Indian,Uttapam,2,122.97,47.78,46.2,9.91,254.27,30,Cash,Delivered,3.8,Ravi
703459,3/14/2025,Rajkot,Urban Tadka,South Indian,Masala Dosa,3,336.48,54.55,53.36,47.74,1055.99,43,Wallet,Delivered,4.9,Amit
703460,2/4/2026,Mumbai,Urban Tadka,Pizza,Farmhouse,3,314.88,74.34,25.01,43.52,938.83,63,Card,Delivered,4.8,Amit
703461,12/14/2025,Pune,Spice Hub,South Indian,Masala Dosa,4,160.26,71.07,55.61,28.5,654.08,71,UPI,Delivered,3.3,Rahul
703462,6/23/2025,Ahmedabad,Burger House,Chinese,Fried Rice,3,104.71,69.31,42.51,12.24,299.57,72,Wallet,Delivered,3.9,Ravi
703463,3/1/2025,Surat,Food Fiesta,Biryani,Hyderabadi Veg,5,395.48,78.07,22.12,94.97,2016.42,48,Card,Cancelled,,Priya
703464,12/21/2025,Surat,Biryani Express,North Indian,Paneer Butter Masala,5,278.51,40.91,46.69,67.58,1465.91,49,UPI,Delivered,3.9,Neha
703465,11/16/2025,Vadodara,Food Fiesta,Pizza,Margherita,5,232.78,42.89,37.22,56.05,1214.28,55,UPI,Delivered,4.4,Ravi
703466,5/4/2026,Jaipur,Urban Tadka,Chinese,Manchurian,4,182.57,26.33,42.23,35.2,781.38,16,Wallet,Delivered,4.8,Rahul
703467,2/26/2026,Rajkot,Chinese Wok,South Indian,Uttapam,5,309.79,43.96,39.89,75.25,1620.13,70,UPI,Delivered,4.7,Rahul
703468,4/10/2025,Gandhinagar,Burger House,Dessert,Gulab Jamun,1,120.71,13.98,38.43,5.34,150.5,74,Card,Delivered,4.7,Neha
703469,9/15/2025,Ahmedabad,Food Fiesta,Biryani,Veg Biryani,4,248.17,48.28,26.8,47.22,1018.42,75,Card,Delivered,4.7,Neha
703470,1/25/2026,Gandhinagar,Urban Tadka,Chinese,Manchurian,5,398.15,72.7,54.13,95.9,2068.08,16,Cash,Cancelled,,Amit
703471,3/31/2026,Vadodara,Food Fiesta,Chinese,Noodles,4,275.26,47.26,39.02,52.69,1145.49,71,UPI,Delivered,3.8,Priya
703472,1/12/2026,Rajkot,Urban Tadka,Burger,Cheese Burger,1,210.35,64.48,57.2,7.29,210.36,54,Wallet,Cancelled,,Karan
703473,6/6/2026,Gandhinagar,Pizza Corner,Biryani,Paneer Biryani,5,255.83,15.78,58.54,63.17,1385.08,30,Cash,Delivered,3.6,Priya
703474,6/14/2025,Rajkot,Burger House,Chinese,Noodles,2,189.87,14.13,53.43,18.28,437.32,34,Wallet,Delivered,3.7,Karan
703475,1/26/2025,Gandhinagar,Burger House,Chinese,Noodles,2,184.32,54.16,51.58,15.72,381.78,72,Cash,Cancelled,,Amit
703476,3/9/2025,Rajkot,Urban Tadka,Chinese,Noodles,2,247.86,27.87,52.28,23.39,543.52,50,Wallet,Delivered,4.2,Karan
703477,9/23/2025,Gandhinagar,Food Fiesta,Burger,Paneer Burger,5,296.94,69.37,27.33,70.77,1513.43,54,Cash,Delivered,4.9,Vikas
703478,11/13/2025,Surat,Biryani Express,Beverages,Lassi,4,168.69,13.22,40.46,33.08,735.08,39,Wallet,Delivered,3.3,Priya
703479,11/13/2025,Rajkot,Food Fiesta,North Indian,Dal Makhani,5,184.87,44.33,23.59,44,947.61,58,Cash,Delivered,4,Vikas
703480,5/6/2025,Pune,Biryani Express,Beverages,Lassi,1,123.47,34.83,45.05,4.43,138.12,61,Card,Delivered,3.9,Suresh
703481,1/10/2026,Rajkot,Burger House,South Indian,Masala Dosa,4,99.08,53.93,57.77,17.12,417.28,21,UPI,Delivered,3.4,Vikas
703482,12/26/2025,Jaipur,Spice Hub,Chinese,Manchurian,2,319.74,39.43,57.01,30,687.06,39,UPI,Delivered,4.4,Ravi
703483,11/14/2025,Gandhinagar,Pizza Corner,North Indian,Dal Makhani,4,337.46,9.5,52.05,67.02,1459.41,54,Wallet,Cancelled,,Suresh
703484,7/21/2025,Rajkot,Spice Hub,South Indian,Masala Dosa,5,280.56,26.1,55.68,68.84,1501.22,28,UPI,Delivered,3.3,Ravi
703485,1/27/2025,Mumbai,Urban Tadka,Pizza,Farmhouse,3,105.4,78.25,30.91,11.9,280.76,56,Card,Delivered,3.1,Suresh
703486,5/20/2026,Ahmedabad,Pizza Corner,Burger,Paneer Burger,3,111.88,65.25,49.8,13.52,333.71,71,Card,Cancelled,,Ravi
703487,4/11/2026,Mumbai,Urban Tadka,Pizza,Margherita,3,289.01,11.57,56.81,42.77,955.04,51,UPI,Delivered,3.6,Karan
703488,3/13/2025,Rajkot,Spice Hub,Burger,Paneer Burger,4,152.87,70.98,39.7,27.03,607.23,23,Card,Cancelled,,Suresh
703489,1/15/2025,Rajkot,Urban Tadka,North Indian,Paneer Butter Masala,1,174.83,44.98,31.01,6.49,167.35,17,Card,Delivered,3.1,Karan
703490,5/3/2025,Ahmedabad,Spice Hub,North Indian,Dal Makhani,5,126.73,1.67,30.69,31.6,694.27,39,Cash,Delivered,4.8,Ravi
703491,1/30/2025,Gandhinagar,Burger House,Chinese,Fried Rice,2,167.08,31.92,41.55,15.11,358.9,62,Card,Delivered,3.5,Amit
703492,7/18/2025,Ahmedabad,Pizza Corner,Pizza,Margherita,4,236.51,66.68,35.17,43.97,958.5,52,Wallet,Cancelled,,Rahul
703493,1/5/2025,Gandhinagar,Chinese Wok,Biryani,Hyderabadi Veg,1,194.88,18.22,23.57,8.83,209.06,70,Card,Cancelled,,Amit
703494,5/4/2025,Mumbai,Urban Tadka,South Indian,Uttapam,3,313.17,27.02,54.66,45.62,1012.77,26,Wallet,Delivered,3.1,Suresh
703495,2/1/2026,Rajkot,Biryani Express,Chinese,Manchurian,1,360.75,51.31,34.75,15.47,359.66,49,UPI,Cancelled,,Ravi
703496,1/3/2025,Mumbai,Pizza Corner,South Indian,Masala Dosa,5,177.84,40.49,56.03,42.44,947.18,63,Card,Delivered,3.6,Rahul
703497,3/10/2026,Surat,Food Fiesta,Chinese,Manchurian,1,342.73,12.01,27.13,16.54,374.39,48,Wallet,Cancelled,,Rahul
703498,10/2/2025,Surat,South Treat,Chinese,Fried Rice,2,93.28,49.74,46.15,6.84,189.81,58,Wallet,Delivered,3.4,Rahul
703499,6/10/2026,Mumbai,Pizza Corner,Burger,Veg Burger,1,230.89,27.9,34.82,10.15,247.96,40,Cash,Delivered,3.9,Vikas
703500,4/26/2025,Rajkot,Biryani Express,Pizza,Veg Supreme,2,104.76,48.1,56.1,8.07,225.59,25,Wallet,Delivered,3.7,Amit
703501,8/25/2025,Ahmedabad,Pizza Corner,Pizza,Farmhouse,2,378.62,62.76,56.33,34.72,785.53,38,Cash,Delivered,3.1,Suresh
703502,9/13/2025,Mumbai,South Treat,North Indian,Paneer Butter Masala,5,370.07,54.3,26.57,89.8,1912.42,15,Wallet,Delivered,3.4,Ravi
703503,11/30/2025,Rajkot,Food Fiesta,Biryani,Hyderabadi Veg,2,89.18,62.09,34.01,5.81,156.09,68,UPI,Cancelled,,Priya
703504,9/21/2025,Surat,Chinese Wok,Beverages,Lassi,3,360.33,35.99,43.46,52.25,1140.71,52,Wallet,Delivered,3.9,Rahul
703505,4/3/2025,Jaipur,Pizza Corner,Chinese,Noodles,5,309.4,56.65,45.18,74.52,1610.05,65,Wallet,Delivered,4.6,Suresh
703506,3/18/2026,Rajkot,Pizza Corner,Burger,Veg Burger,2,225.1,31.14,22.35,20.95,462.36,23,Wallet,Delivered,3.6,Neha
703507,6/30/2025,Vadodara,Pizza Corner,North Indian,Paneer Butter Masala,4,102.91,18.06,54.3,19.68,467.56,32,Card,Cancelled,,Priya
703508,3/17/2026,Gandhinagar,Pizza Corner,Beverages,Cold Coffee,3,168.92,73.68,35.52,21.65,490.25,72,Card,Cancelled,,Vikas
703509,8/21/2025,Ahmedabad,Burger House,Dessert,Brownie,3,313.78,49.92,47.95,44.57,983.94,41,Cash,Delivered,4.9,Ravi
703510,4/21/2025,Surat,South Treat,Pizza,Farmhouse,5,101.18,55.53,42.88,22.52,515.77,22,Cash,Cancelled,,Amit
703511,9/15/2025,Ahmedabad,Chinese Wok,North Indian,Paneer Butter Masala,1,244.64,33.35,51.25,10.56,273.1,19,Card,Delivered,3.2,Neha
703512,3/24/2026,Jaipur,Spice Hub,Pizza,Veg Supreme,2,228.87,4.64,34.97,22.66,510.73,31,Cash,Delivered,3.4,Ravi
703513,7/26/2025,Mumbai,Urban Tadka,Burger,Veg Burger,5,339.55,5.1,47.15,84.63,1824.43,45,Cash,Delivered,5,Ravi
703514,1/28/2026,Mumbai,Urban Tadka,Pizza,Veg Supreme,1,151.49,32.68,43.59,5.94,168.34,68,Card,Delivered,3.4,Amit
703515,3/11/2026,Vadodara,Spice Hub,North Indian,Dal Makhani,3,325.84,2.26,40.71,48.76,1064.73,34,Card,Cancelled,,Priya
703516,6/22/2026,Vadodara,Burger House,Biryani,Veg Biryani,4,177.02,24.82,32.64,34.16,750.06,70,Wallet,Cancelled,,Neha
703517,9/15/2025,Pune,Spice Hub,North Indian,Paneer Butter Masala,1,144.13,35.05,54.07,5.45,168.6,45,Card,Delivered,4.4,Karan
703518,7/18/2025,Jaipur,Spice Hub,South Indian,Uttapam,2,235.99,53.52,30.26,20.92,469.64,60,Wallet,Delivered,3.6,Vikas
703519,1/20/2025,Pune,Chinese Wok,Biryani,Veg Biryani,4,251.65,7.57,50.31,49.95,1099.29,70,UPI,Delivered,4.7,Suresh
703520,12/1/2025,Rajkot,Food Fiesta,South Indian,Masala Dosa,5,262.97,28.64,43.36,64.31,1393.88,35,UPI,Delivered,4,Suresh
703521,10/18/2025,Vadodara,Chinese Wok,Burger,Cheese Burger,3,159.65,8.96,57.81,23.5,551.3,69,UPI,Delivered,3.2,Ravi
703522,4/29/2025,Pune,South Treat,Beverages,Fresh Juice,2,95.16,19.87,58.43,8.52,237.4,43,UPI,Delivered,5,Priya
703523,8/20/2025,Surat,Biryani Express,South Indian,Masala Dosa,5,169.29,8.98,27.46,41.87,906.8,45,Cash,Delivered,3.1,Suresh
703524,11/15/2025,Pune,South Treat,Dessert,Gulab Jamun,2,194.55,23.83,37.24,18.26,420.77,21,UPI,Cancelled,,Ravi
703525,6/18/2025,Surat,Food Fiesta,Biryani,Paneer Biryani,2,268.93,53.08,57.01,24.24,566.03,26,Card,Cancelled,,Neha
703526,5/12/2026,Surat,Pizza Corner,Biryani,Hyderabadi Veg,2,394.03,63.46,49.37,36.23,810.2,54,UPI,Delivered,3.1,Neha
703527,10/8/2025,Jaipur,Pizza Corner,Beverages,Lassi,2,183.03,42.01,29.58,16.2,369.83,46,Cash,Delivered,4.9,Neha
703528,12/15/2025,Vadodara,Food Fiesta,Biryani,Paneer Biryani,1,290.55,78.74,39.34,10.59,261.74,46,UPI,Cancelled,,Amit
703529,4/5/2026,Mumbai,Burger House,Beverages,Lassi,5,319.39,18.62,25.69,78.92,1682.94,26,Cash,Delivered,3.1,Suresh
703530,2/8/2025,Mumbai,Pizza Corner,Pizza,Margherita,4,389.36,30.73,59.61,76.34,1662.66,74,Cash,Delivered,3.4,Ravi
703531,9/23/2025,Pune,Biryani Express,North Indian,Paneer Butter Masala,3,189.54,59.26,53.16,25.47,587.99,28,Card,Cancelled,,Amit
703532,6/9/2025,Gandhinagar,Burger House,Pizza,Margherita,4,282.2,64.59,55.29,53.21,1172.71,74,Card,Delivered,3.1,Amit
703533,4/3/2026,Mumbai,Pizza Corner,Pizza,Veg Supreme,3,239.41,30.23,34.36,34.4,756.76,18,Wallet,Delivered,4.8,Ravi
703534,3/5/2025,Jaipur,Urban Tadka,North Indian,Naan Combo,2,266.77,66.34,50.81,23.36,541.37,63,Wallet,Delivered,3.1,Vikas
703535,8/9/2025,Pune,Pizza Corner,North Indian,Paneer Butter Masala,3,267.17,40.9,40.32,38.03,838.96,44,Card,Delivered,4.1,Neha
703536,8/13/2025,Jaipur,South Treat,Chinese,Fried Rice,3,363.22,29.04,58.98,53.03,1172.63,69,Cash,Delivered,3.5,Ravi
703537,9/14/2025,Pune,Chinese Wok,North Indian,Paneer Butter Masala,5,176.42,3.59,58.84,43.93,981.28,27,UPI,Cancelled,,Amit
703538,6/17/2025,Rajkot,Burger House,South Indian,Uttapam,2,128.42,24.88,56.61,11.6,300.17,74,Card,Delivered,4,Neha
703539,3/12/2026,Gandhinagar,Biryani Express,Pizza,Margherita,5,237.69,76.49,27.4,55.6,1194.96,53,UPI,Delivered,3.5,Neha
703540,1/5/2025,Surat,Pizza Corner,South Indian,Masala Dosa,3,205.4,35.75,25.25,29.02,634.72,58,Card,Delivered,4.1,Vikas
703541,4/2/2025,Pune,Spice Hub,South Indian,Uttapam,2,266.22,38.47,50.4,24.7,569.07,53,Wallet,Cancelled,,Ravi
703542,2/20/2026,Ahmedabad,Biryani Express,Dessert,Ice Cream,5,283.51,22,59.43,69.78,1524.76,51,Cash,Delivered,4.1,Karan
703543,5/8/2025,Surat,South Treat,Burger,Paneer Burger,5,108.68,62.98,46,24.02,550.44,35,UPI,Delivered,4.6,Ravi
703544,9/24/2025,Jaipur,Chinese Wok,Dessert,Gulab Jamun,5,125.64,60.54,20.25,28.38,616.29,69,Cash,Delivered,3.8,Neha
703545,9/23/2025,Mumbai,Pizza Corner,Chinese,Manchurian,5,345.96,8.76,49.74,86.05,1856.83,41,UPI,Delivered,4.8,Suresh
703546,1/10/2025,Vadodara,Urban Tadka,North Indian,Naan Combo,4,305.03,52.61,20.6,58.38,1246.49,75,Cash,Delivered,3.3,Rahul
703547,5/9/2026,Surat,Burger House,Beverages,Lassi,4,265.53,29.43,35.92,51.63,1120.24,17,UPI,Delivered,3.9,Ravi
703548,9/12/2025,Surat,Urban Tadka,Beverages,Cold Coffee,1,128.01,73.92,55.03,2.7,111.82,18,UPI,Delivered,4.5,Ravi
703549,4/9/2025,Mumbai,Pizza Corner,North Indian,Naan Combo,3,383.42,19.2,27.05,56.55,1214.66,45,Wallet,Cancelled,,Ravi
703550,11/19/2025,Gandhinagar,Pizza Corner,Dessert,Brownie,2,83.91,41.67,46.7,6.31,179.16,61,Card,Delivered,4.9,Ravi
703551,3/13/2025,Jaipur,Chinese Wok,Dessert,Ice Cream,3,134.54,52.42,41.07,17.56,409.83,16,Card,Delivered,4.9,Vikas
703552,5/13/2025,Gandhinagar,Pizza Corner,Biryani,Veg Biryani,2,199.39,30.53,20.97,18.41,407.63,21,Card,Cancelled,,Vikas
703553,2/11/2025,Gandhinagar,Burger House,North Indian,Naan Combo,3,213.18,65.99,59.04,28.68,661.27,74,UPI,Cancelled,,Amit
703554,3/27/2025,Ahmedabad,South Treat,Chinese,Manchurian,5,213.55,20.9,36.57,52.34,1135.76,53,Cash,Cancelled,,Amit
703555,3/16/2025,Ahmedabad,Chinese Wok,Dessert,Brownie,5,357.92,49.24,35.25,87.02,1862.63,21,Cash,Cancelled,,Rahul
703556,1/17/2026,Ahmedabad,Burger House,North Indian,Paneer Butter Masala,4,109.62,23.81,33.44,20.73,468.84,43,Card,Delivered,3.8,Vikas
703557,1/23/2025,Rajkot,Pizza Corner,Pizza,Margherita,5,387.76,11.01,48.19,96.39,2072.37,26,Cash,Delivered,3.9,Amit
703558,9/20/2025,Jaipur,Chinese Wok,Biryani,Hyderabadi Veg,2,350.63,31.88,47.58,33.47,750.43,21,UPI,Cancelled,,Rahul
703559,3/25/2025,Rajkot,Biryani Express,Biryani,Veg Biryani,5,224.77,43.59,38.97,54.01,1173.24,75,Card,Cancelled,,Ravi
703560,1/31/2025,Jaipur,Urban Tadka,Chinese,Noodles,2,92.62,26.77,58.25,7.92,224.64,55,UPI,Delivered,3.3,Suresh
703561,5/10/2026,Surat,Urban Tadka,South Indian,Idli,5,151.18,77.55,54.02,33.92,766.29,53,Card,Delivered,4.8,Karan
703562,9/13/2025,Pune,Burger House,Beverages,Lassi,4,357.01,64.19,51.14,68.19,1483.18,58,Wallet,Delivered,4.7,Ravi
703563,5/2/2025,Surat,Urban Tadka,Dessert,Brownie,4,192.33,48.79,28.87,36.03,785.43,67,Cash,Delivered,4.6,Amit
703564,5/7/2025,Pune,Burger House,Dessert,Ice Cream,1,365.12,51.25,20.66,15.69,350.22,71,Card,Cancelled,,Ravi
703565,11/17/2025,Mumbai,Burger House,Dessert,Brownie,5,384.58,68.78,38.09,92.71,1984.92,60,Wallet,Delivered,3.5,Amit
703566,6/14/2025,Surat,Biryani Express,South Indian,Idli,5,302.69,76.58,25.09,71.84,1533.8,15,Cash,Delivered,3,Rahul
703567,1/7/2025,Pune,Burger House,South Indian,Idli,4,233.98,20.02,25.79,45.8,987.49,45,Wallet,Delivered,4.2,Vikas
703568,1/24/2025,Pune,Urban Tadka,North Indian,Naan Combo,2,162.98,9.19,49.04,15.84,381.65,55,Wallet,Delivered,4.6,Vikas
703569,3/8/2026,Vadodara,Pizza Corner,Chinese,Noodles,4,205.06,11.87,36.26,40.42,885.05,28,Wallet,Cancelled,,Rahul
703570,1/8/2026,Pune,Burger House,Beverages,Cold Coffee,1,321,4.96,24.59,15.8,356.43,64,Wallet,Delivered,3.3,Ravi
703571,1/21/2025,Jaipur,Urban Tadka,Beverages,Lassi,4,100.38,31.25,31.15,18.51,419.93,61,Wallet,Delivered,3.6,Rahul
703572,8/20/2025,Vadodara,Burger House,Pizza,Veg Supreme,5,86.87,4.5,21.68,21.49,473.02,58,Wallet,Delivered,3.5,Karan
703573,4/1/2025,Pune,Burger House,Biryani,Hyderabadi Veg,2,141.68,15.9,49.36,13.37,330.19,61,Card,Delivered,3.6,Karan
703574,6/18/2025,Ahmedabad,Urban Tadka,Biryani,Paneer Biryani,5,348.65,46.96,38.66,84.81,1819.76,39,Cash,Delivered,4.3,Rahul
703575,11/30/2025,Jaipur,Urban Tadka,Biryani,Hyderabadi Veg,5,340.39,3.62,25.56,84.92,1808.81,23,Cash,Delivered,4.5,Rahul
703576,3/24/2026,Vadodara,Burger House,South Indian,Masala Dosa,5,246.9,35.2,21.11,59.97,1280.38,21,Cash,Delivered,4.2,Ravi
703577,10/23/2025,Ahmedabad,Burger House,Pizza,Farmhouse,2,154.43,32.23,38.33,13.83,328.79,17,Wallet,Delivered,4.9,Amit
703578,8/18/2025,Ahmedabad,Biryani Express,Biryani,Paneer Biryani,4,171.52,78.18,39.18,30.4,677.48,70,Card,Delivered,4.2,Amit
703579,8/8/2025,Mumbai,Food Fiesta,North Indian,Paneer Butter Masala,2,302.56,49.27,25.55,27.79,609.19,49,Wallet,Delivered,3.2,Vikas
703580,6/12/2025,Vadodara,Food Fiesta,Biryani,Paneer Biryani,2,186.57,34.72,25.25,16.92,380.59,16,UPI,Delivered,3.1,Suresh
703581,3/24/2025,Surat,Biryani Express,Dessert,Ice Cream,4,98.15,4.36,28.64,19.41,436.29,53,Cash,Delivered,4.9,Rahul
703582,2/7/2025,Vadodara,South Treat,Biryani,Veg Biryani,5,145.53,28.42,27.7,34.96,761.89,57,UPI,Cancelled,,Neha
703583,7/2/2025,Jaipur,Chinese Wok,North Indian,Dal Makhani,1,218.34,71.8,39.68,7.33,193.55,62,UPI,Cancelled,,Rahul
703584,7/21/2025,Ahmedabad,Biryani Express,South Indian,Uttapam,1,182.73,36.74,50.56,7.3,203.85,20,UPI,Delivered,3.6,Ravi
703585,5/8/2026,Rajkot,South Treat,Chinese,Manchurian,3,180.97,63.25,46.01,23.98,549.65,49,Wallet,Delivered,3.9,Vikas
703586,9/9/2025,Vadodara,Food Fiesta,South Indian,Uttapam,4,163.61,32.72,54.31,31.09,707.12,31,UPI,Delivered,4.6,Suresh
703587,1/14/2026,Ahmedabad,Chinese Wok,South Indian,Uttapam,1,343.68,44.58,49.19,14.96,363.25,28,Card,Delivered,4,Amit
703588,2/6/2025,Surat,Biryani Express,Dessert,Brownie,5,306.37,33.37,38.06,74.92,1611.46,74,UPI,Delivered,4.7,Priya
703589,3/18/2025,Gandhinagar,Pizza Corner,Beverages,Lassi,5,86.31,35.06,44.56,19.82,460.87,74,Cash,Delivered,4.3,Vikas
703590,7/12/2025,Pune,Spice Hub,South Indian,Idli,4,194.2,56.01,25.84,36.04,782.67,20,Wallet,Delivered,3.5,Ravi
703591,5/15/2026,Mumbai,South Treat,Biryani,Hyderabadi Veg,3,114.42,40.62,42.75,15.13,360.52,60,UPI,Cancelled,,Suresh
703592,6/12/2026,Surat,Pizza Corner,Biryani,Veg Biryani,3,176.76,7.39,30.78,26.14,579.81,54,Card,Delivered,3.5,Rahul
703593,2/27/2026,Rajkot,Pizza Corner,Beverages,Cold Coffee,1,289.19,17.12,24.48,13.6,310.15,49,UPI,Cancelled,,Suresh
703594,8/29/2025,Surat,Chinese Wok,Beverages,Lassi,2,88.23,34.06,32.71,7.12,182.23,64,Card,Delivered,3.1,Amit
703595,6/15/2025,Mumbai,Spice Hub,Burger,Veg Burger,3,355.45,78.58,45.44,49.39,1082.6,19,UPI,Cancelled,,Rahul
703596,1/28/2025,Rajkot,Burger House,Burger,Cheese Burger,2,144.09,75.82,43.89,10.62,266.87,30,UPI,Delivered,4.6,Rahul
703597,5/20/2025,Surat,Biryani Express,Dessert,Gulab Jamun,5,314.91,12.2,46.09,78.12,1686.56,59,Cash,Delivered,3.4,Neha
703598,5/17/2026,Mumbai,Pizza Corner,Beverages,Lassi,4,243.8,73.24,21.98,45.1,969.04,42,Card,Delivered,3.4,Ravi
703599,5/17/2026,Pune,Urban Tadka,Burger,Cheese Burger,5,319.18,55.73,35.43,77.01,1652.61,65,UPI,Delivered,4,Karan
703600,4/11/2026,Gandhinagar,Pizza Corner,North Indian,Naan Combo,5,172.64,12.03,47.55,42.56,941.28,66,Card,Cancelled,,Karan
703601,4/9/2026,Pune,Food Fiesta,Chinese,Fried Rice,1,143.24,23.86,55.94,5.97,181.29,35,UPI,Delivered,3.5,Suresh
703602,1/10/2026,Vadodara,Burger House,North Indian,Naan Combo,4,205.95,31.19,49.62,39.63,881.86,67,UPI,Delivered,3.7,Neha
703603,6/3/2026,Vadodara,Urban Tadka,Biryani,Paneer Biryani,1,179.66,70.69,30.5,5.45,144.92,63,Card,Cancelled,,Vikas
703604,10/4/2025,Jaipur,Spice Hub,Chinese,Manchurian,3,266.05,29.42,43.4,38.44,850.57,53,Cash,Delivered,3.1,Neha
703605,2/4/2026,Vadodara,Pizza Corner,North Indian,Paneer Butter Masala,2,253.83,68.14,44.71,21.98,506.21,65,Cash,Delivered,4.8,Rahul
703606,9/11/2025,Vadodara,Pizza Corner,South Indian,Uttapam,1,99.8,33.87,48.45,3.3,117.68,21,UPI,Delivered,3.4,Karan
703607,12/3/2025,Ahmedabad,Burger House,Beverages,Cold Coffee,5,219.64,74.42,32.3,51.19,1107.27,68,Card,Delivered,4.5,Vikas
703608,9/8/2025,Pune,Burger House,Biryani,Hyderabadi Veg,2,291.11,42.91,38.64,26.97,604.92,67,Wallet,Delivered,3.6,Ravi
703609,3/21/2025,Rajkot,Pizza Corner,Biryani,Hyderabadi Veg,1,152.25,56.3,27.13,4.8,127.88,73,Wallet,Cancelled,,Amit
703610,5/26/2026,Pune,Chinese Wok,Chinese,Manchurian,3,260.39,4.2,20.55,38.85,836.37,60,Card,Cancelled,,Karan
703611,4/10/2026,Jaipur,Pizza Corner,Chinese,Manchurian,2,332.48,44.84,38.76,31.01,689.89,62,Wallet,Delivered,4.9,Neha
703612,4/18/2025,Vadodara,Urban Tadka,Biryani,Paneer Biryani,1,258.63,74.13,37.49,9.22,231.21,65,UPI,Delivered,3.4,Priya
703613,6/25/2026,Pune,South Treat,Burger,Veg Burger,5,342.93,61.19,35.83,82.67,1771.96,34,Wallet,Delivered,4.4,Ravi
703614,8/7/2025,Mumbai,Burger House,Biryani,Veg Biryani,1,149.34,24.76,22.76,6.23,153.57,53,Cash,Delivered,3.1,Amit
703615,5/4/2026,Surat,Biryani Express,North Indian,Naan Combo,1,193.87,27.05,24.92,8.34,200.08,65,UPI,Delivered,3.6,Vikas
703616,6/27/2025,Gandhinagar,Chinese Wok,Pizza,Veg Supreme,4,182.44,21.42,59.41,35.42,803.17,21,Wallet,Delivered,5,Karan
703617,2/15/2025,Ahmedabad,Urban Tadka,Dessert,Brownie,4,191.24,32.99,47.39,36.6,815.96,23,Card,Delivered,3.6,Rahul
703618,10/10/2025,Mumbai,Burger House,Pizza,Veg Supreme,3,367.54,0.39,45.05,55.11,1202.39,60,Card,Cancelled,,Rahul
703619,11/9/2025,Gandhinagar,Spice Hub,Chinese,Manchurian,5,318.21,14.84,49.54,78.81,1704.56,73,Wallet,Cancelled,,Ravi
703620,4/19/2025,Mumbai,Burger House,Beverages,Cold Coffee,2,280.49,47.88,30.5,25.66,569.26,53,UPI,Cancelled,,Rahul
703621,1/1/2026,Pune,Biryani Express,Biryani,Hyderabadi Veg,5,162.72,6.43,39.99,40.36,887.52,59,UPI,Delivered,4.1,Rahul
703622,11/1/2025,Jaipur,Biryani Express,North Indian,Dal Makhani,1,251.6,23.56,36.32,11.4,275.76,46,UPI,Cancelled,,Ravi
703623,6/5/2025,Rajkot,Food Fiesta,South Indian,Idli,2,252.58,73.2,41.57,21.6,495.13,69,Cash,Delivered,3.4,Karan
703624,4/22/2026,Vadodara,Pizza Corner,Biryani,Hyderabadi Veg,5,213.51,62.55,45.67,50.25,1100.92,41,Wallet,Delivered,4.1,Karan
703625,1/3/2026,Vadodara,Urban Tadka,Beverages,Lassi,2,146.48,35.83,30.86,12.86,300.85,18,UPI,Delivered,4.8,Priya
703626,2/24/2025,Jaipur,Burger House,Pizza,Farmhouse,5,104.81,38.71,21.59,24.27,531.2,42,Wallet,Cancelled,,Priya
703627,12/4/2025,Surat,Food Fiesta,Beverages,Cold Coffee,2,118.22,75.76,23.87,8.03,192.58,46,Wallet,Delivered,4.3,Karan
703628,9/26/2025,Ahmedabad,Chinese Wok,Biryani,Veg Biryani,5,318.65,27.16,41.59,78.3,1685.98,59,Cash,Delivered,5,Vikas
703629,11/1/2025,Vadodara,Burger House,Biryani,Paneer Biryani,3,387.06,71.08,25.4,54.51,1170.01,69,UPI,Cancelled,,Amit
703630,7/28/2025,Jaipur,Burger House,Biryani,Paneer Biryani,3,313.01,45.04,31.84,44.7,970.53,29,UPI,Delivered,4.5,Rahul
703631,8/23/2025,Ahmedabad,Chinese Wok,Biryani,Paneer Biryani,1,103.5,31.43,48.95,3.6,124.62,36,Wallet,Delivered,3.6,Amit
703632,1/31/2025,Mumbai,Burger House,Dessert,Ice Cream,1,177.2,30.42,54.31,7.34,208.43,56,Card,Delivered,3.9,Karan
703633,6/27/2025,Vadodara,Food Fiesta,Biryani,Paneer Biryani,5,314.81,25.17,36.49,77.44,1662.81,46,Cash,Delivered,3.7,Amit
703634,1/30/2026,Pune,Urban Tadka,Beverages,Lassi,3,375.72,26.92,33.8,55.01,1189.05,65,UPI,Cancelled,,Vikas
703635,2/14/2026,Mumbai,Chinese Wok,Burger,Cheese Burger,3,281.36,70.2,39.48,38.69,852.05,75,UPI,Delivered,4.2,Rahul
703636,4/9/2025,Vadodara,Burger House,Dessert,Ice Cream,4,212.94,68.67,29.9,39.15,852.14,31,UPI,Delivered,3.7,Ravi
703637,4/7/2025,Rajkot,South Treat,Pizza,Veg Supreme,5,346.63,26.77,53.3,85.32,1845,70,Cash,Delivered,3.4,Ravi
703638,8/14/2025,Surat,Biryani Express,Beverages,Fresh Juice,2,382.77,3.46,39.87,38.1,840.05,61,Wallet,Delivered,3.7,Amit
703639,8/15/2025,Gandhinagar,Burger House,North Indian,Dal Makhani,4,170.82,36.4,32.81,32.34,712.03,48,Cash,Cancelled,,Rahul
703640,6/13/2025,Mumbai,Burger House,Dessert,Brownie,3,287.07,68.98,25.51,39.61,857.35,35,Wallet,Delivered,3.1,Rahul
703641,4/3/2025,Jaipur,Pizza Corner,Pizza,Margherita,2,97.62,8.88,42.9,9.32,238.58,37,Cash,Delivered,3.3,Amit
703642,8/1/2025,Jaipur,Food Fiesta,North Indian,Paneer Butter Masala,2,377.42,7.07,42.39,37.39,827.55,33,Card,Cancelled,,Priya
703643,11/18/2025,Vadodara,Chinese Wok,Burger,Paneer Burger,3,136.15,47.76,51.07,18.03,429.79,15,UPI,Delivered,4,Neha
703644,11/29/2025,Rajkot,South Treat,Pizza,Veg Supreme,3,355.76,33.87,45.11,51.67,1130.19,47,Card,Cancelled,,Ravi
703645,7/30/2025,Rajkot,Spice Hub,Chinese,Noodles,4,330.36,10,58.74,65.57,1435.75,66,Card,Delivered,4.4,Ravi
703646,6/6/2025,Gandhinagar,Burger House,Pizza,Veg Supreme,4,298.79,49.26,32.57,57.3,1235.77,59,Cash,Delivered,3.1,Suresh
703647,4/4/2025,Pune,Urban Tadka,North Indian,Paneer Butter Masala,4,221.55,44.29,59.97,42.1,943.98,70,Wallet,Cancelled,,Ravi
703648,12/29/2025,Gandhinagar,Biryani Express,Chinese,Noodles,3,333.05,27.36,54.62,48.59,1075,27,Wallet,Delivered,3.9,Ravi
703649,9/3/2025,Rajkot,Spice Hub,Dessert,Brownie,1,354.09,58.39,30.56,14.79,341.05,59,Card,Delivered,4.8,Neha
703650,6/15/2026,Rajkot,Pizza Corner,North Indian,Naan Combo,4,124.4,14.23,55.61,24.17,563.15,56,UPI,Delivered,4.6,Amit
703651,6/12/2025,Vadodara,Food Fiesta,Biryani,Paneer Biryani,2,320.48,35.17,53.94,30.29,690.02,62,Card,Delivered,4.9,Suresh
703652,8/14/2025,Ahmedabad,Biryani Express,Biryani,Hyderabadi Veg,5,225.12,42.65,50.47,54.15,1187.57,61,Wallet,Delivered,5,Rahul
703653,2/17/2025,Ahmedabad,Pizza Corner,North Indian,Paneer Butter Masala,3,331.51,74.92,22.18,45.98,987.77,40,UPI,Delivered,4.5,Karan
703654,4/24/2025,Surat,Biryani Express,Chinese,Manchurian,1,297.79,68.31,42.51,11.47,283.46,24,Wallet,Delivered,3.9,Suresh
703655,2/8/2025,Jaipur,Food Fiesta,Pizza,Veg Supreme,2,336.72,55.71,53.4,30.89,702.02,46,Card,Delivered,4.4,Amit
703656,8/23/2025,Surat,Biryani Express,South Indian,Uttapam,5,102.22,67.48,33.29,22.18,499.09,32,Wallet,Delivered,4.7,Karan
703657,3/9/2026,Vadodara,Urban Tadka,Chinese,Manchurian,4,376.44,1.53,35.99,75.21,1615.43,50,Cash,Delivered,3.1,Suresh
703658,11/15/2025,Gandhinagar,Burger House,North Indian,Naan Combo,2,394.04,48.66,27.35,36.97,803.74,71,UPI,Delivered,3.9,Karan
703659,6/10/2026,Gandhinagar,Spice Hub,Chinese,Manchurian,3,215.69,59.96,30.03,29.36,646.5,63,Card,Cancelled,,Amit
703660,2/16/2026,Rajkot,Pizza Corner,Chinese,Fried Rice,4,301.37,78.98,51.47,56.33,1234.3,72,Wallet,Delivered,4.8,Vikas
703661,4/26/2026,Gandhinagar,Spice Hub,Beverages,Lassi,4,270.13,60.4,38.18,51.01,1109.31,28,Cash,Delivered,4.9,Priya
703662,5/9/2026,Surat,Biryani Express,Pizza,Margherita,5,106.24,10.54,36.25,26.03,582.94,40,Cash,Delivered,4.4,Priya
703663,2/2/2025,Vadodara,Pizza Corner,North Indian,Paneer Butter Masala,3,331.53,15.12,58.19,48.97,1086.63,69,Wallet,Delivered,3.2,Ravi
703664,4/26/2026,Jaipur,South Treat,Biryani,Paneer Biryani,4,293.29,38.94,58.54,56.71,1249.47,30,Card,Cancelled,,Neha
703665,8/9/2025,Vadodara,Urban Tadka,Chinese,Manchurian,1,213.13,23.43,22.8,9.48,221.98,33,Cash,Delivered,4.1,Vikas
703666,4/6/2025,Pune,Biryani Express,Chinese,Fried Rice,1,91.81,69.54,58.87,1.11,82.25,75,UPI,Delivered,4.1,Suresh
703667,5/14/2026,Gandhinagar,Food Fiesta,Chinese,Fried Rice,3,362.91,74.13,43.47,50.73,1108.8,61,UPI,Cancelled,,Priya
703668,1/16/2025,Surat,Urban Tadka,Dessert,Brownie,3,140.44,39.86,47.21,19.07,447.74,31,Wallet,Delivered,4.3,Priya
703669,2/19/2025,Ahmedabad,Burger House,Burger,Veg Burger,1,389.63,79.29,41.91,15.52,367.77,61,Cash,Delivered,3.3,Ravi
703670,11/20/2025,Vadodara,South Treat,Dessert,Gulab Jamun,1,378.21,10.02,38.85,18.41,425.45,34,Cash,Cancelled,,Priya
703671,5/19/2025,Jaipur,South Treat,Beverages,Fresh Juice,5,198.08,18.72,44.73,48.58,1064.99,50,Cash,Delivered,3.6,Neha
703672,10/27/2025,Vadodara,Urban Tadka,North Indian,Paneer Butter Masala,2,341.61,68.43,53.87,30.74,699.4,74,UPI,Cancelled,,Rahul
703673,5/27/2026,Surat,Biryani Express,Burger,Veg Burger,4,367.68,56.72,51.45,70.7,1536.15,65,Card,Delivered,4.9,Suresh
703674,5/22/2026,Gandhinagar,Urban Tadka,Dessert,Brownie,3,151.41,19.78,36.91,21.72,493.08,38,Cash,Delivered,4,Rahul
703675,7/15/2025,Surat,Urban Tadka,Beverages,Cold Coffee,3,138.3,38.93,30.92,18.8,425.69,36,UPI,Delivered,4.6,Karan
703676,6/25/2026,Gandhinagar,Chinese Wok,Biryani,Veg Biryani,5,292.45,2.77,27.59,72.97,1560.04,22,Wallet,Delivered,3.4,Ravi
703677,9/25/2025,Surat,Burger House,South Indian,Idli,1,282.14,10.71,43.38,13.57,328.38,67,Wallet,Delivered,4.9,Ravi
703678,3/3/2026,Pune,Biryani Express,South Indian,Masala Dosa,3,216.57,44.33,20.26,30.27,655.91,26,Cash,Delivered,3.1,Priya
703679,4/8/2026,Rajkot,Burger House,South Indian,Uttapam,1,281.57,61.39,32.54,11.01,263.73,41,Wallet,Delivered,3.5,Ravi
703680,9/14/2025,Mumbai,Pizza Corner,Biryani,Veg Biryani,4,376.6,14.77,41.55,74.58,1607.76,73,Wallet,Cancelled,,Vikas
703681,6/13/2026,Rajkot,Chinese Wok,Chinese,Fried Rice,4,177.22,40.14,49.51,33.44,751.69,74,Cash,Delivered,3.7,Ravi
703682,1/16/2025,Pune,South Treat,South Indian,Uttapam,5,326.44,54.17,29.98,78.9,1686.91,65,Cash,Delivered,3.6,Neha
703683,9/20/2025,Surat,Biryani Express,Pizza,Veg Supreme,1,293.42,51.36,24.03,12.1,278.19,30,Cash,Cancelled,,Suresh
703684,11/25/2025,Pune,Burger House,Chinese,Manchurian,4,96.45,59.78,47.26,16.3,389.58,46,Wallet,Cancelled,,Rahul
703685,6/3/2025,Gandhinagar,Pizza Corner,South Indian,Masala Dosa,3,341.85,75.68,32.3,47.49,1029.66,42,UPI,Cancelled,,Priya
703686,10/13/2025,Mumbai,Chinese Wok,Beverages,Fresh Juice,4,104.91,29.21,56.54,19.52,466.49,56,UPI,Delivered,4.8,Suresh
703687,4/20/2025,Jaipur,Food Fiesta,Pizza,Margherita,2,84.32,10.78,54.41,7.89,220.16,40,UPI,Delivered,4.8,Priya
703688,1/19/2026,Surat,Burger House,Chinese,Fried Rice,1,341.15,72.5,39.65,13.43,321.73,43,Wallet,Delivered,3.9,Vikas
703689,10/16/2025,Gandhinagar,Burger House,North Indian,Naan Combo,3,115.74,8.51,34.06,16.94,389.71,57,UPI,Delivered,3.9,Karan
703690,5/23/2026,Rajkot,Burger House,Beverages,Lassi,4,169.58,45.69,22.86,31.63,687.12,75,UPI,Cancelled,,Neha
703691,2/27/2025,Gandhinagar,Food Fiesta,Dessert,Gulab Jamun,4,224.16,41.14,37.74,42.78,936.02,27,Cash,Delivered,4.9,Neha
703692,4/22/2026,Rajkot,Biryani Express,Burger,Cheese Burger,5,284.46,75.53,59.15,67.34,1473.26,41,Wallet,Delivered,3.3,Amit
703693,4/13/2025,Surat,Food Fiesta,Pizza,Farmhouse,4,139.06,52.82,26.7,25.17,555.29,21,Card,Delivered,4.5,Ravi
703694,12/3/2025,Gandhinagar,Urban Tadka,Chinese,Noodles,5,84.84,43.02,21.67,19.06,421.91,75,Cash,Delivered,3.7,Suresh
703695,11/27/2025,Vadodara,South Treat,North Indian,Naan Combo,2,113.81,70.96,51.33,7.83,215.82,58,Cash,Cancelled,,Amit
703696,8/16/2025,Ahmedabad,Burger House,Dessert,Ice Cream,5,135.08,78.44,36.1,29.85,662.91,59,Cash,Delivered,3.3,Rahul
703697,3/17/2026,Pune,Urban Tadka,North Indian,Naan Combo,5,385.07,75.29,41.24,92.5,1983.8,41,UPI,Cancelled,,Neha
703698,4/28/2026,Gandhinagar,South Treat,South Indian,Idli,5,321.11,6.33,43.87,79.96,1723.05,35,Wallet,Cancelled,,Amit
703699,7/23/2025,Vadodara,Burger House,South Indian,Masala Dosa,2,218.04,20.53,59.88,20.78,496.21,19,Cash,Delivered,3.6,Ravi
703700,6/8/2025,Vadodara,Urban Tadka,South Indian,Uttapam,1,293.5,29.49,48.17,13.2,325.38,54,Card,Delivered,4.4,Priya
703701,4/24/2025,Gandhinagar,Urban Tadka,Dessert,Brownie,3,240.46,31.46,29.48,34.5,753.9,73,Wallet,Delivered,3,Suresh
703702,5/10/2026,Gandhinagar,Pizza Corner,Burger,Veg Burger,5,286.73,78.78,24.19,67.74,1446.8,65,Card,Delivered,3.2,Priya
703703,4/28/2025,Jaipur,Spice Hub,Pizza,Veg Supreme,4,285.86,36.6,57.95,55.34,1220.13,38,UPI,Delivered,4.9,Suresh
703704,1/24/2025,Mumbai,Burger House,South Indian,Uttapam,2,395.05,59.78,22.71,36.52,789.55,36,UPI,Cancelled,,Karan
703705,2/8/2025,Mumbai,Pizza Corner,Biryani,Paneer Biryani,2,170.89,43.62,25.68,14.91,338.75,34,Card,Delivered,3.5,Ravi
703706,5/25/2026,Mumbai,Chinese Wok,Chinese,Noodles,5,284.51,63.48,41.04,67.95,1468.06,54,UPI,Delivered,3.2,Rahul
703707,3/11/2026,Ahmedabad,South Treat,Biryani,Paneer Biryani,4,217.3,72.18,53.14,39.85,890.01,35,Card,Delivered,3.4,Karan
703708,5/3/2026,Gandhinagar,Pizza Corner,Beverages,Cold Coffee,3,110.04,10.31,38.79,15.99,374.59,53,Card,Delivered,4.1,Karan
703709,3/28/2026,Ahmedabad,Burger House,North Indian,Dal Makhani,3,102.25,0.9,50.97,15.29,372.11,21,Card,Delivered,4.8,Rahul
703710,7/30/2025,Mumbai,Urban Tadka,Burger,Paneer Burger,5,271.32,72.57,32.78,64.2,1381.01,74,UPI,Delivered,4,Rahul
703711,4/26/2025,Gandhinagar,Spice Hub,North Indian,Dal Makhani,3,189.45,9.22,28.19,27.96,615.28,27,Wallet,Cancelled,,Ravi
703712,1/16/2026,Vadodara,South Treat,North Indian,Naan Combo,1,362.04,44.55,47.56,15.87,380.92,45,Card,Delivered,5,Neha
703713,6/19/2026,Mumbai,South Treat,Burger,Cheese Burger,1,114.31,51.15,51.64,3.16,117.96,45,Card,Delivered,4.7,Rahul
703714,3/10/2026,Gandhinagar,Food Fiesta,Beverages,Lassi,3,293.37,69,39.88,40.56,891.55,55,Cash,Delivered,4.1,Karan
703715,6/8/2025,Mumbai,South Treat,Chinese,Noodles,5,117.66,18.41,41.6,28.49,639.98,32,Card,Delivered,4.6,Rahul
703716,10/28/2025,Jaipur,Pizza Corner,Biryani,Veg Biryani,3,127.94,41.54,37.58,17.11,396.97,65,Cash,Cancelled,,Ravi
703717,5/11/2025,Vadodara,Burger House,Burger,Veg Burger,3,177.94,75.57,46.39,22.91,527.55,62,Wallet,Delivered,4.1,Amit
703718,1/11/2025,Rajkot,Chinese Wok,South Indian,Masala Dosa,1,297.24,15.49,36.59,14.09,332.43,68,UPI,Delivered,4.5,Ravi
703719,1/20/2025,Gandhinagar,Burger House,Dessert,Brownie,5,93.81,74.46,40.53,19.73,454.85,45,Card,Delivered,4.3,Neha
703720,1/21/2025,Gandhinagar,Urban Tadka,Chinese,Manchurian,5,384.25,66.71,56.94,92.73,2004.21,40,Cash,Cancelled,,Priya
703721,1/7/2026,Pune,South Treat,South Indian,Uttapam,1,137.04,24.81,57.64,5.61,175.48,26,Wallet,Cancelled,,Vikas
703722,9/10/2025,Mumbai,Food Fiesta,Chinese,Fried Rice,2,394.89,27.6,49.07,38.11,849.36,20,UPI,Delivered,4.8,Ravi
703723,3/24/2026,Jaipur,Pizza Corner,Beverages,Cold Coffee,3,388.13,74.39,59.6,54.5,1204.1,57,Wallet,Cancelled,,Rahul
703724,4/21/2026,Mumbai,South Treat,Beverages,Fresh Juice,4,188.14,73.05,34.44,33.98,747.93,70,Wallet,Delivered,3.4,Rahul
703725,11/5/2025,Pune,Urban Tadka,Dessert,Gulab Jamun,4,386.23,13.5,35.82,76.57,1643.81,38,UPI,Cancelled,,Ravi
703726,3/22/2025,Jaipur,South Treat,North Indian,Dal Makhani,3,189.26,53.8,39.79,25.7,579.47,50,Card,Delivered,4,Vikas
703727,9/9/2025,Jaipur,Spice Hub,Beverages,Fresh Juice,4,285.78,64.81,54.15,53.92,1186.38,19,Cash,Delivered,4.5,Suresh
703728,6/3/2025,Pune,Spice Hub,South Indian,Masala Dosa,2,201.13,38.76,45.15,18.18,426.83,38,UPI,Delivered,4.5,Rahul
703729,9/1/2025,Ahmedabad,Chinese Wok,Chinese,Fried Rice,3,312.77,16.77,59.32,46.08,1026.94,19,UPI,Cancelled,,Vikas
703730,10/5/2025,Jaipur,Biryani Express,Burger,Paneer Burger,5,168.67,37.61,21.11,40.29,867.14,54,Wallet,Delivered,3.6,Ravi
703731,6/19/2026,Vadodara,Food Fiesta,Chinese,Manchurian,5,113.18,33.92,34.67,26.6,593.25,54,Card,Delivered,4.1,Karan
703732,3/15/2025,Ahmedabad,Chinese Wok,Beverages,Fresh Juice,2,141.25,36.13,47.33,12.32,306.02,25,Wallet,Delivered,4.2,Priya
703733,3/5/2026,Vadodara,Spice Hub,South Indian,Masala Dosa,4,278.9,12.23,30.78,55.17,1189.32,16,Card,Delivered,4.1,Neha
703734,6/29/2025,Mumbai,Pizza Corner,South Indian,Uttapam,1,326.86,18.19,59.91,15.43,384.01,60,UPI,Delivered,3,Neha
703735,12/25/2025,Mumbai,Biryani Express,Burger,Paneer Burger,2,384.56,24.36,23.25,37.24,805.25,31,Card,Cancelled,,Vikas
703736,4/15/2025,Jaipur,Spice Hub,South Indian,Uttapam,2,332.46,58.84,52.49,30.3,688.87,50,UPI,Delivered,3.5,Karan
703737,2/5/2026,Pune,Burger House,Beverages,Lassi,4,137.29,21.89,55.9,26.36,609.53,56,Cash,Delivered,4.8,Neha
703738,11/29/2025,Surat,Urban Tadka,South Indian,Idli,5,348.51,59.32,35.01,84.16,1802.4,32,UPI,Delivered,3.1,Vikas
703739,5/15/2026,Surat,Chinese Wok,Pizza,Veg Supreme,3,266.42,11.08,35.02,39.41,862.61,66,Card,Cancelled,,Priya
703740,12/21/2025,Pune,Pizza Corner,Beverages,Fresh Juice,3,96.86,74.43,45.97,10.81,272.93,26,Cash,Delivered,4.6,Neha
703741,7/19/2025,Pune,Urban Tadka,Chinese,Noodles,3,101.21,43.42,37.94,13.01,311.16,54,Wallet,Delivered,5,Neha
703742,3/21/2025,Rajkot,Food Fiesta,Burger,Veg Burger,5,399.77,11.97,58.3,99.34,2144.52,69,Cash,Delivered,3.2,Ravi
703743,6/3/2025,Rajkot,South Treat,Beverages,Cold Coffee,4,332.07,0.13,39.3,66.41,1433.86,39,Wallet,Cancelled,,Karan
703744,5/21/2025,Rajkot,Spice Hub,Chinese,Noodles,2,358.3,58.16,23.85,32.92,715.21,58,Cash,Cancelled,,Karan
703745,6/19/2025,Pune,Biryani Express,Pizza,Veg Supreme,5,329.6,46.91,30.39,80.05,1711.53,62,Card,Delivered,3.5,Vikas
703746,9/12/2025,Vadodara,Pizza Corner,Burger,Cheese Burger,1,343,40.52,27.49,15.12,345.09,74,Cash,Delivered,5,Ravi
703747,3/15/2025,Jaipur,Spice Hub,Beverages,Lassi,2,285.36,70.64,42.68,25,567.76,47,Card,Delivered,3.9,Ravi
703748,7/30/2025,Pune,Chinese Wok,North Indian,Paneer Butter Masala,2,220.92,4.59,29.09,21.86,488.2,24,Cash,Cancelled,,Ravi
703749,10/12/2025,Surat,Urban Tadka,Burger,Paneer Burger,4,357.47,59.32,41.14,68.53,1480.23,24,Cash,Delivered,4,Karan
703750,1/10/2025,Surat,Chinese Wok,Dessert,Ice Cream,5,114.07,35.25,55.84,26.75,617.69,65,Wallet,Delivered,3.6,Priya
703751,2/15/2026,Gandhinagar,Food Fiesta,Beverages,Lassi,3,217.17,77.44,51.12,28.7,653.89,74,Wallet,Delivered,3.2,Vikas
703752,4/13/2026,Surat,South Treat,South Indian,Idli,2,394.94,11.91,54.79,38.9,871.66,36,Cash,Delivered,4.2,Priya
703753,1/14/2025,Mumbai,Food Fiesta,North Indian,Naan Combo,4,268.38,26.2,58.92,52.37,1158.61,31,UPI,Delivered,4.8,Neha
703754,12/18/2025,Ahmedabad,Chinese Wok,North Indian,Paneer Butter Masala,2,304.03,13.17,51.5,29.74,676.13,41,UPI,Cancelled,,Karan
703755,3/21/2026,Rajkot,Biryani Express,Burger,Veg Burger,5,333.02,74.16,26.12,79.55,1696.61,71,Card,Cancelled,,Ravi
703756,9/11/2025,Ahmedabad,Burger House,Pizza,Margherita,5,304.5,18.87,58,75.18,1636.81,16,Cash,Delivered,4.1,Ravi
703757,3/31/2025,Vadodara,South Treat,Beverages,Lassi,1,387.54,53.45,28.79,16.7,379.58,22,Card,Cancelled,,Suresh
703758,4/8/2025,Vadodara,Biryani Express,Chinese,Noodles,5,395.44,54.35,47.64,96.14,2066.63,27,Wallet,Cancelled,,Karan
703759,11/27/2025,Jaipur,South Treat,North Indian,Dal Makhani,4,264.46,75.03,53.22,49.14,1085.17,71,Wallet,Delivered,3.3,Karan
703760,1/3/2026,Pune,Food Fiesta,Chinese,Manchurian,4,154.8,73.97,27.31,27.26,599.8,21,Cash,Cancelled,,Suresh
703761,7/7/2025,Surat,Pizza Corner,Burger,Paneer Burger,5,96.13,6.78,56.51,23.69,554.07,46,Card,Delivered,4.4,Priya
703762,4/10/2026,Mumbai,South Treat,Burger,Veg Burger,4,177.04,6.21,28.08,35.1,765.13,30,UPI,Delivered,3.3,Priya
703763,3/23/2026,Pune,Burger House,Pizza,Margherita,4,286.63,65.34,26.04,54.06,1161.28,54,Card,Delivered,4.6,Priya
703764,7/8/2025,Mumbai,Biryani Express,South Indian,Idli,4,196.29,11.3,39.24,38.69,851.79,75,Cash,Cancelled,,Priya
703765,4/7/2026,Surat,Chinese Wok,Biryani,Paneer Biryani,2,98.64,15.58,42.17,9.08,232.95,38,UPI,Cancelled,,Rahul
703766,6/22/2025,Ahmedabad,Spice Hub,Chinese,Noodles,2,92.04,31.74,24.16,7.62,184.12,47,Wallet,Cancelled,,Vikas
703767,5/12/2026,Surat,Food Fiesta,North Indian,Dal Makhani,2,123.73,16.89,23.94,11.53,266.04,39,Cash,Delivered,4.2,Vikas
703768,7/6/2025,Ahmedabad,Chinese Wok,South Indian,Masala Dosa,1,289.06,0.24,32.51,14.44,335.77,47,Wallet,Cancelled,,Rahul
703769,10/19/2025,Jaipur,South Treat,South Indian,Idli,2,107.57,10.81,45.1,10.22,259.65,43,Wallet,Delivered,4.2,Priya
703770,9/22/2025,Gandhinagar,Urban Tadka,South Indian,Uttapam,2,360.74,1.76,53.7,35.99,809.41,47,Cash,Cancelled,,Karan
703771,8/29/2025,Ahmedabad,Food Fiesta,Burger,Veg Burger,1,166.24,7.57,43.3,7.93,209.9,60,Cash,Delivered,3.2,Suresh
703772,3/12/2025,Ahmedabad,Chinese Wok,Chinese,Noodles,2,322.78,77.85,34,28.39,630.1,34,Wallet,Delivered,4.1,Priya
703773,1/21/2025,Surat,Spice Hub,Beverages,Cold Coffee,1,166.85,61,26.42,5.29,137.56,61,UPI,Delivered,3.5,Priya
703774,4/30/2025,Ahmedabad,Pizza Corner,Dessert,Brownie,3,154.19,55.64,47.97,20.35,475.25,29,Wallet,Delivered,4.3,Priya
703775,8/27/2025,Rajkot,Chinese Wok,Chinese,Manchurian,1,246.83,50.42,53.05,9.82,259.28,30,Wallet,Delivered,4.7,Vikas
703776,8/14/2025,Gandhinagar,Biryani Express,Dessert,Ice Cream,2,283.75,49.96,38.88,25.88,582.3,69,Wallet,Cancelled,,Ravi
703777,12/2/2025,Gandhinagar,Biryani Express,Biryani,Veg Biryani,2,277.15,29.81,44.09,26.22,594.8,62,Cash,Delivered,3.9,Suresh
703778,7/16/2025,Gandhinagar,Urban Tadka,North Indian,Dal Makhani,1,296.5,24.37,23.99,13.61,309.73,23,Wallet,Delivered,4.4,Amit
703779,5/23/2026,Jaipur,Pizza Corner,Burger,Paneer Burger,3,111.98,35.35,41.07,15.03,356.69,21,Cash,Delivered,4.3,Vikas
703780,7/10/2025,Rajkot,Pizza Corner,North Indian,Naan Combo,3,87.17,79.81,59.86,9.08,250.64,69,Wallet,Delivered,4.4,Amit
703781,7/6/2025,Ahmedabad,Pizza Corner,Chinese,Noodles,2,125.23,27.94,51.63,11.13,285.28,45,Wallet,Cancelled,,Ravi
703782,3/2/2026,Gandhinagar,Biryani Express,Chinese,Fried Rice,1,264.44,58.81,59.82,10.28,275.73,18,Cash,Delivered,3.3,Suresh
703783,2/9/2025,Mumbai,Spice Hub,Biryani,Paneer Biryani,4,243.23,10.11,31.02,48.14,1041.97,56,Cash,Cancelled,,Priya
703784,3/9/2025,Ahmedabad,South Treat,Biryani,Veg Biryani,4,209.21,11.93,39.55,41.25,905.71,75,Wallet,Cancelled,,Priya
703785,8/30/2025,Jaipur,Pizza Corner,Burger,Veg Burger,2,136.75,17.67,25.03,12.79,293.65,67,Card,Cancelled,,Priya
703786,5/23/2026,Mumbai,Chinese Wok,South Indian,Uttapam,3,166.71,30.51,38.44,23.48,531.54,56,Wallet,Delivered,3.7,Neha
703787,1/6/2026,Ahmedabad,South Treat,Burger,Paneer Burger,5,144.29,36.64,37.29,34.24,756.34,45,UPI,Cancelled,,Suresh
703788,1/3/2026,Ahmedabad,Spice Hub,Dessert,Ice Cream,5,142.5,52.19,41.37,33.02,734.7,34,Card,Cancelled,,Neha
703789,6/12/2025,Jaipur,Chinese Wok,Chinese,Noodles,5,129.05,67.17,47.76,28.9,654.74,61,Cash,Delivered,3.9,Rahul
703790,5/26/2026,Jaipur,South Treat,Dessert,Brownie,3,292.2,13.39,43.56,43.16,949.93,46,Cash,Cancelled,,Ravi
703791,9/19/2025,Rajkot,Pizza Corner,Beverages,Lassi,2,237.65,9.05,30.57,23.31,520.13,17,Cash,Delivered,3.7,Neha
703792,12/10/2025,Rajkot,Burger House,Burger,Paneer Burger,5,109.74,32.48,22.39,25.81,564.42,16,Card,Cancelled,,Priya
703793,12/28/2025,Ahmedabad,Spice Hub,Burger,Paneer Burger,1,273.1,17.26,51.72,12.79,320.35,30,Wallet,Delivered,4.8,Karan
703794,6/13/2026,Pune,Food Fiesta,Beverages,Cold Coffee,4,131.56,37.69,24.45,24.43,537.43,19,Wallet,Cancelled,,Neha
703795,4/12/2025,Mumbai,Biryani Express,South Indian,Masala Dosa,5,172.4,40.59,38.38,41.07,900.86,41,UPI,Delivered,3.8,Neha
703796,3/1/2026,Jaipur,Chinese Wok,Chinese,Fried Rice,4,345.43,37.9,56.73,67.19,1467.74,26,Cash,Cancelled,,Suresh
703797,4/8/2025,Gandhinagar,Chinese Wok,South Indian,Masala Dosa,3,234.5,46.53,26.78,32.85,716.6,73,Wallet,Delivered,3.4,Ravi
703798,2/8/2026,Mumbai,Pizza Corner,Dessert,Brownie,5,340.54,44.44,39.04,82.91,1780.21,30,Wallet,Delivered,3.9,Ravi
703799,2/28/2026,Mumbai,Biryani Express,Pizza,Veg Supreme,1,248.1,70.7,27.54,8.87,213.81,73,Wallet,Delivered,3.6,Ravi
703800,5/17/2026,Vadodara,Food Fiesta,Pizza,Farmhouse,2,154.1,64.64,42.7,12.18,298.44,29,UPI,Cancelled,,Karan
703801,8/27/2025,Ahmedabad,Spice Hub,Chinese,Noodles,2,82.14,15.54,21.93,7.44,178.11,34,Cash,Delivered,4.8,Suresh
703802,3/14/2026,Ahmedabad,Burger House,Beverages,Cold Coffee,3,121.46,53.84,58.28,15.53,384.35,21,Wallet,Delivered,4.7,Ravi
703803,12/18/2025,Pune,Pizza Corner,Pizza,Veg Supreme,2,173.8,48.86,42.29,14.94,355.97,39,UPI,Delivered,4.6,Neha
703804,5/11/2025,Ahmedabad,Chinese Wok,Beverages,Cold Coffee,5,379.01,37.09,46.43,92.9,1997.29,45,UPI,Cancelled,,Vikas
703805,6/1/2026,Rajkot,South Treat,Burger,Veg Burger,5,382.57,29.7,51.2,94.16,2028.51,68,UPI,Delivered,4.4,Karan
703806,2/18/2025,Jaipur,Chinese Wok,Beverages,Lassi,2,164.81,1.87,57.22,16.39,401.36,44,UPI,Cancelled,,Suresh
703807,9/24/2025,Gandhinagar,Pizza Corner,Burger,Veg Burger,3,135.77,25.73,45.04,19.08,445.7,50,Cash,Cancelled,,Neha
703808,9/26/2025,Rajkot,Chinese Wok,Biryani,Hyderabadi Veg,2,252.65,49.97,54.38,22.77,532.48,25,Cash,Delivered,4.5,Neha
703809,3/21/2026,Rajkot,South Treat,Biryani,Paneer Biryani,1,246.04,0.81,58.53,12.26,316.02,65,Wallet,Delivered,4.7,Ravi
703810,3/12/2026,Vadodara,Urban Tadka,Chinese,Manchurian,3,179.63,58.72,53.62,24.01,557.8,66,Card,Delivered,4.5,Priya
703811,12/23/2025,Mumbai,Pizza Corner,Chinese,Fried Rice,1,270.29,37.52,26.49,11.64,270.9,37,UPI,Delivered,4.6,Suresh
703812,11/6/2025,Gandhinagar,South Treat,Dessert,Gulab Jamun,1,141.47,66.22,33.05,3.76,112.06,45,UPI,Cancelled,,Vikas
703813,1/9/2026,Vadodara,Biryani Express,Pizza,Farmhouse,4,383.18,37.2,53.41,74.78,1623.71,67,Wallet,Delivered,4.3,Rahul
703814,3/2/2026,Pune,Food Fiesta,South Indian,Idli,2,137.42,1.97,46.77,13.64,333.28,39,Cash,Delivered,3.5,Suresh
703815,2/11/2025,Ahmedabad,Urban Tadka,Pizza,Margherita,5,176.65,3.32,22.33,44,946.26,31,Cash,Cancelled,,Vikas
703816,3/30/2026,Jaipur,Burger House,Burger,Cheese Burger,2,263.23,15.89,41.79,25.53,577.89,37,Card,Delivered,4.4,Vikas
703817,2/18/2026,Ahmedabad,Biryani Express,Biryani,Hyderabadi Veg,5,213.42,66.48,33.5,50.03,1084.15,19,UPI,Cancelled,,Neha
703818,5/23/2025,Vadodara,Chinese Wok,Pizza,Veg Supreme,5,309.39,37.55,30.68,75.47,1615.55,70,UPI,Delivered,3.6,Rahul
703819,5/25/2026,Surat,Food Fiesta,Biryani,Hyderabadi Veg,1,280.46,7.61,32.58,13.64,319.07,38,Cash,Delivered,3.3,Vikas
703820,10/8/2025,Mumbai,Spice Hub,Dessert,Ice Cream,1,318.53,58.63,57.95,12.99,330.84,55,UPI,Delivered,4.7,Rahul
703821,11/6/2025,Gandhinagar,Pizza Corner,South Indian,Masala Dosa,5,157.36,56.04,41.44,36.54,808.74,36,UPI,Delivered,4.4,Neha
703822,5/15/2025,Vadodara,Spice Hub,Biryani,Veg Biryani,4,388.17,11.1,50.23,77.08,1668.89,49,UPI,Delivered,3.1,Vikas
703823,8/30/2025,Ahmedabad,Food Fiesta,Biryani,Veg Biryani,3,174.96,19.59,58.36,25.26,588.91,67,Cash,Cancelled,,Rahul
703824,6/23/2026,Rajkot,Pizza Corner,Dessert,Ice Cream,5,313.14,27.71,37.5,76.9,1652.39,63,Card,Delivered,4,Amit
703825,5/16/2025,Vadodara,Urban Tadka,Pizza,Margherita,1,186.21,12.46,56.84,8.69,239.28,43,UPI,Delivered,3.9,Priya
703826,9/6/2025,Jaipur,Urban Tadka,Chinese,Manchurian,2,335.59,65.29,33.95,30.29,670.13,71,Cash,Cancelled,,Suresh
703827,2/12/2026,Surat,Food Fiesta,Pizza,Farmhouse,1,331.05,36.17,57.06,14.74,366.68,34,Wallet,Cancelled,,Amit
703828,4/6/2025,Surat,South Treat,Chinese,Fried Rice,2,308.72,33.38,24.86,29.2,638.12,21,Cash,Delivered,4.1,Rahul
703829,5/19/2026,Rajkot,Food Fiesta,Burger,Paneer Burger,3,313.32,20.37,52.07,45.98,1017.64,25,UPI,Delivered,3.4,Amit
703830,6/12/2025,Gandhinagar,Chinese Wok,Biryani,Paneer Biryani,5,130.03,41.11,37.05,30.45,676.54,74,Wallet,Cancelled,,Ravi
703831,5/3/2025,Surat,Urban Tadka,Beverages,Lassi,2,308.85,29.43,22.67,29.41,640.35,66,UPI,Delivered,3.4,Suresh
703832,6/21/2025,Mumbai,Spice Hub,Chinese,Fried Rice,5,279.61,23.89,55.24,68.71,1498.11,58,Cash,Delivered,3.5,Vikas
703833,7/25/2025,Ahmedabad,Biryani Express,Pizza,Margherita,3,323.62,25.5,27.13,47.27,1019.76,22,UPI,Delivered,3.6,Karan
703834,7/19/2025,Pune,Pizza Corner,North Indian,Paneer Butter Masala,3,353.52,13.97,23.28,52.33,1122.2,61,Cash,Delivered,4.9,Suresh
703835,6/6/2025,Pune,Chinese Wok,Dessert,Gulab Jamun,4,276.22,69.76,41.21,51.76,1128.09,35,Cash,Delivered,3.4,Neha
703836,12/29/2025,Surat,Spice Hub,South Indian,Masala Dosa,3,170.51,55.11,25.43,22.82,504.67,33,UPI,Delivered,3.7,Suresh
703837,8/27/2025,Ahmedabad,Urban Tadka,South Indian,Masala Dosa,3,241.91,12.53,46.23,35.66,795.09,55,UPI,Delivered,3,Amit
703838,1/14/2025,Rajkot,Biryani Express,Chinese,Fried Rice,5,315.08,61.89,36.76,75.68,1625.95,36,UPI,Delivered,4.8,Priya
703839,5/22/2026,Mumbai,Urban Tadka,Biryani,Veg Biryani,2,236.54,64.01,29.23,20.45,458.75,54,Cash,Delivered,3.2,Suresh
703840,6/7/2026,Mumbai,Burger House,Dessert,Gulab Jamun,2,331.41,17.77,53.55,32.25,730.85,66,UPI,Cancelled,,Priya
703841,4/18/2026,Surat,Chinese Wok,Burger,Cheese Burger,3,253.72,49.23,46.41,35.6,793.94,43,UPI,Delivered,4.8,Priya
703842,1/11/2026,Ahmedabad,Pizza Corner,Dessert,Gulab Jamun,2,149.71,11.81,38.16,14.38,340.15,21,Card,Cancelled,,Neha
703843,2/26/2026,Ahmedabad,Food Fiesta,Beverages,Cold Coffee,1,342.05,0.27,39.44,17.09,398.31,36,Cash,Cancelled,,Amit
703844,11/16/2025,Mumbai,Biryani Express,Beverages,Lassi,2,372.97,53.29,46.91,34.63,774.19,55,Cash,Cancelled,,Karan
703845,11/9/2025,Rajkot,Spice Hub,Burger,Veg Burger,4,317.3,3.35,58.47,63.29,1387.61,59,Cash,Delivered,4.2,Vikas
703846,5/6/2026,Surat,Biryani Express,South Indian,Uttapam,5,261.94,2.55,33.52,65.36,1406.03,47,UPI,Cancelled,,Rahul
703847,3/9/2025,Rajkot,Food Fiesta,Beverages,Cold Coffee,5,203.35,9.78,38.54,50.35,1095.86,51,Card,Delivered,4.3,Rahul
703848,11/13/2025,Vadodara,Urban Tadka,Burger,Paneer Burger,3,354.27,71.72,27.85,49.55,1068.49,35,Card,Delivered,4,Neha
703849,3/21/2025,Vadodara,Pizza Corner,North Indian,Naan Combo,4,151.67,70.18,37.14,26.83,600.47,15,Cash,Cancelled,,Neha
703850,11/15/2025,Surat,Pizza Corner,South Indian,Uttapam,1,175.67,44.21,23.85,6.57,161.88,64,UPI,Delivered,3.6,Suresh
703851,3/8/2026,Rajkot,Biryani Express,Beverages,Fresh Juice,4,307,72.12,50.95,57.79,1264.62,44,Card,Delivered,4.7,Ravi
703852,10/4/2025,Pune,Urban Tadka,Biryani,Hyderabadi Veg,1,259.85,22.84,36.86,11.85,285.72,56,Wallet,Delivered,3.7,Ravi
703853,11/27/2025,Pune,Chinese Wok,South Indian,Uttapam,3,143.93,39.04,50.04,19.64,462.43,52,Card,Delivered,3.7,Neha
703854,5/15/2026,Ahmedabad,Spice Hub,Beverages,Fresh Juice,3,361.77,39.4,51.51,52.3,1149.72,41,Wallet,Delivered,3.9,Ravi
703855,6/9/2026,Pune,Food Fiesta,Beverages,Lassi,1,176.62,39.14,48.19,6.87,192.54,16,Wallet,Delivered,3.5,Rahul
703856,3/1/2025,Mumbai,Burger House,South Indian,Idli,4,311.56,41.41,43.83,60.24,1308.9,34,Wallet,Delivered,4.6,Priya
703857,10/7/2025,Rajkot,Biryani Express,South Indian,Idli,5,322.21,53.01,34.53,77.9,1670.47,75,UPI,Cancelled,,Karan
703858,5/7/2026,Ahmedabad,Burger House,Chinese,Noodles,1,365.9,14.82,52.14,17.55,420.77,72,Wallet,Delivered,4.3,Karan
703859,4/30/2025,Rajkot,Biryani Express,South Indian,Masala Dosa,3,227.79,9.04,25.5,33.72,733.55,27,UPI,Delivered,4.9,Priya
703860,11/23/2025,Pune,Burger House,Beverages,Cold Coffee,1,179.06,71.42,28.26,5.38,141.28,19,Wallet,Cancelled,,Vikas
703861,6/2/2025,Surat,Burger House,South Indian,Uttapam,5,204.28,6.67,20.8,50.74,1086.27,69,Cash,Delivered,3.5,Priya
703862,6/29/2025,Jaipur,Biryani Express,Pizza,Veg Supreme,3,388.69,64.13,41.06,55.1,1198.1,24,Card,Delivered,3.5,Vikas
703863,9/27/2025,Jaipur,Pizza Corner,Biryani,Veg Biryani,5,370.29,67.01,42.54,89.22,1916.2,35,UPI,Delivered,4.5,Ravi
703864,10/5/2025,Vadodara,Chinese Wok,Beverages,Fresh Juice,5,115.01,18.76,48.82,27.81,632.92,29,UPI,Delivered,4.1,Vikas
703865,1/8/2026,Gandhinagar,Burger House,Biryani,Veg Biryani,3,170.17,62.83,29.5,22.38,499.56,15,Cash,Delivered,3.7,Amit
703866,11/5/2025,Ahmedabad,Biryani Express,Beverages,Cold Coffee,3,217.33,12.01,52.61,32,724.59,25,Card,Cancelled,,Suresh
703867,3/19/2025,Pune,South Treat,North Indian,Dal Makhani,1,139.34,47.06,59.25,4.61,156.14,15,Card,Cancelled,,Karan
703868,4/3/2026,Gandhinagar,Burger House,North Indian,Naan Combo,2,316.2,50.68,33.95,29.09,644.76,37,UPI,Delivered,4.6,Suresh
703869,5/13/2025,Pune,Biryani Express,South Indian,Masala Dosa,1,130.93,29,57.26,5.1,164.29,27,UPI,Delivered,4.8,Priya
703870,1/8/2026,Pune,Spice Hub,Pizza,Veg Supreme,2,226.64,17.83,35.72,21.77,492.94,63,Cash,Cancelled,,Amit
703871,6/2/2026,Jaipur,Food Fiesta,Beverages,Fresh Juice,5,346.47,14.79,21.73,85.88,1825.17,54,Card,Delivered,4,Suresh
703872,5/12/2026,Jaipur,Food Fiesta,South Indian,Masala Dosa,1,206.42,77.71,21.61,6.44,156.76,25,UPI,Delivered,3.7,Vikas
703873,4/10/2025,Surat,Chinese Wok,Burger,Veg Burger,3,194.86,7.64,33.57,28.85,639.36,55,Card,Cancelled,,Suresh
703874,5/13/2026,Jaipur,Chinese Wok,Burger,Paneer Burger,2,129.35,56.83,37.54,10.09,249.5,55,UPI,Cancelled,,Priya
703875,5/11/2026,Surat,South Treat,North Indian,Paneer Butter Masala,1,232.83,53.53,47.29,8.97,235.56,22,Wallet,Delivered,3.3,Vikas
703876,1/4/2025,Mumbai,Chinese Wok,Pizza,Farmhouse,3,271.01,59.74,53.13,37.66,844.08,43,UPI,Delivered,3.2,Amit
703877,10/22/2025,Gandhinagar,South Treat,Biryani,Hyderabadi Veg,2,359.08,46.06,29.86,33.6,735.56,56,UPI,Cancelled,,Vikas
703878,3/7/2025,Surat,Urban Tadka,Burger,Cheese Burger,5,361.7,12.49,51.1,89.8,1936.91,68,UPI,Delivered,3.7,Amit
703879,1/16/2026,Jaipur,South Treat,Chinese,Fried Rice,2,165.03,68.65,45.64,13.07,320.12,16,Cash,Cancelled,,Ravi
703880,2/15/2026,Surat,Urban Tadka,Burger,Paneer Burger,2,229.19,25.7,55.51,21.63,509.82,37,Card,Delivered,3.5,Suresh
703881,2/8/2026,Pune,Pizza Corner,Burger,Paneer Burger,3,182.56,21.21,57.2,26.32,609.99,41,UPI,Delivered,4.9,Vikas
703882,3/28/2025,Surat,Spice Hub,South Indian,Uttapam,5,269.98,40.52,51.41,65.47,1426.26,65,Card,Delivered,4.2,Karan
703883,12/31/2025,Vadodara,South Treat,Biryani,Veg Biryani,2,285.93,14.47,52.34,27.87,637.6,66,Cash,Delivered,4.5,Neha
703884,9/21/2025,Ahmedabad,Pizza Corner,Biryani,Paneer Biryani,4,201.4,15.69,41.43,39.5,870.84,68,Cash,Delivered,3.8,Rahul
703885,7/18/2025,Rajkot,Food Fiesta,Chinese,Noodles,3,142.74,54.46,37.85,18.69,430.3,48,Card,Delivered,4.4,Neha
703886,5/3/2025,Pune,Pizza Corner,Beverages,Fresh Juice,2,378.95,23.89,35.38,36.7,806.09,58,UPI,Delivered,4.7,Vikas
703887,11/11/2025,Surat,Pizza Corner,South Indian,Uttapam,1,191.06,46.14,50.71,7.25,202.88,28,Card,Cancelled,,Rahul
703888,11/26/2025,Gandhinagar,Urban Tadka,South Indian,Idli,2,187.65,52.43,40.69,16.14,379.7,58,UPI,Delivered,4.7,Rahul
703889,5/10/2026,Gandhinagar,Spice Hub,Chinese,Manchurian,2,288.51,34.01,24.42,27.15,594.58,63,Card,Delivered,4.7,Vikas
703890,9/20/2025,Mumbai,Chinese Wok,Chinese,Noodles,4,84.24,50.93,26.74,14.3,327.07,18,Card,Cancelled,,Neha
703891,10/28/2025,Mumbai,Spice Hub,Chinese,Noodles,1,300.04,30.63,26.23,13.47,309.11,63,Card,Delivered,4.1,Karan
703892,11/12/2025,Pune,Food Fiesta,South Indian,Idli,4,383.06,44.37,45.36,74.39,1607.62,16,UPI,Cancelled,,Priya
703893,7/26/2025,Gandhinagar,Food Fiesta,Burger,Cheese Burger,4,236.2,75.72,30.67,43.45,943.2,51,UPI,Delivered,3.2,Vikas
703894,11/4/2025,Rajkot,South Treat,North Indian,Naan Combo,1,181.65,15.49,57.18,8.31,231.65,22,Card,Delivered,3.2,Karan
703895,3/19/2025,Surat,Pizza Corner,Beverages,Fresh Juice,4,365.56,13.81,39.37,72.42,1560.22,40,Card,Delivered,3.7,Rahul
703896,4/4/2025,Mumbai,Urban Tadka,Dessert,Ice Cream,4,168.11,13.64,35.35,32.94,727.09,50,Cash,Delivered,3.8,Suresh
703897,12/28/2025,Mumbai,Urban Tadka,Biryani,Hyderabadi Veg,1,331.64,36.16,38.34,14.77,348.59,63,Cash,Cancelled,,Amit
703898,2/17/2025,Mumbai,Burger House,Chinese,Manchurian,5,260.37,43.68,44.32,62.91,1365.4,32,UPI,Delivered,4.1,Priya
703899,4/28/2025,Vadodara,South Treat,Dessert,Ice Cream,3,193.71,66.49,47.65,25.73,588.02,75,Cash,Delivered,4.3,Priya
703900,8/7/2025,Vadodara,Chinese Wok,Biryani,Hyderabadi Veg,3,139.15,79.11,24.27,16.92,379.53,55,Card,Cancelled,,Suresh
703901,3/5/2026,Jaipur,Pizza Corner,Biryani,Veg Biryani,2,250.12,44.63,31.39,22.78,509.78,40,Card,Delivered,4.7,Ravi
703902,12/12/2025,Rajkot,South Treat,Burger,Paneer Burger,2,113.29,31.66,27.19,9.75,231.86,30,UPI,Cancelled,,Neha
703903,2/14/2026,Gandhinagar,Biryani Express,Burger,Cheese Burger,5,245.23,65.1,52.07,58.05,1271.17,70,Card,Delivered,4.3,Priya
703904,1/22/2026,Jaipur,Food Fiesta,Burger,Veg Burger,4,126.33,31.36,33.7,23.7,531.36,24,Cash,Cancelled,,Amit
703905,7/15/2025,Rajkot,Burger House,North Indian,Naan Combo,3,339.47,25.83,48.15,49.63,1090.36,39,Wallet,Delivered,4.2,Priya
703906,12/22/2025,Vadodara,Pizza Corner,Biryani,Hyderabadi Veg,3,377.75,61.49,53.54,53.59,1178.89,73,Card,Delivered,3.5,Amit
703907,7/27/2025,Pune,Pizza Corner,Pizza,Veg Supreme,3,194.35,25.36,48.48,27.88,634.05,67,Cash,Delivered,4.9,Vikas
703908,10/10/2025,Jaipur,Pizza Corner,Biryani,Veg Biryani,1,100.35,29.76,49.71,3.53,123.83,70,Cash,Delivered,4.7,Suresh
703909,6/12/2025,Pune,Chinese Wok,Burger,Cheese Burger,4,155.77,73.17,21.57,27.5,598.98,23,Cash,Delivered,4.2,Suresh
703910,11/4/2025,Vadodara,Urban Tadka,Burger,Paneer Burger,1,380.88,31.37,42.75,17.48,409.74,22,Wallet,Cancelled,,Karan
703911,4/9/2025,Mumbai,Biryani Express,Beverages,Fresh Juice,2,273.43,57.5,44.55,24.47,558.38,57,UPI,Delivered,4.3,Suresh
703912,8/31/2025,Ahmedabad,Pizza Corner,Beverages,Lassi,3,177.16,22.64,21.45,25.44,555.73,15,Wallet,Cancelled,,Vikas
703913,3/10/2026,Rajkot,Chinese Wok,South Indian,Idli,1,141.4,55.73,56.9,4.28,146.85,64,Cash,Delivered,4.6,Ravi
703914,2/9/2026,Rajkot,South Treat,Beverages,Fresh Juice,3,258.38,27.57,53.77,37.38,838.72,26,Cash,Cancelled,,Rahul
703915,2/15/2025,Pune,Pizza Corner,Biryani,Hyderabadi Veg,4,236.58,13.65,41.65,46.63,1020.95,29,Cash,Delivered,3.9,Suresh
703916,6/8/2026,Ahmedabad,Food Fiesta,North Indian,Naan Combo,1,175.04,18.99,33.39,7.8,197.24,67,UPI,Delivered,3.7,Amit
703917,6/20/2026,Gandhinagar,Burger House,Chinese,Manchurian,4,95.47,13.46,24.56,18.42,411.4,53,Wallet,Cancelled,,Rahul
703918,4/21/2025,Pune,Food Fiesta,South Indian,Idli,3,124.57,23.36,22.23,17.52,390.1,40,UPI,Delivered,4,Rahul
703919,5/20/2025,Ahmedabad,Pizza Corner,Dessert,Ice Cream,5,229.89,45.36,24.05,55.2,1183.34,44,Cash,Delivered,3.7,Vikas
703920,1/26/2025,Gandhinagar,South Treat,Burger,Paneer Burger,1,268.49,60.91,45.93,10.38,263.89,52,Cash,Delivered,3.9,Amit
703921,6/20/2026,Vadodara,Urban Tadka,Biryani,Hyderabadi Veg,5,342.74,36.98,34.78,83.84,1795.34,43,UPI,Delivered,4.6,Neha
703922,5/28/2026,Jaipur,Chinese Wok,Biryani,Hyderabadi Veg,4,315.55,34.86,51.55,61.37,1340.26,42,Wallet,Delivered,3.6,Amit
703923,3/6/2025,Ahmedabad,Chinese Wok,Beverages,Fresh Juice,2,112.15,54.51,50.76,8.49,229.04,38,Card,Delivered,4,Neha
703924,4/23/2025,Jaipur,Pizza Corner,Pizza,Farmhouse,3,190.67,1.93,53.79,28.5,652.37,15,Wallet,Delivered,4.8,Priya
703925,4/15/2026,Mumbai,Biryani Express,Pizza,Veg Supreme,1,393.98,16.02,57.65,18.9,454.51,33,Cash,Delivered,4.5,Vikas
703926,2/7/2026,Gandhinagar,Spice Hub,South Indian,Idli,5,198.97,70.99,35.78,46.19,1005.83,68,UPI,Delivered,4.7,Vikas
703927,1/12/2025,Jaipur,South Treat,Beverages,Cold Coffee,5,230.47,51.1,38.95,55.06,1195.26,59,UPI,Delivered,4.5,Amit
703928,2/16/2026,Gandhinagar,Urban Tadka,Burger,Veg Burger,2,162.38,33.05,43.48,14.59,349.78,59,Cash,Delivered,4.1,Karan
703929,4/6/2026,Surat,Biryani Express,Biryani,Paneer Biryani,5,145.21,29.02,37.09,34.85,768.97,19,Cash,Delivered,3.2,Amit
703930,3/24/2026,Rajkot,Pizza Corner,South Indian,Idli,5,148.72,59.81,27.34,34.19,745.32,38,Cash,Delivered,4.4,Ravi
703931,6/18/2026,Mumbai,Burger House,Dessert,Brownie,1,313.51,28.8,32.04,14.24,330.99,67,Card,Cancelled,,Karan
703932,3/28/2025,Mumbai,South Treat,Dessert,Brownie,3,351.71,3.09,46.65,52.6,1151.29,67,UPI,Delivered,3.2,Ravi
703933,11/23/2025,Gandhinagar,Urban Tadka,South Indian,Masala Dosa,2,207.97,59.6,28.57,17.82,402.73,71,Card,Cancelled,,Rahul
703934,5/17/2025,Vadodara,Spice Hub,Beverages,Cold Coffee,3,184.3,35.99,49.91,25.85,592.67,27,Cash,Delivered,3.7,Neha
703935,12/28/2025,Gandhinagar,Burger House,South Indian,Idli,3,305.6,60.45,42.9,42.82,942.07,38,Cash,Delivered,4.9,Vikas
703936,4/11/2026,Ahmedabad,Biryani Express,Dessert,Gulab Jamun,3,139.27,23.49,35.28,19.72,449.32,54,UPI,Delivered,4.7,Suresh
703937,10/3/2025,Rajkot,South Treat,South Indian,Uttapam,1,132.18,73.15,41.82,2.95,103.8,52,Card,Delivered,4.1,Suresh
703938,2/27/2025,Surat,Chinese Wok,Biryani,Paneer Biryani,1,331.17,28.5,51.34,15.13,369.14,47,UPI,Delivered,4.5,Vikas
703939,9/1/2025,Rajkot,South Treat,Dessert,Ice Cream,3,84.53,27.11,55.04,11.32,292.84,26,Cash,Delivered,3.4,Priya
703940,4/24/2025,Pune,Burger House,Pizza,Veg Supreme,2,200.66,51.28,47.57,17.5,415.11,24,Wallet,Delivered,4,Rahul
703941,3/9/2025,Rajkot,Chinese Wok,Burger,Paneer Burger,2,263.18,57.55,54.44,23.44,546.69,41,Cash,Delivered,3.7,Suresh
703942,5/6/2025,Surat,Urban Tadka,Dessert,Gulab Jamun,2,320.61,30.76,45.89,30.52,686.87,59,Wallet,Cancelled,,Neha
703943,5/30/2026,Rajkot,South Treat,Biryani,Veg Biryani,3,364.38,66.69,42.7,51.32,1120.47,19,Cash,Delivered,3.2,Neha
703944,12/10/2025,Jaipur,Pizza Corner,South Indian,Uttapam,1,201.07,15.09,56.43,9.3,251.71,43,Wallet,Delivered,3.7,Ravi
703945,11/27/2025,Mumbai,Urban Tadka,Chinese,Fried Rice,3,158.12,39.98,36.73,21.72,492.83,75,Wallet,Delivered,3.8,Vikas
703946,8/3/2025,Vadodara,Burger House,Pizza,Veg Supreme,4,85.26,14.62,42.71,16.32,385.45,38,Wallet,Delivered,3.5,Rahul
703947,3/12/2025,Gandhinagar,Burger House,South Indian,Masala Dosa,3,350.03,13.92,58.78,51.81,1146.76,52,Wallet,Cancelled,,Suresh
703948,2/13/2026,Pune,South Treat,Burger,Paneer Burger,1,275.93,35.18,26.59,12.04,279.38,45,Card,Delivered,4,Vikas
703949,9/13/2025,Rajkot,Biryani Express,Pizza,Veg Supreme,1,393.36,12.91,32.33,19.02,431.8,66,Wallet,Cancelled,,Amit
703950,2/28/2025,Ahmedabad,Pizza Corner,North Indian,Naan Combo,5,186.12,46.47,23.78,44.21,952.12,40,UPI,Delivered,3.5,Neha
703951,1/31/2026,Ahmedabad,Pizza Corner,Burger,Veg Burger,5,112.6,30.72,22.13,26.61,581.02,30,Cash,Delivered,3.7,Rahul
703952,3/29/2025,Gandhinagar,Spice Hub,Burger,Cheese Burger,4,225.39,5.53,57.7,44.8,998.53,36,UPI,Delivered,3.3,Karan
703953,5/8/2026,Pune,South Treat,Beverages,Cold Coffee,5,112.8,0.27,54.45,28.19,646.37,50,UPI,Delivered,4,Ravi
703954,2/19/2025,Vadodara,Urban Tadka,Chinese,Fried Rice,4,105.63,42.01,20.42,19.03,419.96,65,Cash,Delivered,4,Suresh
703955,3/8/2025,Ahmedabad,Burger House,Biryani,Hyderabadi Veg,3,113.02,35.43,45.66,15.18,364.47,35,Card,Delivered,3.8,Karan
703956,6/7/2025,Rajkot,Urban Tadka,Biryani,Veg Biryani,2,270.07,15.41,26.66,26.24,577.63,56,Cash,Cancelled,,Amit
703957,10/29/2025,Jaipur,Burger House,Dessert,Brownie,2,218.12,12.28,35.4,21.2,480.56,38,Card,Delivered,3.1,Priya
703958,4/29/2025,Ahmedabad,Urban Tadka,Pizza,Margherita,4,122.65,70.41,42.99,21.01,484.19,27,Card,Delivered,4.9,Vikas
703959,3/31/2026,Rajkot,Food Fiesta,Pizza,Margherita,1,287.74,65.56,26.44,11.11,259.73,74,Cash,Cancelled,,Ravi
703960,7/1/2025,Mumbai,South Treat,Pizza,Farmhouse,5,168.86,12.99,25.35,41.57,898.23,19,Cash,Cancelled,,Neha
703961,5/24/2025,Jaipur,Food Fiesta,Beverages,Fresh Juice,4,309.06,46.34,55.17,59.5,1304.57,39,Cash,Delivered,4.9,Amit
703962,6/6/2025,Mumbai,South Treat,Burger,Cheese Burger,1,220.68,22.88,36.66,9.89,244.35,66,Wallet,Delivered,4.8,Ravi
703963,11/24/2025,Ahmedabad,Urban Tadka,Biryani,Paneer Biryani,5,195.21,17.58,37.4,47.92,1043.79,75,Card,Cancelled,,Priya
703964,3/22/2025,Jaipur,Chinese Wok,Burger,Cheese Burger,4,367.36,40.16,54.94,71.46,1555.68,22,Cash,Cancelled,,Neha
703965,6/22/2025,Jaipur,Urban Tadka,South Indian,Masala Dosa,4,378.36,69.56,21.24,72.19,1537.31,53,Cash,Cancelled,,Rahul
703966,8/6/2025,Surat,Pizza Corner,Beverages,Fresh Juice,1,391.06,16.89,51.73,18.71,444.61,16,Cash,Cancelled,,Rahul
703967,9/12/2025,Mumbai,Burger House,Chinese,Noodles,3,308.91,14.15,28.98,45.63,987.19,40,Card,Cancelled,,Ravi
703968,12/2/2025,Mumbai,Spice Hub,Biryani,Paneer Biryani,3,363.05,13.79,39.77,53.77,1168.9,62,Cash,Delivered,3.1,Vikas
703969,5/16/2025,Ahmedabad,Food Fiesta,Dessert,Brownie,2,152.4,39.19,44.59,13.28,323.48,30,Wallet,Delivered,4.2,Amit
703970,10/6/2025,Pune,Burger House,North Indian,Paneer Butter Masala,3,365.04,2.8,26.48,54.62,1173.42,24,UPI,Delivered,4.9,Amit
703971,8/20/2025,Mumbai,Pizza Corner,Dessert,Gulab Jamun,1,148.77,21.7,31.6,6.35,165.02,49,Wallet,Delivered,3.4,Ravi
703972,2/8/2026,Gandhinagar,Biryani Express,South Indian,Uttapam,5,132.4,12.32,30.9,32.48,713.06,17,Card,Delivered,3.9,Priya
703973,2/15/2025,Ahmedabad,South Treat,Dessert,Brownie,2,313.95,41.39,32.16,29.33,648,22,Wallet,Delivered,3.5,Ravi
703974,9/21/2025,Jaipur,Chinese Wok,North Indian,Naan Combo,5,107.44,68.7,21.26,23.43,513.19,52,Cash,Delivered,3.2,Priya
703975,9/29/2025,Surat,Chinese Wok,Biryani,Paneer Biryani,2,396.64,1.39,27.51,39.59,858.99,45,Card,Delivered,3.4,Ravi
703976,1/15/2026,Mumbai,South Treat,Dessert,Gulab Jamun,2,320.53,31.74,20.44,30.47,660.23,47,Card,Delivered,3.3,Ravi
703977,10/23/2025,Gandhinagar,Burger House,Biryani,Hyderabadi Veg,4,297.19,79.58,44.11,55.46,1208.75,36,Wallet,Cancelled,,Neha
703978,3/1/2026,Pune,Pizza Corner,Biryani,Paneer Biryani,3,157.62,2.23,29.21,23.53,523.37,52,Cash,Delivered,3.2,Rahul
703979,7/15/2025,Mumbai,Spice Hub,Dessert,Ice Cream,4,256.82,51.72,40.15,48.78,1064.49,26,Wallet,Delivered,4.2,Ravi
703980,8/8/2025,Mumbai,Food Fiesta,Chinese,Manchurian,2,104.19,39.15,30.29,8.46,207.98,54,Wallet,Cancelled,,Amit
703981,5/19/2025,Mumbai,Chinese Wok,South Indian,Idli,3,223.4,51.36,24.31,30.94,674.09,51,UPI,Delivered,4.1,Karan
703982,5/1/2025,Pune,Spice Hub,South Indian,Masala Dosa,4,384.18,54.74,22.57,74.1,1578.65,59,Wallet,Delivered,3.9,Priya
703983,4/9/2026,Mumbai,Chinese Wok,Chinese,Manchurian,3,163.57,27.19,40.31,23.18,527.01,48,Wallet,Delivered,4.9,Amit
703984,2/16/2026,Gandhinagar,South Treat,North Indian,Dal Makhani,4,297.91,56.41,36.53,56.76,1228.52,45,Card,Delivered,5,Vikas
703985,10/7/2025,Rajkot,Chinese Wok,North Indian,Paneer Butter Masala,5,280.44,20.02,20.16,69.11,1471.45,73,Wallet,Delivered,4.8,Amit
703986,4/13/2025,Pune,South Treat,Chinese,Fried Rice,3,159.2,77.27,54.61,20.02,474.96,75,Cash,Delivered,4.5,Priya
703987,3/16/2025,Pune,Burger House,Burger,Cheese Burger,2,264.41,70.57,41.72,22.91,522.88,45,Wallet,Delivered,4.4,Rahul
703988,1/15/2026,Ahmedabad,Food Fiesta,North Indian,Naan Combo,1,144.99,58.54,24.53,4.32,115.3,66,UPI,Delivered,4.9,Amit
703989,2/10/2026,Jaipur,Urban Tadka,Pizza,Veg Supreme,2,382.4,29.37,50.37,36.77,822.57,48,Wallet,Delivered,3.4,Rahul
703990,3/26/2025,Jaipur,Spice Hub,Dessert,Brownie,3,96.65,44.76,39.69,12.26,297.14,62,Card,Delivered,4.2,Vikas
703991,9/14/2025,Pune,Spice Hub,Burger,Veg Burger,2,182.83,11.07,51.01,17.73,423.33,29,Cash,Delivered,3,Suresh
703992,5/14/2025,Ahmedabad,Pizza Corner,Dessert,Ice Cream,2,155.58,62.74,21.12,12.42,281.96,37,UPI,Delivered,3.8,Neha
703993,9/16/2025,Vadodara,South Treat,Burger,Cheese Burger,5,273.87,51.68,56.6,65.88,1440.15,22,Cash,Delivered,3.5,Karan
703994,5/8/2026,Mumbai,Biryani Express,South Indian,Idli,2,136.84,76.69,35.56,9.85,242.4,50,Card,Cancelled,,Amit
703995,5/17/2026,Jaipur,Pizza Corner,North Indian,Naan Combo,4,196.63,79.12,53.04,35.37,795.81,22,UPI,Delivered,3.1,Vikas
703996,1/14/2026,Pune,South Treat,Chinese,Manchurian,1,372.98,11.5,36.28,18.07,415.83,44,Wallet,Delivered,3.7,Rahul
703997,12/26/2025,Jaipur,Pizza Corner,Burger,Cheese Burger,5,293.57,9.41,32.74,72.92,1564.1,70,Wallet,Cancelled,,Suresh
703998,9/6/2025,Vadodara,Biryani Express,Beverages,Fresh Juice,4,206.55,49.56,22.83,38.83,838.3,45,UPI,Cancelled,,Vikas
703999,12/10/2025,Vadodara,Spice Hub,South Indian,Idli,3,124.14,43.3,28.45,16.46,374.03,58,Wallet,Delivered,3.2,Amit
704000,7/17/2025,Ahmedabad,Biryani Express,Pizza,Margherita,1,324.67,46.53,34.24,13.91,326.29,42,Card,Delivered,5,Karan
704001,6/2/2025,Ahmedabad,Biryani Express,Pizza,Margherita,5,247.08,14.98,55.83,61.02,1337.27,32,Cash,Delivered,4.8,Vikas
704002,10/6/2025,Vadodara,Burger House,North Indian,Paneer Butter Masala,2,340.9,2.9,35.84,33.95,748.69,61,Cash,Delivered,3.3,Karan
704003,3/28/2025,Rajkot,Biryani Express,Burger,Veg Burger,2,343.91,30.04,54.77,32.89,745.44,61,Wallet,Delivered,3.2,Suresh
704004,5/12/2025,Pune,Food Fiesta,Beverages,Fresh Juice,1,340.69,18.53,54.05,16.11,392.32,30,Card,Delivered,3.8,Neha
704005,1/4/2025,Vadodara,Pizza Corner,Beverages,Lassi,3,343.78,45.41,36.09,49.3,1071.32,40,Wallet,Delivered,4.3,Rahul
704006,12/22/2025,Rajkot,Burger House,North Indian,Naan Combo,3,303.82,32,27.18,43.97,950.61,20,Wallet,Delivered,4.4,Neha
704007,5/8/2026,Pune,South Treat,North Indian,Dal Makhani,3,366.02,30.59,30.72,53.37,1151.56,69,UPI,Cancelled,,Vikas
704008,9/8/2025,Ahmedabad,Burger House,Chinese,Manchurian,3,147.58,77.19,50.57,18.28,434.4,55,UPI,Delivered,4.7,Suresh
704009,12/26/2025,Mumbai,South Treat,Dessert,Ice Cream,1,315.59,10.55,34.23,15.25,354.52,23,Card,Cancelled,,Priya
704010,9/17/2025,Ahmedabad,Burger House,Biryani,Paneer Biryani,5,380.65,59.61,32.67,92.18,1968.49,73,UPI,Delivered,4,Suresh
704011,11/11/2025,Ahmedabad,South Treat,Biryani,Veg Biryani,3,324.9,68.45,57.77,45.31,1009.33,16,Wallet,Delivered,3.7,Vikas
704012,6/16/2025,Ahmedabad,Chinese Wok,North Indian,Naan Combo,4,145.7,78.16,52.51,25.23,582.38,36,UPI,Delivered,4.8,Rahul
704013,6/6/2026,Jaipur,Urban Tadka,South Indian,Uttapam,3,281.71,58.22,54.44,39.35,880.7,52,Wallet,Delivered,4.6,Karan
704014,3/2/2026,Pune,Chinese Wok,North Indian,Dal Makhani,4,286.96,42.27,52.54,55.28,1213.39,20,Card,Delivered,3.6,Amit
704015,1/24/2025,Pune,Chinese Wok,North Indian,Dal Makhani,5,213.79,16.57,43.69,52.62,1148.69,34,UPI,Delivered,4.8,Suresh
704016,3/4/2026,Pune,Food Fiesta,Biryani,Veg Biryani,2,109.04,43.57,46.18,8.73,229.42,60,UPI,Delivered,4.3,Suresh
704017,1/18/2026,Vadodara,Pizza Corner,Dessert,Ice Cream,1,154.32,2.58,24.84,7.59,184.17,21,Wallet,Delivered,4,Ravi
704018,3/24/2025,Vadodara,Pizza Corner,Beverages,Lassi,4,99.78,78.15,36.49,16.05,373.51,59,Cash,Cancelled,,Neha
704019,2/17/2026,Pune,Pizza Corner,Burger,Cheese Burger,4,253.51,0.17,20.71,50.69,1085.27,67,Wallet,Delivered,3.9,Priya
704020,4/9/2025,Jaipur,Spice Hub,Beverages,Lassi,5,250.71,67.61,51.27,59.3,1296.51,45,UPI,Cancelled,,Vikas
704021,5/2/2026,Mumbai,Food Fiesta,Biryani,Paneer Biryani,5,167.37,75.07,46.36,38.09,846.23,63,Wallet,Delivered,3.9,Neha
704022,2/19/2026,Mumbai,Biryani Express,South Indian,Masala Dosa,3,257.04,72.42,20.63,34.94,754.27,46,Card,Delivered,4,Priya
704023,4/10/2026,Mumbai,Chinese Wok,North Indian,Paneer Butter Masala,2,98.11,22.77,41.59,8.67,223.71,50,UPI,Delivered,5,Rahul
704024,3/26/2026,Vadodara,Pizza Corner,Dessert,Brownie,4,304.28,76.59,58.91,57.03,1256.47,57,Cash,Cancelled,,Amit
704025,3/3/2025,Mumbai,Food Fiesta,Beverages,Lassi,4,236.79,19.86,48.39,46.37,1022.06,75,Card,Delivered,4.6,Neha
704026,3/15/2026,Surat,Chinese Wok,Pizza,Margherita,2,137.4,26.22,59.75,12.43,320.76,25,UPI,Cancelled,,Priya
704027,12/25/2025,Mumbai,Spice Hub,Pizza,Veg Supreme,1,396.79,17.36,30.29,18.97,428.69,15,UPI,Delivered,3.4,Amit
704028,11/29/2025,Surat,Spice Hub,South Indian,Masala Dosa,4,90.66,21.48,34.01,17.06,392.23,50,UPI,Cancelled,,Rahul
704029,9/25/2025,Vadodara,Food Fiesta,Dessert,Brownie,3,244.07,29.6,59.31,35.13,797.05,31,Card,Delivered,3.1,Neha
704030,5/18/2025,Jaipur,Pizza Corner,North Indian,Paneer Butter Masala,1,363.74,66.36,55.49,14.87,367.74,75,UPI,Cancelled,,Neha
704031,2/5/2026,Gandhinagar,Biryani Express,Chinese,Manchurian,3,249.08,21.29,46.21,36.3,808.46,59,UPI,Delivered,4.6,Karan
704032,11/5/2025,Pune,Spice Hub,Chinese,Manchurian,2,319.01,76.29,35.82,28.09,625.64,75,UPI,Delivered,4.8,Neha
704033,4/8/2026,Rajkot,Food Fiesta,North Indian,Dal Makhani,2,289.82,21.71,26.16,27.9,611.99,42,Card,Delivered,3.6,Priya
704034,9/19/2025,Rajkot,Food Fiesta,Chinese,Fried Rice,3,322.08,14.63,51.88,47.58,1051.07,22,Card,Delivered,3.6,Neha
704035,8/27/2025,Mumbai,Urban Tadka,North Indian,Dal Makhani,4,178.51,2.11,35.38,35.6,782.91,44,UPI,Delivered,5,Neha
704036,4/28/2025,Rajkot,Food Fiesta,South Indian,Masala Dosa,5,294.48,5.51,47.2,73.34,1587.43,24,UPI,Delivered,4.7,Rahul
704037,3/28/2025,Surat,Biryani Express,Dessert,Brownie,3,341.44,11.65,44.79,50.63,1108.09,50,Cash,Cancelled,,Neha
704038,3/23/2025,Mumbai,Chinese Wok,Dessert,Brownie,2,334.91,15.67,57.75,32.71,744.61,34,Card,Delivered,4.4,Suresh
704039,7/27/2025,Pune,Spice Hub,Dessert,Brownie,5,329.16,23.04,33.58,81.14,1737.48,17,Wallet,Delivered,4.6,Vikas
704040,12/31/2025,Ahmedabad,Urban Tadka,Beverages,Cold Coffee,5,225.13,0.32,28.08,56.27,1209.68,35,Wallet,Delivered,4.9,Karan
704041,3/15/2025,Ahmedabad,South Treat,Dessert,Brownie,2,343.58,66.03,28.16,31.06,680.35,28,Card,Delivered,4.6,Priya
704042,2/13/2025,Vadodara,Spice Hub,Chinese,Fried Rice,2,395.16,35.92,43.48,37.72,835.6,23,Cash,Delivered,3.6,Suresh
704043,6/20/2026,Vadodara,Pizza Corner,South Indian,Idli,2,148.61,25.35,38.33,13.59,323.79,20,Card,Delivered,4.9,Rahul
704044,5/11/2026,Pune,Burger House,South Indian,Masala Dosa,5,139.38,36.3,37.17,33.03,730.8,64,Card,Delivered,3.9,Rahul
704045,1/24/2025,Surat,South Treat,South Indian,Masala Dosa,2,93.76,56.81,23.04,6.54,160.29,46,Wallet,Delivered,4.7,Ravi
704046,4/30/2026,Jaipur,Spice Hub,Pizza,Margherita,4,206.45,29.48,22.47,39.82,858.61,38,Card,Delivered,3.7,Rahul
704047,7/3/2025,Vadodara,Food Fiesta,Pizza,Farmhouse,1,254.99,73.7,29.29,9.06,219.64,54,Card,Delivered,4.9,Priya
704048,7/9/2025,Jaipur,South Treat,North Indian,Dal Makhani,2,299.88,51.75,52.11,27.4,627.52,65,Card,Delivered,3.9,Neha
704049,1/24/2025,Vadodara,Spice Hub,Pizza,Veg Supreme,5,390.4,75.12,49.13,93.84,2019.85,36,Wallet,Delivered,4.9,Karan
704050,4/18/2026,Gandhinagar,South Treat,Pizza,Veg Supreme,5,274.53,79.76,43.99,64.64,1401.52,22,Cash,Cancelled,,Amit
704051,3/24/2025,Ahmedabad,South Treat,Burger,Cheese Burger,3,115.52,28.94,26.64,15.88,360.14,59,UPI,Delivered,4.6,Suresh
704052,12/11/2025,Ahmedabad,Urban Tadka,Chinese,Fried Rice,2,230.48,54.11,54.24,20.34,481.43,45,Wallet,Cancelled,,Rahul
704053,10/27/2025,Mumbai,Pizza Corner,Biryani,Veg Biryani,5,85.39,38.69,41.89,19.41,449.56,59,Cash,Cancelled,,Karan
704054,4/13/2025,Mumbai,South Treat,Chinese,Fried Rice,1,380.03,76.04,38.73,15.2,357.92,33,UPI,Cancelled,,Vikas
704055,1/26/2025,Gandhinagar,Pizza Corner,Chinese,Manchurian,1,394.57,16.87,20.72,18.89,417.31,17,Card,Delivered,4.2,Rahul
704056,9/21/2025,Surat,Chinese Wok,Biryani,Paneer Biryani,5,349.12,77.15,20.97,83.42,1772.84,71,UPI,Delivered,4.3,Karan
704057,1/24/2026,Vadodara,Burger House,Burger,Cheese Burger,4,224.51,3.06,34.86,44.75,974.59,31,Cash,Delivered,4,Rahul
704058,1/6/2026,Jaipur,Spice Hub,Burger,Paneer Burger,3,285.59,63.88,57.88,39.64,890.41,37,UPI,Delivered,3.8,Vikas
704059,2/13/2026,Rajkot,Urban Tadka,Biryani,Veg Biryani,3,200.81,51.75,24.21,27.53,602.42,48,UPI,Delivered,3.5,Suresh
704060,8/17/2025,Gandhinagar,Chinese Wok,Pizza,Farmhouse,2,114.19,25.47,42.51,10.15,255.57,39,UPI,Delivered,3.3,Karan
704061,1/19/2026,Gandhinagar,Burger House,Biryani,Veg Biryani,3,245.47,75.17,48.21,33.06,742.51,53,Cash,Delivered,3.9,Karan
704062,7/9/2025,Jaipur,Chinese Wok,Burger,Cheese Burger,1,289.61,26.27,57.44,13.17,333.95,59,Cash,Delivered,3.5,Priya
704063,10/29/2025,Surat,Pizza Corner,Biryani,Paneer Biryani,3,231.54,13.15,41.77,34.07,757.31,73,Wallet,Cancelled,,Priya
704064,11/29/2025,Rajkot,Chinese Wok,Pizza,Margherita,3,231.95,44.8,46.59,32.55,730.19,22,Card,Delivered,3.5,Amit
704065,4/14/2026,Gandhinagar,Spice Hub,South Indian,Masala Dosa,5,298.31,26.19,35.86,73.27,1574.49,53,Wallet,Delivered,3.1,Priya
704066,4/30/2026,Rajkot,South Treat,Chinese,Noodles,5,309.49,69.34,45.57,73.91,1597.59,27,UPI,Cancelled,,Karan
704067,8/30/2025,Jaipur,Pizza Corner,Beverages,Fresh Juice,5,156.88,62.47,39.06,36.1,797.09,16,Wallet,Delivered,4.6,Priya
704068,1/18/2025,Pune,Chinese Wok,North Indian,Paneer Butter Masala,2,185.67,9.18,29.13,18.11,409.4,50,Wallet,Delivered,3.1,Rahul
704069,3/8/2026,Mumbai,Chinese Wok,Dessert,Gulab Jamun,5,114.02,28.43,39.72,27.08,608.47,66,Card,Delivered,4.4,Vikas
704070,9/9/2025,Rajkot,Burger House,Biryani,Veg Biryani,5,318.85,24.09,24.4,78.51,1673.07,71,UPI,Cancelled,,Amit
704071,7/3/2025,Ahmedabad,Biryani Express,Pizza,Veg Supreme,2,179.34,39.01,51.51,15.98,387.16,56,Cash,Cancelled,,Vikas
704072,2/20/2026,Gandhinagar,South Treat,Biryani,Hyderabadi Veg,3,134.26,53.11,24.32,17.48,391.47,32,Cash,Delivered,4.8,Ravi
704073,8/31/2025,Rajkot,Biryani Express,Chinese,Manchurian,4,393.87,62.19,56.11,75.66,1645.06,47,Card,Cancelled,,Ravi
704074,4/22/2026,Rajkot,Spice Hub,Chinese,Manchurian,5,88.51,1.44,21.37,22.06,484.54,31,Card,Delivered,4.7,Vikas
704075,12/7/2025,Jaipur,Urban Tadka,Burger,Veg Burger,5,129.9,36.4,59.47,30.66,703.23,42,Wallet,Delivered,3.7,Suresh
704076,6/22/2026,Mumbai,Urban Tadka,Chinese,Manchurian,5,187.87,35.74,48.43,45.18,997.22,71,Wallet,Delivered,4.8,Ravi
704077,2/13/2026,Surat,Spice Hub,Chinese,Fried Rice,2,214.87,45.46,24.29,19.21,427.78,75,Wallet,Cancelled,,Suresh
704078,3/14/2026,Vadodara,Biryani Express,Burger,Cheese Burger,3,291.68,78.94,40.89,39.8,876.79,47,Wallet,Delivered,3.3,Vikas
704079,2/27/2025,Ahmedabad,Biryani Express,North Indian,Paneer Butter Masala,1,272.32,32.92,47.22,11.97,298.59,67,UPI,Cancelled,,Karan
704080,4/20/2025,Ahmedabad,Chinese Wok,Beverages,Cold Coffee,2,235.29,64.43,52.48,20.31,478.94,46,Cash,Delivered,3.9,Ravi
704081,6/17/2026,Gandhinagar,Urban Tadka,Biryani,Hyderabadi Veg,5,83.07,47.58,26.54,18.39,412.7,65,Wallet,Cancelled,,Amit
704082,6/7/2025,Mumbai,South Treat,Dessert,Gulab Jamun,2,247.87,46.71,49.84,22.45,521.32,63,UPI,Delivered,3.7,Karan
704083,5/21/2026,Surat,Chinese Wok,North Indian,Dal Makhani,4,232.05,19.77,56.15,45.42,1010,25,Wallet,Delivered,4.5,Amit
704084,4/6/2026,Jaipur,Food Fiesta,Pizza,Margherita,2,186.79,2.09,32.16,18.57,422.22,18,UPI,Delivered,4.5,Neha
704085,4/14/2026,Gandhinagar,Pizza Corner,Burger,Paneer Burger,1,122.48,15.79,25.08,5.33,137.1,65,Card,Delivered,3.7,Ravi
704086,7/4/2025,Pune,Burger House,Chinese,Noodles,5,129.96,5.85,56.34,32.2,732.49,15,Card,Delivered,4,Priya
704087,6/3/2026,Mumbai,South Treat,South Indian,Uttapam,5,84.82,45.47,31.28,18.93,428.84,20,Wallet,Cancelled,,Neha
704088,8/31/2025,Pune,Burger House,Beverages,Lassi,4,274.67,22.92,35.61,53.79,1165.16,17,Cash,Delivered,3.5,Karan
704089,5/4/2026,Vadodara,Burger House,North Indian,Naan Combo,1,399.97,21.31,47.92,18.93,445.51,39,UPI,Delivered,4.3,Suresh
704090,5/7/2025,Gandhinagar,Spice Hub,Chinese,Noodles,1,321.22,70.73,43.89,12.52,306.9,61,UPI,Cancelled,,Rahul
704091,6/7/2025,Mumbai,Burger House,Beverages,Fresh Juice,1,263.75,21.87,34.37,12.09,288.34,45,UPI,Delivered,4.1,Neha
704092,8/17/2025,Gandhinagar,Food Fiesta,Beverages,Lassi,1,240.48,7.28,35.92,11.66,280.78,57,UPI,Delivered,4.9,Amit
704093,5/14/2025,Ahmedabad,Urban Tadka,South Indian,Idli,2,299.26,64.22,38.11,26.71,599.12,39,Wallet,Delivered,3.9,Neha
704094,3/29/2026,Pune,Spice Hub,Pizza,Margherita,5,210.15,21.94,51.17,51.44,1131.42,57,Card,Delivered,3.6,Priya
704095,5/24/2026,Vadodara,Urban Tadka,Burger,Veg Burger,5,93.14,79.69,29.95,19.3,435.26,15,Card,Delivered,3.2,Amit
704096,4/19/2025,Vadodara,Biryani Express,Biryani,Hyderabadi Veg,2,383.92,51.82,34.8,35.8,786.62,51,Card,Delivered,4.9,Neha
704097,1/8/2026,Pune,Chinese Wok,Pizza,Veg Supreme,3,124.56,7.93,32.89,18.29,416.93,70,UPI,Cancelled,,Rahul
704098,3/6/2026,Gandhinagar,Food Fiesta,Beverages,Cold Coffee,5,334.75,23.83,47.55,82.5,1779.97,32,Card,Cancelled,,Karan
704099,5/7/2026,Jaipur,Burger House,South Indian,Uttapam,1,231.69,76.65,22.9,7.75,185.69,17,UPI,Delivered,3.8,Amit
704100,8/13/2025,Pune,Chinese Wok,North Indian,Paneer Butter Masala,5,295.94,35.51,56.76,72.21,1573.16,73,UPI,Delivered,3.3,Suresh
704101,1/26/2026,Ahmedabad,Pizza Corner,Biryani,Paneer Biryani,1,341.56,77.86,43.07,13.19,319.96,59,UPI,Delivered,3.8,Rahul
704102,5/9/2025,Surat,Burger House,Burger,Veg Burger,2,256.62,9.63,31.98,25.18,560.77,42,UPI,Cancelled,,Amit
704103,1/13/2025,Pune,Urban Tadka,Biryani,Paneer Biryani,3,177.84,61.98,52.9,23.58,548.02,18,Card,Cancelled,,Karan
704104,3/3/2026,Surat,Burger House,Biryani,Hyderabadi Veg,2,375.55,61.32,39.04,34.49,763.31,32,Card,Cancelled,,Ravi
704105,6/4/2025,Mumbai,Pizza Corner,South Indian,Uttapam,1,372.05,25.92,27.09,17.31,390.53,75,Wallet,Delivered,3.6,Ravi
704106,7/28/2025,Rajkot,Urban Tadka,Chinese,Manchurian,5,323.73,77.29,36.1,77.07,1654.53,43,Card,Delivered,4.4,Suresh
704107,10/22/2025,Rajkot,Chinese Wok,Chinese,Noodles,4,133.69,6.42,20.08,26.42,574.84,35,Wallet,Delivered,3.1,Vikas
704108,10/26/2025,Rajkot,South Treat,Pizza,Margherita,2,173.12,22.6,50.25,16.18,390.07,68,Cash,Delivered,3.2,Suresh
704109,4/16/2025,Rajkot,Burger House,Beverages,Cold Coffee,4,225.51,39.88,48.42,43.11,953.69,32,Cash,Delivered,3.1,Suresh
704110,2/16/2026,Mumbai,Burger House,Chinese,Manchurian,4,317.25,3.26,22.21,63.29,1351.24,65,UPI,Delivered,3.6,Ravi
704111,3/27/2026,Pune,Urban Tadka,Dessert,Gulab Jamun,5,156.38,6.73,52.97,38.76,866.9,35,Cash,Cancelled,,Rahul
704112,12/16/2025,Surat,Urban Tadka,Chinese,Manchurian,5,198.96,47.8,43.63,47.35,1037.98,63,Wallet,Delivered,5,Amit
704113,12/13/2025,Ahmedabad,South Treat,Beverages,Cold Coffee,2,102.66,20.82,36.27,9.22,229.99,22,Card,Delivered,3.6,Neha
704114,4/15/2025,Pune,South Treat,Pizza,Veg Supreme,5,279.66,21.89,56.58,68.82,1501.81,60,Wallet,Delivered,3.6,Vikas
704115,12/4/2025,Ahmedabad,Chinese Wok,South Indian,Idli,1,156.99,74.17,50.39,4.14,137.35,62,Card,Cancelled,,Suresh
704116,5/5/2026,Surat,South Treat,Burger,Cheese Burger,2,250.54,44.14,30.17,22.85,509.96,65,Card,Delivered,4,Ravi
704117,6/19/2026,Gandhinagar,South Treat,Burger,Veg Burger,3,228.35,13.97,41.04,33.55,745.67,42,UPI,Delivered,3.8,Amit
704118,12/19/2025,Mumbai,Pizza Corner,Pizza,Margherita,1,153.27,27.82,49.43,6.27,181.15,28,Wallet,Cancelled,,Karan
704119,7/10/2025,Mumbai,Biryani Express,Beverages,Cold Coffee,2,341.05,70.37,20.07,30.59,662.39,34,Cash,Delivered,3.6,Neha
704120,3/21/2026,Mumbai,Pizza Corner,Pizza,Farmhouse,1,396.62,40.3,55.44,17.82,429.58,25,Card,Delivered,3.5,Vikas
704121,6/22/2026,Jaipur,South Treat,Beverages,Cold Coffee,5,371.99,78.08,48.04,89.09,1919,25,Card,Cancelled,,Neha
704122,9/30/2025,Mumbai,Urban Tadka,Biryani,Veg Biryani,1,232.37,66.27,29.26,8.31,203.67,20,Card,Delivered,4.6,Vikas
704123,2/4/2026,Mumbai,Chinese Wok,Pizza,Veg Supreme,4,105.22,25.62,37.01,19.76,452.03,53,UPI,Delivered,4.5,Rahul
704124,2/21/2025,Ahmedabad,Food Fiesta,Dessert,Ice Cream,1,130.01,50.06,46.01,4,129.96,38,Wallet,Cancelled,,Karan
704125,10/30/2025,Surat,Pizza Corner,Dessert,Gulab Jamun,4,160.17,61.82,21.39,28.94,629.19,36,Cash,Delivered,3.6,Vikas
704126,9/30/2025,Pune,Pizza Corner,Pizza,Farmhouse,2,84.63,57.05,48.85,5.61,166.67,60,UPI,Delivered,4.8,Vikas
704127,3/16/2025,Jaipur,Urban Tadka,Biryani,Hyderabadi Veg,1,143.33,4.84,56.59,6.92,202,69,UPI,Delivered,4.8,Rahul
704128,4/13/2026,Mumbai,Food Fiesta,North Indian,Paneer Butter Masala,5,110.66,42.08,59.58,25.56,596.36,22,Card,Delivered,3.3,Rahul
704129,5/19/2025,Jaipur,Food Fiesta,Beverages,Lassi,5,217.32,52.75,55.63,51.69,1141.17,49,Wallet,Delivered,4.8,Rahul
704130,8/3/2025,Mumbai,Burger House,Biryani,Veg Biryani,5,312.2,70.77,59.12,74.51,1623.86,16,Card,Cancelled,,Amit
704131,8/28/2025,Vadodara,Urban Tadka,Biryani,Veg Biryani,2,115.61,49.08,32.66,9.11,223.91,20,Wallet,Delivered,3.9,Priya
704132,5/6/2026,Surat,Spice Hub,Dessert,Ice Cream,3,127.09,60.55,31.45,16.04,368.21,42,Cash,Delivered,4.6,Vikas
704133,6/15/2025,Jaipur,Biryani Express,North Indian,Paneer Butter Masala,2,356.86,45.4,37.76,33.42,739.5,55,Wallet,Delivered,3.2,Vikas
704134,5/4/2025,Gandhinagar,Burger House,Chinese,Noodles,3,125.39,7.33,27.08,18.44,414.36,56,UPI,Delivered,3.5,Ravi
704135,11/14/2025,Surat,Chinese Wok,Dessert,Ice Cream,3,158.11,18.22,40.3,22.81,519.22,71,Card,Delivered,3.7,Suresh
704136,9/24/2025,Gandhinagar,Pizza Corner,Dessert,Brownie,5,185.95,2.44,54.57,46.37,1028.25,38,Card,Delivered,4.4,Priya
704137,4/29/2026,Rajkot,Chinese Wok,Chinese,Noodles,2,276.9,5.3,52.36,27.43,628.29,15,Card,Delivered,3.6,Rahul
704138,10/9/2025,Vadodara,Food Fiesta,Biryani,Veg Biryani,5,143.18,53.29,22.6,33.13,718.34,67,Cash,Delivered,4,Ravi
704139,3/24/2025,Pune,Pizza Corner,South Indian,Masala Dosa,3,221.51,33.54,56.59,31.55,719.13,42,Wallet,Delivered,3.3,Karan
704140,9/17/2025,Gandhinagar,Urban Tadka,Chinese,Fried Rice,2,237.87,9.41,25.92,23.32,515.57,43,Wallet,Delivered,4.3,Rahul
704141,2/24/2026,Vadodara,Chinese Wok,Beverages,Fresh Juice,2,199.76,20.45,50.76,18.95,448.78,17,UPI,Delivered,4.3,Amit
704142,2/25/2025,Mumbai,Burger House,Burger,Cheese Burger,1,89.29,30.79,27.22,2.93,88.65,58,Cash,Delivered,3.3,Vikas
704143,8/15/2025,Jaipur,Pizza Corner,Pizza,Farmhouse,1,146.12,75.49,32.39,3.53,106.55,21,Cash,Cancelled,,Neha
704144,5/28/2026,Mumbai,Chinese Wok,Burger,Paneer Burger,3,117.22,76.25,33.46,13.77,322.64,59,Cash,Cancelled,,Rahul
704145,7/15/2025,Vadodara,Urban Tadka,Burger,Cheese Burger,4,195.36,50.33,25.4,36.56,793.07,58,Wallet,Delivered,4,Amit
704146,1/15/2026,Jaipur,Food Fiesta,North Indian,Paneer Butter Masala,3,364.49,59.06,31.16,51.72,1117.29,50,Cash,Delivered,4.3,Priya
704147,3/30/2025,Mumbai,Spice Hub,Beverages,Cold Coffee,3,350.72,2.08,53.44,52.5,1156.02,47,Wallet,Delivered,3.9,Suresh
704148,2/2/2025,Jaipur,South Treat,Pizza,Margherita,1,268.55,43.01,29.81,11.28,266.63,75,UPI,Cancelled,,Rahul
704149,7/31/2025,Surat,Chinese Wok,Beverages,Cold Coffee,5,363.69,7.87,36.59,90.53,1937.7,42,Card,Cancelled,,Amit
704150,5/13/2025,Jaipur,South Treat,Dessert,Ice Cream,2,160.12,65.58,22.26,12.73,289.65,64,Cash,Delivered,3.3,Ravi
704151,5/26/2026,Rajkot,South Treat,Dessert,Brownie,5,127.46,71.99,56.92,28.27,650.5,72,UPI,Delivered,4.7,Amit
704152,3/22/2025,Surat,Food Fiesta,South Indian,Uttapam,3,288.82,19.03,37.44,42.37,927.24,39,UPI,Cancelled,,Neha
704153,12/21/2025,Mumbai,Chinese Wok,Burger,Cheese Burger,5,159.05,52.87,33.82,37.12,813.32,52,Cash,Delivered,4.4,Neha
704154,2/12/2026,Rajkot,Biryani Express,Dessert,Brownie,4,114.59,8.55,20.4,22.49,492.7,18,Wallet,Cancelled,,Neha
704155,11/7/2025,Pune,Burger House,South Indian,Idli,1,103.09,69.58,24.65,1.68,59.84,44,UPI,Delivered,4.8,Priya
704156,2/25/2026,Ahmedabad,Food Fiesta,South Indian,Uttapam,2,257.06,79.41,42.72,21.74,499.17,38,Card,Delivered,4.1,Ravi
704157,6/16/2026,Ahmedabad,Pizza Corner,North Indian,Naan Combo,1,344.67,77,25.39,13.38,306.44,38,Wallet,Cancelled,,Suresh
704158,3/16/2026,Pune,Urban Tadka,South Indian,Idli,4,153.77,5.47,39.75,30.48,679.84,43,Cash,Delivered,3.9,Amit
704159,11/22/2025,Pune,Biryani Express,South Indian,Masala Dosa,5,160.48,37.35,40.6,38.25,843.9,72,Card,Delivered,4.6,Karan
704160,8/12/2025,Vadodara,Chinese Wok,Dessert,Gulab Jamun,3,130.98,60.23,41.55,16.64,390.9,33,Card,Delivered,3.9,Neha
704161,11/16/2025,Jaipur,Spice Hub,Biryani,Hyderabadi Veg,4,218.37,22.72,29.59,42.54,922.89,44,Card,Delivered,4.4,Ravi
704162,2/25/2025,Ahmedabad,Food Fiesta,Dessert,Gulab Jamun,3,251.74,22.97,23.09,36.61,791.95,31,Wallet,Delivered,4.3,Karan
704163,4/16/2026,Rajkot,Biryani Express,Biryani,Veg Biryani,2,144.92,49.46,22.36,12.02,274.76,46,Wallet,Cancelled,,Vikas
704164,12/1/2025,Jaipur,South Treat,Dessert,Brownie,2,182.81,7.74,25.72,17.89,401.49,59,Cash,Delivered,3.1,Vikas
704165,10/9/2025,Ahmedabad,Burger House,Burger,Cheese Burger,3,153.19,22.37,49.65,21.86,508.71,50,Wallet,Delivered,4,Priya
704166,4/5/2026,Vadodara,Pizza Corner,Chinese,Fried Rice,3,277.52,13.83,30.99,40.94,890.66,66,UPI,Delivered,3.1,Karan
704167,4/4/2025,Ahmedabad,Burger House,Chinese,Manchurian,4,116.94,40.57,29.44,21.36,477.99,38,UPI,Delivered,3,Rahul
704168,11/8/2025,Mumbai,Biryani Express,Beverages,Lassi,2,386.16,14.35,59.08,37.9,854.95,75,Wallet,Delivered,4.3,Neha
704169,2/1/2025,Rajkot,Food Fiesta,Pizza,Margherita,2,318.42,3.27,43.85,31.68,709.1,53,UPI,Delivered,4.6,Ravi
704170,9/12/2025,Jaipur,South Treat,Dessert,Brownie,1,318.25,15.53,37.19,15.14,355.05,74,UPI,Cancelled,,Karan
704171,10/9/2025,Vadodara,Urban Tadka,Beverages,Cold Coffee,2,194.93,7.81,22.32,19.1,423.47,58,Cash,Delivered,3.5,Suresh
704172,8/10/2025,Ahmedabad,South Treat,Biryani,Paneer Biryani,5,143.27,69.44,39.86,32.35,719.12,68,Wallet,Cancelled,,Suresh
704173,6/5/2025,Jaipur,Biryani Express,Burger,Veg Burger,1,380.63,1.3,54.14,18.97,452.44,70,Wallet,Delivered,3.9,Rahul
704174,11/2/2025,Vadodara,Food Fiesta,Pizza,Farmhouse,5,189.8,73.89,50.82,43.76,969.69,38,Card,Cancelled,,Priya
704175,12/23/2025,Surat,Pizza Corner,Chinese,Manchurian,5,274.36,58.14,28.81,65.68,1408.15,45,UPI,Delivered,4.2,Karan
704176,3/4/2025,Jaipur,Food Fiesta,North Indian,Dal Makhani,2,379.64,51.97,55.15,35.37,797.83,34,UPI,Delivered,4.1,Suresh
704177,2/4/2026,Mumbai,South Treat,Dessert,Gulab Jamun,3,193.53,61.67,24.25,25.95,569.12,43,UPI,Delivered,4.8,Karan
704178,1/13/2026,Rajkot,Biryani Express,Biryani,Veg Biryani,1,369.82,39.25,55.61,16.53,402.71,28,Card,Delivered,4.8,Karan
704179,8/17/2025,Vadodara,Urban Tadka,North Indian,Paneer Butter Masala,5,159.27,36.83,38.28,37.98,835.78,40,Card,Delivered,3.6,Priya
704180,1/30/2025,Vadodara,Biryani Express,Chinese,Manchurian,4,257.69,42.63,26.63,49.41,1064.17,15,Wallet,Delivered,4.3,Suresh
704181,1/10/2026,Mumbai,Food Fiesta,Biryani,Veg Biryani,3,136.04,6.73,31.47,20.07,452.93,57,Card,Delivered,3.6,Amit
704182,6/4/2026,Gandhinagar,Chinese Wok,Burger,Veg Burger,4,294.68,4.09,40.03,58.73,1273.39,52,Wallet,Delivered,4.1,Vikas
704183,2/14/2026,Jaipur,Pizza Corner,South Indian,Uttapam,3,276.62,31.2,29.92,39.93,868.51,47,Card,Delivered,3.8,Vikas
704184,6/18/2025,Surat,Pizza Corner,Dessert,Brownie,4,97.34,28.98,52.47,18.02,430.87,25,Wallet,Delivered,4.7,Neha
704185,2/17/2026,Ahmedabad,South Treat,Burger,Cheese Burger,3,130.79,52.29,31.36,17,388.44,54,Cash,Cancelled,,Amit
704186,6/6/2025,Ahmedabad,Food Fiesta,Dessert,Ice Cream,2,300.97,76.57,53.86,26.27,605.5,53,UPI,Delivered,4,Neha
704187,7/30/2025,Vadodara,South Treat,South Indian,Uttapam,3,305.13,78.31,59.83,41.85,938.76,19,Cash,Cancelled,,Karan
704188,7/28/2025,Jaipur,Chinese Wok,Dessert,Gulab Jamun,1,195.71,51.91,30.06,7.19,181.05,71,Wallet,Delivered,4.2,Karan
704189,7/2/2025,Jaipur,Pizza Corner,North Indian,Naan Combo,5,296.31,22.79,53.61,72.94,1585.31,64,UPI,Cancelled,,Vikas
704190,2/23/2025,Vadodara,Chinese Wok,Biryani,Hyderabadi Veg,5,160.78,38.53,56,38.27,859.64,15,Wallet,Delivered,4.2,Suresh
704191,12/17/2025,Pune,Food Fiesta,Pizza,Farmhouse,3,298.2,72.28,38.39,41.12,901.83,31,Cash,Delivered,3.1,Rahul
704192,6/17/2026,Mumbai,Biryani Express,Chinese,Fried Rice,3,253.7,11.64,32.66,37.47,819.59,26,UPI,Delivered,3.6,Suresh
704193,12/1/2025,Pune,South Treat,North Indian,Paneer Butter Masala,3,288.6,66.08,32.96,39.99,872.67,26,Cash,Delivered,3.6,Priya
704194,3/14/2026,Rajkot,Burger House,Biryani,Veg Biryani,5,161.31,38.5,40.64,38.4,847.09,40,Wallet,Delivered,3.6,Amit
704195,9/3/2025,Ahmedabad,Food Fiesta,Biryani,Veg Biryani,4,259.38,66.69,55.84,48.54,1075.21,33,Card,Delivered,4.7,Neha
704196,8/17/2025,Pune,Food Fiesta,Dessert,Gulab Jamun,3,270.86,62.93,51.23,37.48,838.36,69,UPI,Cancelled,,Priya
704197,12/1/2025,Surat,Chinese Wok,South Indian,Masala Dosa,3,388.68,46.67,26.01,55.97,1201.35,33,UPI,Delivered,3.6,Rahul
704198,2/5/2025,Ahmedabad,Pizza Corner,Beverages,Fresh Juice,4,110.79,54.35,57.66,19.44,465.91,60,Cash,Delivered,4.6,Ravi
704199,3/6/2025,Vadodara,Urban Tadka,Biryani,Veg Biryani,1,202.78,34.24,38.85,8.43,215.82,67,Cash,Delivered,3.3,Priya
704200,4/20/2025,Rajkot,South Treat,South Indian,Uttapam,4,347.01,18.65,57.77,68.47,1495.63,41,Cash,Cancelled,,Vikas
704201,4/16/2025,Pune,Chinese Wok,South Indian,Idli,4,266.27,71.07,23.07,49.7,1066.78,74,Card,Delivered,3.8,Neha
704202,4/2/2025,Vadodara,Spice Hub,Biryani,Hyderabadi Veg,2,123.68,4.37,27.5,12.15,282.64,31,Card,Delivered,3,Neha
704203,12/3/2025,Vadodara,South Treat,South Indian,Masala Dosa,1,240.76,36.38,58.36,10.22,272.96,43,UPI,Cancelled,,Amit
704204,11/11/2025,Gandhinagar,Spice Hub,South Indian,Idli,3,333.77,28.36,34.81,48.65,1056.41,32,Cash,Delivered,4.9,Neha
704205,4/16/2026,Mumbai,Biryani Express,Biryani,Paneer Biryani,5,120.77,45.51,20.35,27.92,606.61,42,Wallet,Cancelled,,Karan
704206,2/13/2026,Gandhinagar,Burger House,Dessert,Brownie,2,373.25,48.69,42.72,34.89,775.42,17,UPI,Delivered,3.3,Karan
704207,3/30/2025,Mumbai,Biryani Express,Chinese,Manchurian,4,366.4,38.23,40.63,71.37,1539.37,44,UPI,Delivered,4.9,Amit
704208,10/3/2025,Gandhinagar,Food Fiesta,North Indian,Paneer Butter Masala,3,191.22,75.17,56.96,24.92,580.37,46,Card,Delivered,4.6,Suresh
704209,2/14/2025,Pune,Biryani Express,Dessert,Ice Cream,1,327.24,0.59,22.46,16.33,365.44,22,Cash,Delivered,4.4,Priya
704210,12/23/2025,Vadodara,Spice Hub,South Indian,Masala Dosa,1,94.1,77.17,53.55,0.85,71.33,58,Cash,Cancelled,,Amit
704211,4/6/2026,Rajkot,Burger House,North Indian,Dal Makhani,3,272.69,74.69,57.55,37.17,838.1,59,Wallet,Delivered,4,Amit
704212,9/2/2025,Pune,Pizza Corner,South Indian,Idli,5,160.76,2.25,39.94,40.08,881.57,31,Card,Delivered,4.2,Priya
704213,2/3/2026,Ahmedabad,Pizza Corner,Biryani,Veg Biryani,1,126.29,20.77,58.15,5.28,168.95,57,UPI,Delivered,4.4,Karan
704214,12/30/2025,Ahmedabad,Biryani Express,Beverages,Cold Coffee,5,126.42,29.03,28.44,30.15,661.66,15,UPI,Cancelled,,Amit
704215,1/21/2025,Gandhinagar,Biryani Express,Pizza,Margherita,3,381.96,57.5,58.69,54.42,1201.49,21,Cash,Delivered,3.3,Ravi
704216,1/15/2026,Pune,South Treat,Burger,Paneer Burger,5,282.65,14.03,23.05,69.96,1492.23,46,Card,Cancelled,,Neha
704217,1/31/2026,Gandhinagar,Urban Tadka,South Indian,Idli,2,341.43,18.74,23.69,33.21,721.02,35,Wallet,Cancelled,,Amit
704218,4/4/2025,Vadodara,Chinese Wok,Pizza,Margherita,1,177.67,46.52,59.25,6.56,196.96,36,Card,Delivered,4.3,Vikas
704219,11/7/2025,Jaipur,Food Fiesta,South Indian,Masala Dosa,5,215.36,47.97,32,51.44,1112.27,54,Wallet,Delivered,3.5,Priya
704220,5/11/2025,Vadodara,Chinese Wok,Pizza,Margherita,3,93.51,47.92,54.13,11.63,298.37,59,Card,Delivered,3.4,Neha
704221,5/24/2026,Pune,Spice Hub,North Indian,Paneer Butter Masala,4,346.11,50.83,49.11,66.68,1449.4,23,Card,Delivered,3,Rahul
704222,2/5/2025,Pune,Biryani Express,South Indian,Uttapam,1,330.44,50.71,22.89,13.99,316.61,22,UPI,Delivered,4.7,Priya
704223,4/29/2026,Vadodara,Pizza Corner,Pizza,Margherita,3,324.87,16.33,38.52,47.91,1044.71,62,Cash,Cancelled,,Vikas
704224,5/26/2026,Jaipur,Spice Hub,Beverages,Cold Coffee,3,163.55,1.6,37.28,24.45,550.78,63,UPI,Delivered,3.5,Suresh
704225,5/10/2026,Gandhinagar,South Treat,Beverages,Cold Coffee,4,360.73,21.4,47.12,71.08,1539.72,34,UPI,Cancelled,,Karan
704226,3/24/2025,Pune,Chinese Wok,Burger,Paneer Burger,1,391.72,7.22,39.71,19.23,443.44,54,Wallet,Delivered,4,Vikas
704227,5/9/2025,Surat,Chinese Wok,Dessert,Ice Cream,2,247.05,46.25,30.74,22.39,500.98,46,Wallet,Delivered,3.1,Suresh
704228,11/19/2025,Jaipur,Pizza Corner,Chinese,Manchurian,1,146.18,3.41,27.64,7.14,177.55,71,Card,Delivered,4.4,Vikas
704229,7/3/2025,Mumbai,Chinese Wok,Burger,Veg Burger,5,99.38,75.52,28.62,21.07,471.07,61,Card,Cancelled,,Priya
704230,2/15/2026,Surat,Spice Hub,Dessert,Gulab Jamun,3,340.6,61.99,57.69,47.99,1065.49,33,Wallet,Delivered,4.3,Rahul
704231,1/19/2025,Mumbai,Food Fiesta,Burger,Cheese Burger,1,307.49,37.18,39.73,13.52,323.56,61,Card,Delivered,3.9,Suresh
704232,6/9/2025,Rajkot,Food Fiesta,South Indian,Uttapam,4,306.93,60.05,55.08,58.38,1281.13,40,Wallet,Delivered,4.2,Neha
704233,3/8/2026,Jaipur,Pizza Corner,South Indian,Uttapam,5,372.11,33.02,21.65,91.38,1940.56,35,Cash,Cancelled,,Suresh
704234,11/10/2025,Rajkot,Food Fiesta,Biryani,Hyderabadi Veg,1,192.05,75.92,57.47,5.81,179.41,35,UPI,Cancelled,,Neha
704235,2/19/2026,Vadodara,Spice Hub,Beverages,Cold Coffee,4,226.97,60.21,21.79,42.38,911.84,15,Cash,Cancelled,,Suresh
704236,7/9/2025,Mumbai,Spice Hub,South Indian,Uttapam,2,225.68,60.63,50.07,19.54,460.34,30,Card,Delivered,4.2,Amit
704237,7/20/2025,Gandhinagar,Chinese Wok,Biryani,Paneer Biryani,5,275.38,51.59,38.5,66.27,1430.08,30,Card,Delivered,3.2,Ravi
704238,8/12/2025,Mumbai,Food Fiesta,Beverages,Lassi,2,112.72,78.07,27.44,7.37,182.18,55,Card,Delivered,3.9,Rahul
704239,12/14/2025,Ahmedabad,Pizza Corner,Beverages,Cold Coffee,3,159.85,28.19,59.19,22.57,533.12,64,Cash,Delivered,3.8,Neha
704240,10/13/2025,Vadodara,Pizza Corner,Pizza,Farmhouse,5,210.63,75,32.89,48.91,1059.95,21,UPI,Delivered,4.5,Priya
704241,10/11/2025,Surat,South Treat,Dessert,Ice Cream,4,229.29,39.1,43.73,43.9,965.69,20,Wallet,Delivered,4.3,Ravi
704242,2/10/2025,Jaipur,Urban Tadka,Dessert,Brownie,3,277.23,64.87,32.34,38.34,837.5,39,Wallet,Delivered,3.1,Rahul
704243,5/19/2025,Jaipur,Spice Hub,South Indian,Masala Dosa,5,319.73,15.21,23.03,79.17,1685.64,48,Card,Delivered,3.4,Vikas
704244,4/1/2025,Gandhinagar,Food Fiesta,Burger,Paneer Burger,3,164.07,20.64,51.21,23.58,546.36,69,Wallet,Delivered,4,Neha
704245,2/5/2025,Rajkot,Pizza Corner,Biryani,Veg Biryani,2,128.93,22.58,39.48,11.76,286.52,75,UPI,Delivered,3.8,Neha
704246,4/1/2026,Jaipur,Chinese Wok,Chinese,Fried Rice,4,265.64,71.4,39.01,49.56,1079.73,75,Cash,Cancelled,,Amit
704247,3/28/2025,Jaipur,Biryani Express,Dessert,Brownie,2,343.36,11.31,38.71,33.77,747.89,19,Wallet,Delivered,4.9,Neha
704248,3/14/2025,Mumbai,Urban Tadka,Biryani,Hyderabadi Veg,4,162.2,46.09,49.28,30.14,682.13,51,Wallet,Delivered,3.7,Neha
704249,7/11/2025,Gandhinagar,Burger House,Beverages,Lassi,3,93.77,78.76,45.24,10.13,257.92,38,Cash,Delivered,4,Rahul
704250,9/18/2025,Surat,Biryani Express,Beverages,Cold Coffee,2,170.1,15.87,28.85,16.22,369.4,51,Card,Delivered,4.9,Suresh
704251,1/26/2026,Surat,Pizza Corner,Pizza,Farmhouse,2,261.11,32.11,25.75,24.51,540.37,32,UPI,Delivered,3.3,Rahul
704252,2/7/2026,Pune,Spice Hub,Dessert,Brownie,1,369.4,71.17,44.13,14.91,357.27,70,Cash,Cancelled,,Rahul
704253,5/28/2025,Ahmedabad,South Treat,North Indian,Paneer Butter Masala,3,137.91,55.57,38.78,17.91,414.85,37,Card,Delivered,4.2,Suresh
704254,1/7/2026,Gandhinagar,Burger House,Pizza,Margherita,2,376.36,78.02,40.98,33.74,749.42,23,Wallet,Delivered,3.2,Amit
704255,2/14/2025,Pune,Food Fiesta,Pizza,Margherita,1,314.75,36.35,35.33,13.92,327.65,46,Card,Delivered,4,Vikas
704256,4/6/2025,Gandhinagar,Spice Hub,Beverages,Fresh Juice,5,231.19,27.37,46.21,56.43,1231.22,56,UPI,Delivered,4.6,Ravi
704257,3/27/2026,Pune,Chinese Wok,Chinese,Noodles,4,368.16,10.46,40.65,73.11,1575.94,67,Wallet,Delivered,3.4,Vikas
704258,12/24/2025,Rajkot,Food Fiesta,Dessert,Brownie,4,334.52,38.28,27.14,64.99,1391.93,25,Wallet,Cancelled,,Rahul
704259,11/10/2025,Jaipur,Burger House,Pizza,Veg Supreme,2,254.64,14.69,38.91,24.73,558.23,39,Card,Delivered,4.5,Priya
704260,6/25/2025,Rajkot,Burger House,Burger,Cheese Burger,3,166.45,35.83,22.71,23.18,509.41,28,Cash,Delivered,4.1,Neha
704261,11/4/2025,Gandhinagar,Chinese Wok,Dessert,Ice Cream,2,125.09,2.9,23.84,12.36,283.48,65,Cash,Delivered,3.2,Karan
704262,6/6/2026,Ahmedabad,Pizza Corner,South Indian,Masala Dosa,1,308.87,14.22,35.19,14.73,344.57,55,Cash,Delivered,4.3,Priya
704263,5/20/2026,Ahmedabad,Spice Hub,Burger,Paneer Burger,4,214.84,23.42,40.28,41.8,918.02,75,Cash,Delivered,4.6,Rahul
704264,4/13/2025,Jaipur,Urban Tadka,Chinese,Fried Rice,4,159.36,54.56,41.02,29.14,653.04,46,UPI,Cancelled,,Ravi
704265,1/27/2025,Mumbai,South Treat,Burger,Veg Burger,3,279.14,10.42,46.91,41.35,915.26,18,UPI,Delivered,3.1,Karan
704266,8/9/2025,Pune,South Treat,Pizza,Margherita,5,375.06,45.44,29.47,91.49,1950.82,73,Cash,Delivered,3.8,Ravi
704267,9/3/2025,Jaipur,Biryani Express,Burger,Paneer Burger,2,117.02,74.3,20.39,7.99,188.12,50,Wallet,Delivered,4.6,Neha
704268,12/16/2025,Ahmedabad,Spice Hub,North Indian,Naan Combo,5,358.31,50.52,25.11,87.05,1853.19,61,Card,Delivered,3.4,Vikas
704269,10/13/2025,Gandhinagar,Biryani Express,North Indian,Dal Makhani,5,384.33,58.9,45.4,93.14,2001.29,25,Card,Delivered,3.9,Karan
704270,9/13/2025,Jaipur,Chinese Wok,South Indian,Idli,1,90.52,4.59,28.14,4.3,118.37,49,Wallet,Delivered,5,Priya
704271,9/6/2025,Surat,Spice Hub,Burger,Veg Burger,5,159.67,72.82,45.74,36.28,807.55,71,Cash,Delivered,3.8,Amit
704272,11/20/2025,Rajkot,Burger House,Dessert,Ice Cream,1,175.04,50.52,38.72,6.23,169.47,52,Cash,Delivered,4.5,Karan
704273,6/3/2026,Vadodara,Burger House,North Indian,Naan Combo,3,105.67,15.17,26.52,15.09,343.45,38,Wallet,Delivered,3.7,Vikas
704274,6/5/2025,Surat,Food Fiesta,North Indian,Dal Makhani,2,205.74,38.26,29.14,18.66,421.02,51,Card,Cancelled,,Vikas
704275,4/18/2026,Ahmedabad,Food Fiesta,Chinese,Noodles,2,299.57,27.66,42.14,28.57,642.19,70,Wallet,Delivered,3.5,Neha
704276,9/18/2025,Vadodara,Biryani Express,Chinese,Noodles,3,333.47,19.3,58.61,49.06,1088.78,65,Card,Delivered,4.2,Vikas
704277,4/12/2026,Pune,Pizza Corner,Pizza,Farmhouse,1,253.66,45.54,51.81,10.41,270.34,60,Card,Cancelled,,Karan
704278,5/6/2026,Jaipur,Spice Hub,South Indian,Uttapam,5,167.39,39.07,39.46,39.89,877.23,18,Wallet,Delivered,4.5,Priya
704279,12/13/2025,Ahmedabad,Pizza Corner,Burger,Cheese Burger,5,397.7,42.59,21.99,97.3,2065.2,68,UPI,Delivered,4.2,Ravi
704280,1/1/2026,Gandhinagar,Food Fiesta,Dessert,Gulab Jamun,1,264.68,41.47,42.59,11.16,276.96,27,Cash,Delivered,4.2,Rahul
704281,6/28/2025,Jaipur,Food Fiesta,South Indian,Idli,3,178.38,0.86,37.39,26.71,598.38,57,Wallet,Cancelled,,Suresh
704282,2/15/2025,Rajkot,Urban Tadka,Pizza,Veg Supreme,1,121.36,72.25,44.7,2.46,96.27,63,UPI,Delivered,4.4,Rahul
704283,11/9/2025,Rajkot,Pizza Corner,Pizza,Farmhouse,2,263.12,2.52,40.9,26.19,590.81,66,Card,Cancelled,,Neha
704284,8/31/2025,Vadodara,Chinese Wok,Biryani,Veg Biryani,5,342.13,53.55,41.45,82.86,1781.41,29,Wallet,Cancelled,,Ravi
704285,3/21/2025,Jaipur,Chinese Wok,Biryani,Paneer Biryani,1,212.02,8.26,49.23,10.19,263.18,69,Cash,Delivered,4.4,Karan
704286,2/8/2025,Ahmedabad,Urban Tadka,Beverages,Fresh Juice,2,201.47,63.33,46.48,16.98,403.07,71,Card,Delivered,4.2,Vikas
704287,8/25/2025,Pune,Burger House,Burger,Veg Burger,2,310.93,59.86,20.62,28.1,610.72,26,Wallet,Cancelled,,Ravi
704288,4/18/2025,Jaipur,Pizza Corner,South Indian,Uttapam,4,90.69,52.09,51.57,15.53,377.77,70,Wallet,Delivered,4.6,Rahul
704289,4/3/2026,Pune,South Treat,Burger,Paneer Burger,4,291.3,30.65,57.03,56.73,1248.31,49,Cash,Cancelled,,Ravi
704290,1/28/2026,Pune,Burger House,South Indian,Uttapam,5,93.3,61.92,37.08,20.23,461.89,37,Wallet,Delivered,4.7,Karan
704291,5/11/2026,Surat,Burger House,Chinese,Fried Rice,2,334.13,72.34,53.78,29.8,679.5,56,Wallet,Delivered,3.2,Karan
704292,9/6/2025,Mumbai,Food Fiesta,Burger,Veg Burger,2,255.17,20.58,20.26,24.49,534.51,35,Wallet,Delivered,4.1,Rahul
704293,11/6/2025,Gandhinagar,Food Fiesta,Burger,Veg Burger,5,214.1,46.44,38.51,51.2,1113.77,37,Card,Delivered,3,Rahul
704294,12/8/2025,Ahmedabad,Biryani Express,Beverages,Cold Coffee,5,267.89,75.26,52.22,63.21,1379.62,49,UPI,Cancelled,,Karan
704295,2/22/2025,Mumbai,Chinese Wok,Biryani,Hyderabadi Veg,3,379.26,15.43,28.46,56.12,1206.93,35,Wallet,Delivered,3.7,Ravi
704296,5/18/2025,Gandhinagar,Food Fiesta,North Indian,Naan Combo,1,305.06,17.45,42.05,14.38,344.04,16,Card,Delivered,3.3,Ravi
704297,3/17/2025,Gandhinagar,Burger House,North Indian,Paneer Butter Masala,4,271.28,17.84,38.28,53.36,1158.92,65,Cash,Cancelled,,Suresh
704298,1/10/2026,Gandhinagar,Urban Tadka,North Indian,Paneer Butter Masala,1,170.19,69.26,39.73,5.05,145.71,41,Wallet,Delivered,4.9,Ravi
704299,6/20/2025,Jaipur,Urban Tadka,Dessert,Brownie,4,342.12,34.18,36.01,66.72,1437.03,55,Wallet,Delivered,3.8,Karan
704300,6/30/2025,Ahmedabad,Chinese Wok,Dessert,Gulab Jamun,3,115.09,65.19,40.41,14,334.49,26,Wallet,Delivered,4.2,Priya
704301,2/4/2025,Jaipur,Food Fiesta,Dessert,Brownie,3,253.19,23.73,59.63,36.79,832.26,58,Card,Delivered,4.5,Rahul
704302,8/11/2025,Rajkot,Pizza Corner,Dessert,Brownie,3,280.2,14.07,37.01,41.33,904.87,22,UPI,Delivered,4.4,Karan
704303,2/1/2025,Jaipur,Biryani Express,North Indian,Paneer Butter Masala,4,292.06,46.74,46.74,56.08,1224.32,32,Cash,Delivered,3.9,Suresh
704304,11/24/2025,Mumbai,Biryani Express,Biryani,Hyderabadi Veg,4,111.48,63.05,44.54,19.14,446.55,20,Card,Delivered,3.7,Rahul
704305,6/17/2026,Mumbai,Biryani Express,Burger,Veg Burger,5,239.88,14.31,39.75,59.25,1284.09,73,UPI,Delivered,3.6,Ravi
704306,5/17/2026,Gandhinagar,Pizza Corner,Burger,Cheese Burger,1,243.25,72.07,56.42,8.56,236.16,64,Cash,Delivered,3.5,Vikas
704307,7/23/2025,Gandhinagar,South Treat,Burger,Veg Burger,4,292.15,0.72,59.3,58.39,1285.57,67,Wallet,Delivered,4.6,Amit
704308,5/10/2025,Vadodara,Spice Hub,North Indian,Naan Combo,3,306.1,9.12,29.41,45.46,984.05,64,Card,Cancelled,,Amit
704309,1/26/2026,Jaipur,Burger House,Burger,Cheese Burger,2,130.71,30.14,45.45,11.56,288.29,42,Wallet,Delivered,3.5,Karan
704310,8/21/2025,Pune,Pizza Corner,Dessert,Brownie,1,117.89,41.32,53.51,3.83,133.91,58,UPI,Delivered,4.6,Karan
704311,12/1/2025,Vadodara,Urban Tadka,Pizza,Farmhouse,2,166.6,44.44,56.88,14.44,360.08,71,Card,Cancelled,,Ravi
704312,8/1/2025,Pune,Food Fiesta,Biryani,Paneer Biryani,4,180.58,69.91,46.87,32.62,731.9,37,Wallet,Delivered,5,Priya
704313,9/22/2025,Mumbai,Pizza Corner,South Indian,Uttapam,4,122.52,50.85,23.86,21.96,485.05,29,UPI,Cancelled,,Karan
704314,11/16/2025,Surat,Chinese Wok,Burger,Cheese Burger,3,370.33,58.66,43.27,52.62,1148.22,71,Cash,Delivered,4.4,Vikas
704315,8/22/2025,Jaipur,Biryani Express,Biryani,Veg Biryani,3,143.1,40.31,20.88,19.45,429.32,75,UPI,Delivered,3.3,Ravi
704316,8/24/2025,Mumbai,Burger House,Burger,Veg Burger,1,297.77,17.89,52.21,13.99,346.08,28,Card,Delivered,3.4,Karan
704317,5/3/2026,Pune,South Treat,Pizza,Farmhouse,5,96.19,54.49,49.92,21.32,497.7,32,UPI,Cancelled,,Priya
704318,4/22/2025,Jaipur,Food Fiesta,South Indian,Uttapam,4,240.41,10.22,27.87,47.57,1026.86,69,Card,Delivered,4.4,Priya
704319,11/10/2025,Surat,Biryani Express,Beverages,Lassi,4,88.88,48.1,29.42,15.37,352.21,49,Wallet,Delivered,4.9,Ravi
704320,3/17/2025,Mumbai,Burger House,Burger,Paneer Burger,3,107.64,71.24,46.01,12.58,310.27,53,Cash,Delivered,3,Suresh
704321,1/4/2025,Vadodara,Burger House,North Indian,Dal Makhani,5,288.26,72.33,59.54,68.45,1496.96,67,UPI,Cancelled,,Neha
704322,12/21/2025,Rajkot,Urban Tadka,South Indian,Idli,5,197.76,20.52,53.88,48.41,1070.57,40,Card,Delivered,4.2,Amit
704323,1/29/2026,Mumbai,South Treat,North Indian,Paneer Butter Masala,4,332.9,61.6,42.44,63.5,1375.94,50,Wallet,Delivered,3.8,Priya
704324,1/16/2026,Gandhinagar,Food Fiesta,Dessert,Brownie,3,135.39,9.9,30.9,19.81,446.98,57,UPI,Delivered,4.9,Neha
704325,12/16/2025,Vadodara,South Treat,Pizza,Veg Supreme,5,379.96,4.91,45.4,94.74,2035.03,75,UPI,Cancelled,,Amit
704326,6/7/2026,Gandhinagar,Pizza Corner,Beverages,Fresh Juice,3,388.98,72.87,59.9,54.7,1208.67,36,UPI,Delivered,3.2,Priya
704327,3/18/2026,Vadodara,Biryani Express,Burger,Veg Burger,2,385.73,66.92,28.25,35.23,768.02,21,UPI,Delivered,4.3,Priya
704328,6/2/2025,Pune,Urban Tadka,South Indian,Idli,2,190.4,33.22,29.97,17.38,394.93,49,Cash,Delivered,4.6,Amit
704329,1/18/2025,Mumbai,South Treat,Chinese,Manchurian,4,259.97,69.79,53.4,48.5,1071.99,54,UPI,Delivered,4.7,Rahul
704330,6/25/2025,Mumbai,Urban Tadka,Dessert,Ice Cream,2,369.31,42.33,32.98,34.81,764.08,43,UPI,Delivered,4.3,Amit
704331,11/22/2025,Vadodara,Spice Hub,Chinese,Fried Rice,4,280.17,1,53.38,55.98,1229.04,57,UPI,Delivered,4.7,Vikas
704332,1/19/2026,Surat,Burger House,Burger,Cheese Burger,1,206.7,38.52,44.7,8.41,221.29,21,UPI,Delivered,3.9,Rahul
704333,4/8/2026,Surat,Burger House,Pizza,Margherita,5,338.29,9.04,21.93,84.12,1788.46,54,UPI,Cancelled,,Rahul
704334,11/23/2025,Mumbai,Biryani Express,Pizza,Farmhouse,5,319.87,10.11,57.52,79.46,1726.22,42,Card,Delivered,3.2,Vikas
704335,2/5/2025,Jaipur,Chinese Wok,North Indian,Paneer Butter Masala,2,279.36,45.34,34.23,25.67,573.28,36,Cash,Cancelled,,Vikas
704336,6/10/2025,Surat,Food Fiesta,Chinese,Manchurian,3,302.11,35.74,22.45,43.53,936.57,71,Card,Delivered,3.6,Rahul
704337,4/25/2026,Rajkot,Spice Hub,Chinese,Noodles,1,373.09,54.42,39.13,15.93,373.73,29,Card,Delivered,3.4,Ravi
704338,4/30/2025,Vadodara,Pizza Corner,South Indian,Idli,3,237.81,8.7,27.85,35.24,767.82,49,Card,Cancelled,,Vikas
704339,7/27/2025,Ahmedabad,Chinese Wok,North Indian,Naan Combo,4,179.37,78.94,27.28,31.93,697.75,18,Wallet,Delivered,4.9,Karan
704340,6/11/2026,Pune,Food Fiesta,Dessert,Brownie,4,323.5,42.48,24.69,62.58,1338.79,29,Cash,Delivered,3.4,Rahul
704341,6/20/2026,Rajkot,Spice Hub,Burger,Veg Burger,4,317.23,76.71,32.71,59.61,1284.53,45,Wallet,Delivered,4,Ravi
704342,11/29/2025,Mumbai,Burger House,Pizza,Veg Supreme,2,362.67,39.43,58.76,34.3,778.97,23,Card,Delivered,4.1,Amit
704343,11/19/2025,Pune,South Treat,Pizza,Veg Supreme,4,253.3,48.92,26.76,48.21,1039.25,72,Card,Delivered,3,Suresh
704344,2/5/2026,Pune,Urban Tadka,Burger,Paneer Burger,4,119.78,68.57,35.53,20.53,466.61,26,Cash,Delivered,4.8,Neha
704345,2/21/2025,Jaipur,Chinese Wok,Pizza,Veg Supreme,2,371,15.32,50.2,36.33,813.21,16,Cash,Cancelled,,Neha
704346,11/3/2025,Vadodara,Food Fiesta,North Indian,Naan Combo,5,94.94,50.29,37.75,21.22,483.38,70,Cash,Delivered,3.9,Karan
704347,12/28/2025,Gandhinagar,Chinese Wok,Burger,Paneer Burger,5,310.26,75.81,47.09,73.77,1596.35,50,Wallet,Delivered,4.9,Vikas
704348,4/11/2026,Pune,Food Fiesta,Chinese,Fried Rice,3,281.79,32.27,37.77,40.66,891.53,43,Card,Cancelled,,Neha
704349,2/2/2025,Surat,Burger House,Burger,Veg Burger,5,363.46,59.56,41.69,87.89,1887.32,38,Card,Delivered,3.4,Rahul
704350,9/9/2025,Mumbai,South Treat,Pizza,Veg Supreme,3,206.72,1.24,56.05,30.95,705.92,26,Cash,Delivered,3.7,Amit
704351,2/6/2025,Rajkot,Spice Hub,Chinese,Manchurian,5,211.36,36.31,42.97,51.02,1114.48,36,UPI,Cancelled,,Rahul
704352,10/3/2025,Rajkot,Urban Tadka,South Indian,Uttapam,2,186.93,2.71,36.53,18.56,426.24,52,Cash,Delivered,3.9,Rahul
704353,4/6/2026,Rajkot,Urban Tadka,Biryani,Veg Biryani,4,311.81,32.92,42.59,60.72,1317.63,19,UPI,Cancelled,,Suresh
704354,1/29/2026,Jaipur,Biryani Express,South Indian,Uttapam,1,302.82,40.52,43.55,13.12,318.97,52,UPI,Delivered,4,Vikas
704355,4/1/2026,Vadodara,Chinese Wok,Beverages,Lassi,5,281.66,19.72,29.1,69.43,1487.11,40,Cash,Delivered,3.6,Karan
704356,1/25/2025,Pune,Pizza Corner,Chinese,Manchurian,2,220.23,11.7,26.45,21.44,476.65,38,Card,Delivered,4.9,Rahul
704357,6/30/2025,Mumbai,Biryani Express,Dessert,Gulab Jamun,3,170.24,32.83,44.52,23.89,546.3,61,Wallet,Cancelled,,Suresh
704358,6/24/2026,Jaipur,Biryani Express,Dessert,Ice Cream,3,152.11,57.7,25.3,19.93,443.86,53,Cash,Delivered,3.3,Priya
704359,7/17/2025,Surat,Urban Tadka,Beverages,Fresh Juice,3,362.56,1.7,40.33,54.3,1180.61,72,UPI,Cancelled,,Neha
704360,10/24/2025,Surat,South Treat,South Indian,Idli,1,202.65,6.21,38.94,9.82,245.2,45,Card,Delivered,3.8,Karan
704361,7/11/2025,Surat,Biryani Express,Biryani,Veg Biryani,5,211.62,34.77,43.6,51.17,1118.1,44,Card,Cancelled,,Rahul
704362,8/26/2025,Vadodara,Pizza Corner,North Indian,Naan Combo,2,95.75,79.85,52.11,5.58,169.34,17,Card,Delivered,3.6,Rahul
704363,10/1/2025,Rajkot,Urban Tadka,North Indian,Paneer Butter Masala,2,395.83,0.53,55.24,39.56,885.93,44,UPI,Cancelled,,Suresh
704364,5/17/2025,Surat,Biryani Express,Burger,Paneer Burger,4,285.34,73.08,52.08,53.41,1173.77,15,Cash,Delivered,3.4,Rahul
704365,6/17/2025,Mumbai,Food Fiesta,Chinese,Fried Rice,1,199.66,26.76,31.16,8.65,212.71,25,Card,Delivered,5,Ravi
704366,1/1/2025,Ahmedabad,Pizza Corner,Pizza,Farmhouse,3,261.53,72.26,36.54,35.62,784.49,64,Card,Delivered,3.5,Rahul
704367,11/5/2025,Mumbai,Food Fiesta,Chinese,Manchurian,4,253.45,77.57,47.24,46.81,1030.28,60,UPI,Cancelled,,Priya
704368,3/6/2026,Pune,Urban Tadka,Dessert,Gulab Jamun,5,318.04,53.19,52.2,76.85,1666.06,43,UPI,Cancelled,,Suresh
704369,6/18/2026,Ahmedabad,Spice Hub,Beverages,Cold Coffee,3,134.06,30.37,53.63,18.59,444.03,58,UPI,Cancelled,,Vikas
704370,3/21/2025,Mumbai,Pizza Corner,South Indian,Uttapam,1,231.38,31.52,51.95,9.99,261.8,52,Cash,Cancelled,,Priya
704371,8/1/2025,Vadodara,South Treat,Burger,Cheese Burger,3,153.3,60.08,46.37,19.99,466.18,59,Card,Cancelled,,Amit
704372,2/21/2026,Gandhinagar,Pizza Corner,Burger,Veg Burger,5,172.94,47.82,51.76,40.84,909.48,62,Card,Cancelled,,Karan
704373,8/4/2025,Surat,Biryani Express,Dessert,Gulab Jamun,1,286.65,75.39,33.4,10.56,255.22,72,UPI,Cancelled,,Karan
704374,3/22/2025,Mumbai,Pizza Corner,Beverages,Fresh Juice,3,220.03,0.54,21.81,32.98,714.34,42,Cash,Delivered,5,Suresh
704375,6/16/2025,Jaipur,Chinese Wok,Beverages,Cold Coffee,2,176.01,45.87,59.83,15.31,381.29,50,Cash,Delivered,3.2,Amit
704376,5/9/2025,Surat,Biryani Express,Chinese,Fried Rice,2,312.93,74.94,31.82,27.55,610.29,72,UPI,Cancelled,,Karan
704377,1/14/2026,Jaipur,Chinese Wok,Biryani,Hyderabadi Veg,2,331.61,34.15,21.68,31.45,682.2,48,UPI,Delivered,4.9,Rahul
704378,3/13/2025,Gandhinagar,South Treat,Burger,Cheese Burger,2,154.51,41.78,47.68,13.36,328.28,36,Cash,Delivered,4,Priya
704379,2/12/2025,Rajkot,Food Fiesta,Burger,Cheese Burger,3,82.26,0.21,57.99,12.33,316.89,65,Wallet,Delivered,3.1,Vikas
704380,5/11/2025,Rajkot,Chinese Wok,South Indian,Uttapam,5,329.26,19.49,50.42,81.34,1758.57,54,Cash,Delivered,4.6,Vikas
704381,2/28/2026,Jaipur,Spice Hub,South Indian,Uttapam,5,327.32,15.08,23.39,81.08,1725.99,66,Wallet,Delivered,4.3,Neha
704382,5/31/2025,Jaipur,Food Fiesta,Burger,Veg Burger,4,299.09,3.68,44.98,59.63,1297.29,37,Cash,Delivered,3.6,Amit
704383,4/23/2025,Vadodara,Chinese Wok,Chinese,Noodles,2,284.43,68.93,42.02,25,566.95,56,Cash,Delivered,4.2,Amit
704384,1/13/2025,Rajkot,Urban Tadka,Biryani,Veg Biryani,5,116.36,37.39,43.32,27.22,614.95,40,UPI,Delivered,4.6,Vikas
704385,8/31/2025,Jaipur,Pizza Corner,Chinese,Manchurian,4,199.17,19.88,43.02,38.84,858.66,31,UPI,Delivered,4.4,Amit
704386,2/13/2025,Jaipur,South Treat,South Indian,Uttapam,3,255.39,27.6,56.79,36.93,832.29,19,Cash,Delivered,4.5,Priya
704387,6/1/2025,Rajkot,Food Fiesta,Burger,Veg Burger,1,191.92,72.39,38.37,5.98,163.88,22,Cash,Delivered,4.9,Ravi
704388,5/16/2026,Surat,Spice Hub,Biryani,Paneer Biryani,3,395.77,67.5,20.25,55.99,1196.05,72,Cash,Delivered,3.6,Priya
704389,8/11/2025,Rajkot,Urban Tadka,Beverages,Cold Coffee,2,244.67,30.83,31.19,22.93,512.63,51,Card,Delivered,4.3,Vikas
704390,6/21/2025,Pune,Food Fiesta,Dessert,Gulab Jamun,3,290.11,31.32,30.07,41.95,911.03,29,Card,Delivered,4.2,Priya
704391,4/3/2025,Pune,Biryani Express,Beverages,Fresh Juice,5,303.33,37.58,47.41,73.95,1600.43,42,Cash,Delivered,3.9,Ravi
704392,11/5/2025,Gandhinagar,Biryani Express,North Indian,Dal Makhani,1,331.1,16.9,26.79,15.71,356.7,63,Wallet,Cancelled,,Karan
704393,10/28/2025,Rajkot,Food Fiesta,Pizza,Veg Supreme,3,371.34,5.27,35.44,55.44,1199.63,27,Card,Delivered,3.1,Neha
704394,4/5/2025,Pune,Chinese Wok,South Indian,Idli,3,107.17,20.85,40,15.03,355.69,59,Wallet,Delivered,3.1,Vikas
704395,2/26/2025,Jaipur,South Treat,Biryani,Veg Biryani,1,195.37,20.42,33.15,8.75,216.85,40,Cash,Delivered,3.1,Karan
704396,4/30/2026,Pune,Urban Tadka,Pizza,Farmhouse,5,344.25,34.44,41.64,84.34,1812.79,52,Card,Delivered,4.5,Karan
704397,5/16/2025,Jaipur,Urban Tadka,Chinese,Noodles,4,244.28,44.5,29.48,46.63,1008.73,15,Cash,Delivered,4.8,Karan
704398,9/16/2025,Gandhinagar,Urban Tadka,Biryani,Hyderabadi Veg,3,268.5,30.34,48.61,38.76,862.53,39,UPI,Delivered,4.4,Ravi
704399,3/18/2025,Rajkot,Urban Tadka,Beverages,Lassi,4,298.57,24.5,37.76,58.49,1266.03,53,Cash,Delivered,4.2,Rahul
704400,10/13/2025,Surat,Burger House,South Indian,Uttapam,1,272.08,3.12,48.41,13.45,330.82,21,Card,Delivered,4.2,Amit
704401,6/15/2025,Vadodara,Food Fiesta,Beverages,Lassi,5,89.9,59.99,39.95,19.48,448.94,54,Cash,Delivered,4.4,Rahul
704402,6/2/2026,Ahmedabad,Chinese Wok,North Indian,Dal Makhani,1,297.62,1.05,40.7,14.83,352.1,37,Cash,Cancelled,,Suresh
704403,1/2/2026,Pune,Biryani Express,Chinese,Manchurian,2,329.79,31.14,45.32,31.42,705.18,39,Cash,Delivered,3.4,Suresh
704404,11/28/2025,Vadodara,Chinese Wok,North Indian,Naan Combo,3,245.17,6.3,28.33,36.46,794,64,Cash,Delivered,4.3,Amit
704405,3/23/2025,Vadodara,Food Fiesta,South Indian,Idli,1,393.81,39.04,33.47,17.74,405.98,25,Wallet,Cancelled,,Suresh
704406,5/30/2026,Vadodara,Biryani Express,North Indian,Dal Makhani,1,307.53,69.31,30.14,11.91,280.27,46,Wallet,Cancelled,,Vikas
704407,1/1/2025,Gandhinagar,South Treat,Dessert,Ice Cream,5,90.74,30.48,41.37,21.16,485.75,58,Cash,Delivered,4,Priya
704408,8/16/2025,Surat,Biryani Express,North Indian,Paneer Butter Masala,2,94.32,75.52,52.43,5.66,171.21,71,Card,Cancelled,,Karan
704409,2/19/2025,Rajkot,Pizza Corner,Burger,Veg Burger,1,309.33,25.54,39.51,14.19,337.49,75,UPI,Delivered,4,Neha
704410,6/5/2025,Surat,Spice Hub,Chinese,Manchurian,3,206.2,38.6,39.64,29,648.64,43,UPI,Delivered,4,Amit
704411,3/1/2025,Mumbai,Urban Tadka,Biryani,Hyderabadi Veg,1,337.6,16.04,54.88,16.08,392.52,25,Cash,Cancelled,,Rahul
704412,6/6/2025,Gandhinagar,Urban Tadka,Beverages,Cold Coffee,2,122.8,74.04,35.82,8.58,215.96,41,Cash,Delivered,4.6,Vikas
704413,2/14/2025,Vadodara,Biryani Express,Dessert,Brownie,1,110.47,61.42,33.53,2.45,85.03,47,Cash,Delivered,3.4,Suresh
704414,12/19/2025,Pune,Food Fiesta,Dessert,Ice Cream,3,218.02,37.56,44,30.83,691.33,56,UPI,Delivered,4.9,Vikas
704415,4/9/2025,Pune,Chinese Wok,North Indian,Dal Makhani,2,380.59,63.54,53.21,34.88,785.73,70,Cash,Delivered,3.1,Suresh
704416,11/4/2025,Vadodara,South Treat,Biryani,Paneer Biryani,1,291.94,13.79,45.13,13.91,337.19,67,UPI,Delivered,4.3,Neha
704417,8/26/2025,Surat,South Treat,Burger,Paneer Burger,1,361.08,11.95,32.69,17.46,399.28,30,Cash,Delivered,4.7,Ravi
704418,5/28/2025,Gandhinagar,South Treat,North Indian,Naan Combo,4,314.3,74.71,31.43,59.12,1273.04,53,UPI,Cancelled,,Karan
704419,11/4/2025,Ahmedabad,Chinese Wok,Dessert,Brownie,4,167.41,71.01,20.69,29.93,649.25,28,Cash,Delivered,3.2,Priya
704420,2/3/2026,Jaipur,South Treat,Chinese,Fried Rice,5,80.38,7.48,58.16,19.72,472.3,23,Card,Cancelled,,Vikas
704421,1/12/2026,Mumbai,Biryani Express,Beverages,Lassi,4,345.3,36.1,29.97,67.26,1442.33,58,Card,Delivered,3.5,Priya
704422,5/28/2025,Vadodara,Spice Hub,Burger,Cheese Burger,3,272.02,47.23,42.61,38.44,849.88,44,Card,Delivered,4.8,Karan
704423,1/22/2026,Rajkot,Burger House,Dessert,Brownie,5,281.65,3,46.28,70.26,1521.79,36,UPI,Cancelled,,Ravi
704424,2/13/2026,Pune,South Treat,South Indian,Uttapam,4,336.36,78.42,58.05,63.35,1388.42,35,Wallet,Delivered,4.1,Amit
704425,7/19/2025,Rajkot,Food Fiesta,Dessert,Brownie,2,249.49,72.86,57.03,21.31,504.46,36,Card,Cancelled,,Amit
704426,3/29/2025,Mumbai,Spice Hub,Dessert,Gulab Jamun,1,286.15,7.04,58.85,13.96,351.92,24,Wallet,Delivered,3.5,Rahul
704427,4/19/2026,Jaipur,Pizza Corner,Dessert,Brownie,4,270.66,73.52,40.2,50.46,1099.78,65,Card,Delivered,4.2,Suresh
704428,7/28/2025,Mumbai,Urban Tadka,Pizza,Margherita,3,288.67,79.44,21.15,39.33,847.05,60,Card,Delivered,4.5,Ravi
704429,12/3/2025,Mumbai,South Treat,Beverages,Lassi,2,322.28,78.19,41.85,28.32,636.54,59,UPI,Delivered,4.7,Suresh
704430,10/16/2025,Mumbai,Chinese Wok,North Indian,Naan Combo,5,332.34,66.18,27.56,79.78,1702.86,73,Card,Delivered,3.6,Karan
704431,6/18/2025,Vadodara,Spice Hub,North Indian,Paneer Butter Masala,3,220.92,15.77,43.76,32.35,723.1,21,Cash,Delivered,3.7,Vikas
704432,7/14/2025,Jaipur,Urban Tadka,Beverages,Fresh Juice,1,147.04,2.06,58.54,7.25,210.77,39,Wallet,Delivered,4.2,Ravi
704433,4/9/2026,Rajkot,Spice Hub,Dessert,Gulab Jamun,5,382.22,22.36,33.09,94.44,2016.27,54,Cash,Delivered,3.4,Priya
704434,11/5/2025,Surat,Pizza Corner,North Indian,Naan Combo,1,302.63,33.37,45.64,13.46,328.36,69,Card,Cancelled,,Priya
704435,9/15/2025,Ahmedabad,Food Fiesta,Beverages,Fresh Juice,3,248.75,51.91,39.71,34.72,768.77,45,Cash,Delivered,3.3,Priya
704436,5/25/2025,Jaipur,Burger House,Burger,Cheese Burger,3,384.53,14.51,57.75,56.95,1253.78,56,Wallet,Delivered,4,Amit
704437,8/27/2025,Pune,Food Fiesta,Biryani,Paneer Biryani,2,322.54,52.85,20.8,29.61,642.64,66,Cash,Delivered,4.8,Karan
704438,10/10/2025,Vadodara,Pizza Corner,Dessert,Gulab Jamun,2,149.11,14.48,30.56,14.19,328.49,31,Wallet,Delivered,4.6,Amit
704439,1/7/2026,Surat,Pizza Corner,Burger,Cheese Burger,1,365.32,74.32,37.28,14.55,342.83,67,Wallet,Cancelled,,Suresh
704440,5/30/2026,Vadodara,Pizza Corner,Burger,Paneer Burger,1,264.67,41.49,36.72,11.16,271.06,49,Wallet,Delivered,3.1,Ravi
704441,1/9/2025,Vadodara,South Treat,Dessert,Gulab Jamun,3,351.23,73.86,28.62,48.99,1057.44,46,Wallet,Delivered,4.1,Ravi
704442,4/15/2026,Gandhinagar,Spice Hub,Pizza,Margherita,2,122.04,78.69,27.61,8.27,201.27,66,UPI,Delivered,3.3,Amit
704443,11/6/2025,Vadodara,Chinese Wok,North Indian,Naan Combo,1,100.59,8.29,36.71,4.62,133.63,27,Cash,Delivered,5,Neha
704444,4/6/2025,Gandhinagar,Urban Tadka,Burger,Veg Burger,5,271.5,47.29,55.62,65.51,1431.34,26,Wallet,Delivered,4.8,Suresh
704445,10/21/2025,Gandhinagar,Pizza Corner,South Indian,Idli,4,109.8,62.97,45.93,18.81,440.97,30,Card,Cancelled,,Neha
704446,11/26/2025,Gandhinagar,Chinese Wok,Dessert,Gulab Jamun,3,365.43,64.89,55.53,51.57,1138.5,69,Cash,Delivered,3,Rahul
704447,1/14/2026,Vadodara,Food Fiesta,Biryani,Veg Biryani,4,356.96,36.31,27.62,69.58,1488.73,26,Cash,Delivered,4.2,Rahul
704448,6/17/2025,Pune,Spice Hub,Biryani,Hyderabadi Veg,5,338.44,29.83,38.03,83.12,1783.52,70,Cash,Cancelled,,Rahul
704449,1/5/2026,Mumbai,Urban Tadka,Burger,Cheese Burger,3,194.49,43.77,34.34,26.99,601.03,71,Cash,Delivered,3.6,Amit
704450,5/11/2026,Ahmedabad,Food Fiesta,South Indian,Masala Dosa,5,370.51,67.04,24.78,89.28,1899.57,64,Card,Cancelled,,Priya
704451,2/3/2026,Gandhinagar,Pizza Corner,Pizza,Veg Supreme,4,319.33,13.64,24.33,63.18,1351.19,34,Card,Delivered,3.2,Karan
704452,8/1/2025,Gandhinagar,Chinese Wok,Burger,Cheese Burger,2,389.67,67.02,58.26,35.62,806.2,35,Cash,Cancelled,,Ravi
704453,6/17/2026,Rajkot,Pizza Corner,Beverages,Fresh Juice,4,144.1,49.12,55.56,26.36,609.2,55,Wallet,Cancelled,,Neha
704454,1/17/2026,Jaipur,South Treat,North Indian,Dal Makhani,5,258.28,52.81,21.1,61.93,1321.62,23,Cash,Delivered,4.2,Neha
704455,12/27/2025,Gandhinagar,South Treat,Beverages,Fresh Juice,5,270.73,11.36,48.87,67.11,1458.27,41,Wallet,Delivered,3.2,Ravi
704456,6/6/2025,Vadodara,South Treat,Chinese,Noodles,1,245.47,75.84,33.77,8.48,211.88,60,Wallet,Delivered,4.5,Amit
704457,11/19/2025,Rajkot,Biryani Express,South Indian,Masala Dosa,4,215.99,43.1,55.73,41.04,917.63,35,Cash,Cancelled,,Ravi
704458,5/13/2026,Mumbai,Pizza Corner,North Indian,Paneer Butter Masala,1,90.58,41.58,29.75,2.45,81.2,59,Wallet,Delivered,4.7,Amit
704459,7/10/2025,Pune,Food Fiesta,Dessert,Ice Cream,1,222.95,18.95,45.23,10.2,259.43,51,Card,Cancelled,,Amit
704460,8/23/2025,Surat,Chinese Wok,Pizza,Farmhouse,3,179.82,11.06,43.64,26.42,598.46,47,Cash,Cancelled,,Neha
704461,2/28/2026,Rajkot,Spice Hub,Beverages,Fresh Juice,4,382.76,0.65,48.64,76.52,1655.55,16,Card,Delivered,3.2,Neha
704462,9/12/2025,Ahmedabad,Biryani Express,South Indian,Uttapam,5,384.6,13.33,57.4,95.48,2062.55,38,UPI,Delivered,5,Karan
704463,8/27/2025,Mumbai,Pizza Corner,Dessert,Ice Cream,3,139.01,54.74,50.38,18.11,430.78,37,UPI,Delivered,4.1,Priya
704464,6/20/2025,Rajkot,Chinese Wok,Pizza,Farmhouse,2,389.86,45.72,21.96,36.7,792.66,46,Card,Delivered,4.4,Priya
704465,8/19/2025,Rajkot,Biryani Express,Burger,Paneer Burger,3,386.38,9.01,27.05,57.51,1234.69,69,Card,Delivered,4.6,Rahul
704466,4/20/2025,Gandhinagar,Spice Hub,Chinese,Noodles,3,251.77,43.7,43.3,35.58,790.49,68,Card,Cancelled,,Amit
704467,5/19/2025,Ahmedabad,Pizza Corner,Burger,Paneer Burger,2,142.04,78.37,21.87,10.29,237.87,72,Cash,Delivered,4.1,Priya
704468,9/22/2025,Ahmedabad,Biryani Express,Chinese,Noodles,3,234.73,71.73,33.96,31.62,698.04,38,Card,Cancelled,,Vikas
704469,5/28/2025,Mumbai,Food Fiesta,Beverages,Fresh Juice,1,219.51,47.83,43.68,8.58,223.94,64,UPI,Delivered,3.4,Rahul
704470,3/18/2026,Surat,Chinese Wok,Biryani,Paneer Biryani,5,217.46,61.18,39.25,51.31,1116.68,22,Cash,Cancelled,,Karan
704471,5/15/2025,Mumbai,South Treat,Dessert,Ice Cream,4,163.76,35.1,45.43,31,696.37,21,Wallet,Delivered,3.1,Suresh
704472,1/13/2025,Mumbai,Burger House,South Indian,Masala Dosa,5,251.86,26.38,29.03,61.65,1323.6,71,Cash,Delivered,3.9,Priya
704473,8/16/2025,Vadodara,Pizza Corner,Chinese,Manchurian,2,327.35,54.35,28.44,30.02,658.81,65,UPI,Delivered,4.3,Vikas
704474,12/22/2025,Rajkot,Spice Hub,Pizza,Margherita,4,149.62,68.79,53.08,26.48,609.25,56,Card,Delivered,4.7,Vikas
704475,10/6/2025,Jaipur,Burger House,Biryani,Hyderabadi Veg,4,331.34,8.82,42.52,65.83,1424.89,41,Wallet,Delivered,4.9,Ravi
704476,6/21/2026,Pune,Urban Tadka,North Indian,Paneer Butter Masala,4,120.01,20,59.15,23,542.19,57,UPI,Delivered,4.9,Ravi
704477,3/12/2025,Surat,Food Fiesta,Dessert,Ice Cream,2,119.27,14.59,26.25,11.2,261.4,30,Cash,Delivered,5,Rahul
704478,12/24/2025,Rajkot,Food Fiesta,Burger,Paneer Burger,5,276.58,39.27,42.3,67.18,1453.11,36,Wallet,Delivered,4.7,Suresh
704479,11/30/2025,Rajkot,Food Fiesta,Pizza,Margherita,4,177.07,62.75,23.54,32.28,701.35,70,Card,Cancelled,,Vikas
704480,8/4/2025,Vadodara,Pizza Corner,Pizza,Margherita,5,290.7,44.19,30.55,70.47,1510.33,37,Card,Delivered,3.1,Neha
704481,9/30/2025,Gandhinagar,Food Fiesta,Burger,Veg Burger,1,214.21,44.9,23.96,8.47,201.74,24,Cash,Cancelled,,Suresh
704482,6/14/2025,Mumbai,Urban Tadka,Dessert,Brownie,1,387.77,28.32,21.7,17.97,399.12,61,Cash,Cancelled,,Rahul
704483,9/22/2025,Jaipur,Spice Hub,Beverages,Lassi,1,106.07,34.31,43.85,3.59,119.2,54,UPI,Cancelled,,Rahul
704484,4/24/2025,Ahmedabad,Biryani Express,Beverages,Fresh Juice,1,353.72,77.7,24.59,13.8,314.41,17,Card,Delivered,3.9,Rahul
704485,8/2/2025,Gandhinagar,Pizza Corner,South Indian,Idli,4,226.59,39.54,58.21,43.34,968.37,46,UPI,Delivered,3.6,Priya
704486,6/26/2025,Ahmedabad,Urban Tadka,Biryani,Paneer Biryani,3,382.37,21.24,32.37,56.29,1214.53,41,Wallet,Cancelled,,Rahul
704487,6/11/2025,Gandhinagar,Urban Tadka,Pizza,Farmhouse,2,203.05,14.57,33.07,19.58,444.18,59,Cash,Delivered,3.2,Priya
704488,10/19/2025,Mumbai,Burger House,South Indian,Uttapam,5,210.21,51.66,50,49.97,1099.36,74,UPI,Cancelled,,Neha
704489,3/29/2026,Vadodara,South Treat,North Indian,Dal Makhani,5,112.04,16.08,43.52,27.21,614.85,48,Cash,Cancelled,,Ravi
704490,8/30/2025,Rajkot,Chinese Wok,Burger,Cheese Burger,1,289.38,44.39,49.45,12.25,306.69,75,UPI,Delivered,3.5,Karan
704491,3/13/2026,Ahmedabad,Pizza Corner,Pizza,Farmhouse,2,269.11,34.93,44.28,25.16,572.73,17,Wallet,Cancelled,,Vikas
704492,12/1/2025,Surat,Spice Hub,Biryani,Hyderabadi Veg,2,100.93,46.89,56.1,7.75,218.82,27,UPI,Delivered,4.7,Suresh
704493,1/10/2026,Mumbai,South Treat,North Indian,Dal Makhani,4,182.6,72.68,51.39,32.89,742,70,UPI,Cancelled,,Amit
704494,5/7/2026,Mumbai,Spice Hub,Beverages,Cold Coffee,1,241.83,23.19,49,10.93,278.57,67,Wallet,Delivered,3.2,Karan
704495,1/27/2026,Surat,Pizza Corner,Biryani,Veg Biryani,5,367.61,65.08,22.99,88.65,1884.61,26,Cash,Delivered,4.5,Ravi
704496,6/3/2026,Vadodara,Chinese Wok,Chinese,Noodles,2,244.65,18.6,51.6,23.54,545.84,63,Wallet,Cancelled,,Priya
704497,5/16/2026,Vadodara,Pizza Corner,Pizza,Veg Supreme,4,399.91,32.38,25.63,78.36,1671.25,45,Wallet,Delivered,3.3,Neha
704498,9/28/2025,Mumbai,Spice Hub,Beverages,Fresh Juice,5,271.37,47.31,30.03,65.48,1405.05,17,Card,Delivered,4.3,Karan
704499,9/17/2025,Rajkot,Chinese Wok,Beverages,Lassi,3,125.27,8.53,28.36,18.36,414,72,Wallet,Cancelled,,Priya
704500,11/13/2025,Jaipur,Spice Hub,Pizza,Veg Supreme,1,174.84,2.17,45.31,8.63,226.61,16,UPI,Cancelled,,Karan
704501,1/1/2026,Surat,Food Fiesta,North Indian,Dal Makhani,1,82.14,70.04,46.1,0.6,58.8,20,Cash,Delivered,4.5,Vikas
704502,3/18/2025,Surat,Pizza Corner,North Indian,Naan Combo,4,184.32,6.7,47.6,36.53,814.71,20,Card,Delivered,3.1,Suresh
704503,3/22/2025,Mumbai,Food Fiesta,Chinese,Manchurian,2,288.04,33.35,50.36,27.14,620.23,33,UPI,Delivered,4.8,Ravi
704504,2/27/2026,Rajkot,Chinese Wok,Beverages,Lassi,2,153.92,61.62,41.27,12.31,299.8,56,Wallet,Delivered,3.2,Neha
704505,3/6/2025,Rajkot,South Treat,Dessert,Ice Cream,1,205.72,62.73,56.72,7.15,206.86,61,UPI,Delivered,3.6,Karan
704506,2/4/2026,Gandhinagar,Spice Hub,South Indian,Masala Dosa,2,384.28,62.41,27.14,35.31,768.6,20,Wallet,Delivered,3.3,Vikas
704507,2/9/2025,Mumbai,Spice Hub,Biryani,Veg Biryani,1,391.08,6.65,24.55,19.22,428.2,49,Wallet,Delivered,4.1,Neha
704508,5/31/2026,Surat,Food Fiesta,Chinese,Manchurian,2,362.83,38.61,22.16,34.35,743.56,63,Cash,Delivered,4,Amit
704509,11/26/2025,Pune,Chinese Wok,North Indian,Paneer Butter Masala,1,91.51,18.68,54.59,3.64,131.06,46,Card,Delivered,3.8,Karan
704510,3/24/2025,Jaipur,Burger House,Biryani,Paneer Biryani,4,251.55,21.47,20.11,49.24,1054.08,53,Wallet,Delivered,3.3,Vikas
704511,5/26/2026,Ahmedabad,Chinese Wok,North Indian,Dal Makhani,3,258.02,22.58,55.95,37.57,845,40,UPI,Delivered,3.8,Ravi
704512,4/11/2026,Ahmedabad,Pizza Corner,North Indian,Dal Makhani,5,156.08,65.68,53.68,35.74,804.14,32,Wallet,Delivered,3.9,Karan
704513,3/17/2025,Pune,Spice Hub,Beverages,Fresh Juice,2,352.9,3.56,50.98,35.11,788.33,50,Cash,Delivered,5,Suresh
704514,4/18/2026,Surat,Food Fiesta,Pizza,Margherita,5,269,38.37,38.33,65.33,1410.29,57,Card,Delivered,4.5,Karan
704515,5/22/2025,Gandhinagar,Pizza Corner,Burger,Veg Burger,4,354.55,73.75,29.68,67.22,1441.35,31,Wallet,Delivered,4.1,Neha
704516,6/13/2025,Ahmedabad,Spice Hub,Biryani,Hyderabadi Veg,3,182.96,60.69,49.87,24.41,562.47,28,UPI,Delivered,3.3,Ravi
704517,6/2/2026,Surat,Chinese Wok,South Indian,Uttapam,3,261.74,49.49,47.81,36.79,820.33,49,UPI,Delivered,3.1,Vikas
704518,5/3/2025,Jaipur,Urban Tadka,Dessert,Ice Cream,3,191.29,75.38,56.31,24.92,579.72,16,UPI,Delivered,4.6,Suresh
704519,11/28/2025,Ahmedabad,Burger House,Pizza,Farmhouse,5,370.7,10.77,30.48,92.14,1965.35,30,Wallet,Delivered,5,Rahul
704520,8/9/2025,Mumbai,Spice Hub,South Indian,Masala Dosa,1,344.52,47.06,53.26,14.87,365.59,68,UPI,Delivered,4.1,Karan
704521,2/4/2025,Rajkot,Food Fiesta,Chinese,Noodles,3,239.12,48.47,51.68,33.44,754.01,29,Card,Delivered,3.9,Karan
704522,8/30/2025,Jaipur,Chinese Wok,Beverages,Fresh Juice,2,323.14,12.82,46.6,31.67,711.73,56,Card,Cancelled,,Karan
704523,9/27/2025,Ahmedabad,Biryani Express,Pizza,Farmhouse,5,264.58,60.31,28.89,63.13,1354.61,28,Card,Cancelled,,Amit
704524,1/27/2026,Jaipur,Pizza Corner,Beverages,Cold Coffee,5,283.39,27.34,50.12,69.48,1509.21,65,UPI,Delivered,4,Priya
704525,10/20/2025,Ahmedabad,Food Fiesta,Dessert,Brownie,1,132.33,9.75,57.02,6.13,185.73,60,Cash,Cancelled,,Priya
704526,4/4/2025,Mumbai,South Treat,Burger,Cheese Burger,1,82.35,15.48,30.38,3.34,100.59,48,Wallet,Delivered,3.1,Rahul
704527,9/19/2025,Mumbai,South Treat,Chinese,Fried Rice,1,115.44,50.57,22.5,3.24,90.61,57,Wallet,Delivered,4.9,Priya
704528,1/17/2026,Ahmedabad,Burger House,Beverages,Fresh Juice,4,184.55,74.53,21.47,33.18,718.32,52,Wallet,Cancelled,,Karan
704529,9/19/2025,Rajkot,Food Fiesta,Dessert,Ice Cream,3,108.67,8.28,32.46,15.89,366.08,70,UPI,Delivered,3.6,Ravi
704530,6/23/2025,Pune,Spice Hub,South Indian,Idli,3,176.77,19.38,24.66,25.55,561.14,31,Card,Delivered,4.1,Karan
704531,4/8/2025,Gandhinagar,Urban Tadka,Dessert,Gulab Jamun,4,344.11,76.48,56.44,65,1421.4,48,Card,Delivered,4.7,Ravi
704532,8/11/2025,Jaipur,Biryani Express,Pizza,Farmhouse,5,396.42,7.48,50.8,98.73,2124.15,39,UPI,Cancelled,,Priya
704533,9/18/2025,Gandhinagar,Burger House,North Indian,Paneer Butter Masala,2,379.66,7.73,52.32,37.58,841.49,63,UPI,Delivered,4.1,Vikas
704534,4/17/2025,Mumbai,Burger House,Biryani,Hyderabadi Veg,1,350.85,7.42,29.51,17.17,390.11,62,UPI,Delivered,3.8,Priya
704535,3/19/2026,Surat,Urban Tadka,Dessert,Brownie,2,103.53,58.59,42.52,7.42,198.41,66,UPI,Delivered,3.2,Rahul
704536,3/5/2025,Surat,Food Fiesta,Burger,Cheese Burger,2,86.18,72.82,22.67,4.98,127.19,66,Card,Delivered,3.2,Karan
704537,2/5/2026,Ahmedabad,South Treat,Burger,Veg Burger,3,282.21,69.23,58.03,38.87,874.3,59,Card,Delivered,4.5,Priya
704538,7/15/2025,Pune,Spice Hub,Chinese,Noodles,3,387.43,4.38,53.26,57.9,1269.07,26,Cash,Delivered,4.7,Vikas
704539,2/12/2025,Rajkot,Pizza Corner,Pizza,Veg Supreme,5,330.92,10.63,41.96,82.2,1768.13,27,Wallet,Delivered,3.3,Vikas
704540,9/24/2025,Pune,South Treat,North Indian,Paneer Butter Masala,1,225.67,75.32,31.79,7.52,189.66,17,Cash,Delivered,4.5,Karan
704541,6/2/2025,Vadodara,Pizza Corner,Beverages,Cold Coffee,5,249.34,39.75,20.33,60.35,1287.63,20,Cash,Delivered,4.2,Karan
704542,11/12/2025,Jaipur,Food Fiesta,Biryani,Veg Biryani,4,334.08,25.32,33.62,65.55,1410.17,21,Cash,Cancelled,,Priya
704543,6/21/2026,Gandhinagar,Burger House,Pizza,Farmhouse,2,237.07,54.87,33.91,20.96,474.14,65,Cash,Delivered,3,Vikas
704544,1/14/2026,Gandhinagar,Spice Hub,Burger,Veg Burger,1,137.03,25.07,47.31,5.6,164.87,72,Card,Delivered,4.5,Suresh
704545,6/6/2025,Surat,Food Fiesta,Biryani,Paneer Biryani,1,346.16,53,56.63,14.66,364.45,29,UPI,Delivered,4.2,Ravi
704546,10/1/2025,Pune,South Treat,Burger,Veg Burger,5,172.4,18.27,26,42.19,911.92,50,UPI,Delivered,4.1,Ravi
704547,1/26/2025,Surat,Burger House,Biryani,Hyderabadi Veg,1,144.28,3.23,38.6,7.05,186.7,67,UPI,Cancelled,,Priya
704548,3/3/2026,Ahmedabad,Chinese Wok,Biryani,Veg Biryani,5,270,13.01,57.52,66.85,1461.36,17,Cash,Delivered,4,Neha
704549,11/27/2025,Mumbai,Food Fiesta,Pizza,Margherita,2,353.96,43.36,24.87,33.23,722.66,59,Cash,Delivered,4.5,Rahul
704550,11/16/2025,Surat,Spice Hub,Beverages,Cold Coffee,5,176.24,60.92,27.68,41.01,888.97,57,Card,Delivered,4.7,Rahul
704551,9/27/2025,Gandhinagar,Spice Hub,Dessert,Brownie,2,144.67,35.89,30.81,12.67,296.93,22,UPI,Delivered,3.7,Karan
704552,3/8/2026,Jaipur,Biryani Express,Pizza,Veg Supreme,4,383.45,5.35,43.98,76.42,1648.85,63,Card,Delivered,3.8,Suresh
704553,3/31/2025,Vadodara,Chinese Wok,Biryani,Veg Biryani,4,283.31,78.51,28.51,52.74,1135.98,46,Cash,Delivered,3.9,Karan
704554,9/1/2025,Vadodara,Biryani Express,Burger,Veg Burger,1,310.55,10.92,32.23,14.98,346.84,75,Cash,Delivered,3.1,Priya
704555,6/15/2026,Vadodara,Burger House,Dessert,Gulab Jamun,3,377.06,71.76,43.46,52.97,1155.85,16,Card,Delivered,4.6,Neha
704556,3/9/2025,Jaipur,South Treat,Burger,Paneer Burger,5,287.14,20.36,21.55,70.77,1507.66,51,Wallet,Delivered,4.5,Amit
704557,3/24/2026,Jaipur,Burger House,Chinese,Manchurian,3,118.62,28.83,39.76,16.35,383.14,40,Cash,Cancelled,,Suresh
704558,2/7/2026,Gandhinagar,Burger House,Pizza,Margherita,5,87.56,59.17,21.8,18.93,419.36,31,Wallet,Delivered,3.4,Amit
704559,12/25/2025,Vadodara,Chinese Wok,Chinese,Fried Rice,4,271.74,52.22,24.97,51.74,1111.45,56,UPI,Delivered,3.6,Priya
704560,1/23/2026,Ahmedabad,Biryani Express,Chinese,Noodles,2,399.99,3.77,41.4,39.81,877.42,45,Wallet,Delivered,4,Rahul
704561,2/17/2026,Rajkot,Urban Tadka,North Indian,Paneer Butter Masala,5,376,4.2,45.77,93.79,2015.36,59,Card,Cancelled,,Priya
704562,9/22/2025,Rajkot,Biryani Express,Chinese,Manchurian,3,205.58,53.28,28.19,28.17,619.82,48,Wallet,Delivered,4,Vikas
704563,10/23/2025,Rajkot,Pizza Corner,Dessert,Ice Cream,3,390.43,42.45,56.72,56.44,1242,50,Wallet,Delivered,4.8,Vikas
704564,5/2/2025,Jaipur,Food Fiesta,Biryani,Hyderabadi Veg,1,312.59,16,48.39,14.83,359.81,36,Cash,Delivered,3.4,Ravi
704565,5/23/2026,Pune,Food Fiesta,Burger,Veg Burger,4,143.82,18.32,44.02,27.85,628.83,71,Wallet,Delivered,3,Rahul
704566,7/16/2025,Jaipur,Burger House,Chinese,Noodles,2,217.5,60.21,50.67,18.74,444.2,23,Wallet,Cancelled,,Rahul
704567,5/16/2025,Ahmedabad,Chinese Wok,Biryani,Paneer Biryani,4,329.35,67.53,35.77,62.49,1348.13,41,Wallet,Cancelled,,Neha
704568,2/28/2026,Jaipur,South Treat,Dessert,Gulab Jamun,3,226.16,78.96,26.84,29.98,656.34,60,Wallet,Delivered,3.3,Karan
704569,1/2/2026,Gandhinagar,South Treat,Pizza,Margherita,5,330.76,0.47,42.03,82.67,1778.03,23,Card,Delivered,4.9,Karan
704570,3/20/2025,Pune,South Treat,Beverages,Lassi,3,295.57,31.14,37.71,42.78,936.06,25,Card,Delivered,4.1,Rahul
704571,6/3/2025,Mumbai,South Treat,North Indian,Paneer Butter Masala,4,186.3,77.81,45.01,33.37,745.77,50,Cash,Delivered,3.9,Ravi
704572,12/16/2025,Surat,Food Fiesta,Beverages,Fresh Juice,2,94.59,32.42,40.31,7.84,204.91,62,Wallet,Delivered,4.5,Karan
704573,4/7/2025,Ahmedabad,Food Fiesta,Biryani,Paneer Biryani,3,310.35,32.68,40.35,44.92,983.64,38,UPI,Delivered,3.6,Suresh
704574,10/15/2025,Jaipur,Food Fiesta,Pizza,Margherita,5,200.6,1.08,59.77,50.1,1111.79,36,Cash,Delivered,4.2,Rahul
704575,3/5/2025,Surat,Biryani Express,Beverages,Cold Coffee,1,223.01,27.75,57.97,9.76,262.99,24,Wallet,Cancelled,,Suresh
704576,3/6/2026,Pune,Biryani Express,South Indian,Idli,2,265.87,17.19,50.17,25.73,590.45,27,UPI,Delivered,3.5,Neha
704577,11/12/2025,Surat,South Treat,Dessert,Ice Cream,3,218.6,78.38,36.15,28.87,642.44,44,Cash,Delivered,4,Karan
704578,1/18/2025,Rajkot,Biryani Express,Chinese,Fried Rice,1,153.33,8.17,35.49,7.26,187.91,33,Cash,Delivered,3.5,Ravi
704579,5/3/2026,Mumbai,Urban Tadka,North Indian,Paneer Butter Masala,1,364.94,50.84,59.19,15.71,389,17,UPI,Delivered,4.6,Rahul
704580,10/28/2025,Ahmedabad,Food Fiesta,Burger,Cheese Burger,3,168.21,44.48,28.68,23.01,511.84,39,Card,Cancelled,,Rahul
704581,3/29/2026,Surat,Food Fiesta,North Indian,Paneer Butter Masala,5,165.55,20.84,26.8,40.35,874.06,69,Wallet,Delivered,3.1,Suresh
704582,3/26/2026,Gandhinagar,Chinese Wok,Burger,Veg Burger,4,314.88,43.61,44.75,60.8,1321.46,20,UPI,Delivered,3.6,Suresh
704583,1/28/2026,Ahmedabad,Chinese Wok,Dessert,Brownie,2,274.37,61.62,31.33,24.36,542.81,57,Wallet,Cancelled,,Amit
704584,6/14/2025,Surat,Food Fiesta,Beverages,Cold Coffee,5,319.91,46.95,49.76,77.63,1679.99,58,UPI,Cancelled,,Ravi
704585,11/19/2025,Gandhinagar,Burger House,Burger,Paneer Burger,3,276.33,16.31,22.49,40.63,875.8,69,Wallet,Delivered,4.6,Neha
704586,8/11/2025,Surat,Biryani Express,Chinese,Noodles,1,344.54,33.98,48.98,15.53,375.07,69,UPI,Delivered,4.5,Amit
704587,3/1/2025,Ahmedabad,Urban Tadka,Pizza,Farmhouse,5,360.35,14.58,43.64,89.36,1920.17,46,Cash,Delivered,3.8,Karan
704588,5/8/2026,Mumbai,Urban Tadka,Burger,Veg Burger,3,395.79,28.58,22.16,57.94,1238.89,24,Wallet,Delivered,3.4,Ravi
704589,3/8/2026,Jaipur,South Treat,North Indian,Naan Combo,5,205.86,16.65,24.82,50.63,1088.1,36,Wallet,Cancelled,,Neha
704590,12/16/2025,Pune,Urban Tadka,Biryani,Hyderabadi Veg,3,179.64,35.92,27.82,25.15,555.97,75,Cash,Cancelled,,Ravi
704591,5/7/2026,Vadodara,Burger House,Burger,Veg Burger,2,390.17,56.86,54.59,36.17,814.24,55,Cash,Cancelled,,Vikas
704592,12/2/2025,Surat,Chinese Wok,South Indian,Uttapam,1,367.25,9.52,26.63,17.89,402.25,21,Card,Delivered,3,Vikas
704593,1/26/2026,Rajkot,Urban Tadka,Biryani,Veg Biryani,3,275.72,40.96,57.54,39.31,883.05,54,Card,Delivered,3.6,Amit
704594,6/6/2026,Vadodara,Urban Tadka,Chinese,Fried Rice,4,380.52,6.64,57.12,75.77,1648.33,40,UPI,Delivered,4.1,Suresh
704595,3/18/2026,Ahmedabad,South Treat,Chinese,Noodles,4,166.17,4.83,55,32.99,747.84,44,Wallet,Delivered,3.1,Karan
704596,12/6/2025,Mumbai,Food Fiesta,Pizza,Farmhouse,4,139.36,33.93,30.89,26.18,580.58,37,Card,Cancelled,,Vikas
704597,10/6/2025,Jaipur,Urban Tadka,Burger,Cheese Burger,3,254.46,56.99,38.66,35.32,780.37,60,Cash,Delivered,3.4,Priya
704598,10/12/2025,Vadodara,Burger House,Chinese,Fried Rice,3,355.78,40.95,57.77,51.32,1135.48,40,Wallet,Cancelled,,Priya
704599,1/13/2025,Mumbai,South Treat,Burger,Cheese Burger,2,268.74,9.27,55.15,26.41,609.77,73,Wallet,Delivered,3.4,Rahul
704600,12/1/2025,Gandhinagar,Chinese Wok,Biryani,Paneer Biryani,4,351.98,19.04,43.11,69.44,1501.43,25,Card,Delivered,4.5,Rahul
704601,4/5/2025,Surat,South Treat,Biryani,Hyderabadi Veg,4,315.35,12.58,31.28,62.44,1342.54,67,Cash,Delivered,4.3,Suresh
704602,2/16/2026,Rajkot,Chinese Wok,Biryani,Veg Biryani,5,237.87,9.43,35.89,59,1274.81,73,UPI,Delivered,3.8,Ravi
704603,5/17/2026,Pune,Food Fiesta,Biryani,Hyderabadi Veg,5,307.38,54.51,48.99,74.12,1605.5,19,Card,Cancelled,,Vikas
704604,1/31/2025,Rajkot,South Treat,Pizza,Margherita,3,81.88,3.92,57.98,12.09,311.79,69,Cash,Delivered,3.6,Suresh
704605,10/10/2025,Pune,Biryani Express,Chinese,Manchurian,5,216.44,30.02,25.26,52.61,1130.05,59,Cash,Delivered,3.7,Suresh
704606,2/3/2025,Rajkot,Biryani Express,Pizza,Margherita,5,297.83,17.66,56.41,73.57,1601.47,37,Wallet,Delivered,4.3,Rahul
704607,9/6/2025,Pune,Spice Hub,Beverages,Lassi,1,150.12,37.68,36.13,5.62,154.19,62,UPI,Delivered,4.5,Rahul
704608,12/14/2025,Rajkot,Pizza Corner,North Indian,Paneer Butter Masala,2,202.28,28.03,45.4,18.83,440.76,42,UPI,Delivered,3.1,Vikas
704609,11/15/2025,Jaipur,Urban Tadka,North Indian,Naan Combo,1,98.32,48.77,38.11,2.48,90.14,49,UPI,Delivered,3.4,Amit
704610,6/13/2026,Gandhinagar,Food Fiesta,Dessert,Brownie,4,170.68,39.33,45.98,32.17,721.54,63,Cash,Cancelled,,Karan
704611,10/21/2025,Surat,Burger House,Biryani,Paneer Biryani,1,87.57,76.7,56.98,0.54,68.39,16,Wallet,Delivered,4.9,Amit
704612,4/3/2025,Ahmedabad,South Treat,Dessert,Brownie,4,292.07,48.24,48.99,56,1225.03,21,UPI,Delivered,3.3,Karan
704613,1/8/2026,Rajkot,South Treat,Biryani,Paneer Biryani,1,373.71,49.05,58.3,16.23,399.19,34,Cash,Delivered,3.7,Priya
704614,2/23/2026,Surat,Pizza Corner,Biryani,Veg Biryani,5,289.46,64.37,38.88,69.15,1490.96,74,Card,Delivered,3.8,Priya
704615,3/16/2025,Gandhinagar,Spice Hub,Pizza,Farmhouse,2,362.38,39.8,46.21,34.25,765.42,29,UPI,Delivered,4.2,Amit
704616,12/10/2025,Surat,Urban Tadka,South Indian,Uttapam,2,252.98,58.48,23.14,22.37,492.99,24,Card,Delivered,3.8,Suresh
704617,1/21/2026,Surat,Urban Tadka,Biryani,Hyderabadi Veg,4,166.38,20.54,32.2,32.25,709.43,67,Cash,Delivered,3.6,Vikas
704618,2/11/2025,Surat,Chinese Wok,Biryani,Paneer Biryani,1,197.3,46.94,34.81,7.52,192.69,62,Wallet,Delivered,3.8,Suresh
704619,9/30/2025,Ahmedabad,Burger House,Pizza,Farmhouse,3,175.74,32.82,40.52,24.72,559.64,69,Cash,Cancelled,,Ravi
704620,1/1/2025,Surat,Urban Tadka,Dessert,Gulab Jamun,2,81.19,11.54,23.16,7.54,181.54,42,UPI,Delivered,3.5,Priya
704621,3/15/2025,Pune,Chinese Wok,Dessert,Ice Cream,5,341.96,52.85,59.59,82.85,1799.39,42,Cash,Cancelled,,Neha
704622,3/9/2026,Pune,Chinese Wok,North Indian,Dal Makhani,4,230.22,50.24,45.17,43.53,959.34,75,Card,Delivered,4.3,Ravi
704623,5/21/2025,Gandhinagar,Spice Hub,Chinese,Noodles,3,202.25,36.32,43.8,28.52,642.75,75,Cash,Cancelled,,Ravi
704624,5/2/2025,Mumbai,Spice Hub,South Indian,Idli,2,215.99,65.67,47.06,18.32,431.69,36,Cash,Delivered,3.4,Suresh
704625,11/18/2025,Pune,Urban Tadka,Pizza,Veg Supreme,1,268.51,65.26,32.9,10.16,246.31,56,Wallet,Delivered,4.7,Neha
704626,4/25/2025,Gandhinagar,Biryani Express,Burger,Cheese Burger,5,293.38,11.72,31.45,72.76,1559.39,60,Wallet,Delivered,3.8,Vikas
704627,2/21/2025,Pune,Urban Tadka,Beverages,Fresh Juice,2,105.53,8.12,24.3,10.15,237.39,20,UPI,Delivered,5,Ravi
704628,8/9/2025,Rajkot,Biryani Express,Dessert,Gulab Jamun,4,370.01,57.42,50.23,71.13,1543.98,65,UPI,Cancelled,,Neha
704629,3/4/2025,Rajkot,Chinese Wok,North Indian,Dal Makhani,1,399.45,4.23,52.09,19.76,467.07,41,Cash,Delivered,4.9,Priya
704630,8/20/2025,Mumbai,Chinese Wok,Dessert,Brownie,2,328.72,46.6,30.55,30.54,671.93,16,Card,Delivered,3.6,Amit
704631,2/14/2025,Rajkot,South Treat,Biryani,Hyderabadi Veg,2,386.42,4.73,37.65,38.41,844.17,62,Wallet,Cancelled,,Suresh
704632,4/17/2026,Pune,Food Fiesta,Burger,Cheese Burger,2,229.26,72.99,22.29,19.28,427.1,23,UPI,Delivered,4.9,Vikas
704633,6/7/2025,Pune,South Treat,Dessert,Brownie,3,220.15,67.99,28.05,29.62,650.13,59,UPI,Delivered,3.2,Neha
704634,3/11/2026,Mumbai,Chinese Wok,North Indian,Naan Combo,1,204.98,17.41,59.57,9.38,256.52,45,Card,Cancelled,,Suresh
704635,10/9/2025,Vadodara,Urban Tadka,Dessert,Ice Cream,1,266.53,2.04,53.55,13.22,331.26,46,Cash,Cancelled,,Amit
704636,6/21/2025,Mumbai,Spice Hub,Chinese,Manchurian,1,276.69,6.62,20.09,13.5,303.66,43,Card,Delivered,4.4,Neha
704637,2/8/2026,Rajkot,Pizza Corner,Burger,Paneer Burger,4,95.38,53.31,47.51,16.41,392.13,45,Wallet,Cancelled,,Vikas
704638,2/6/2025,Rajkot,Chinese Wok,North Indian,Paneer Butter Masala,1,369.7,18.23,27.31,17.57,396.35,23,Cash,Delivered,4.7,Ravi
704639,5/25/2026,Surat,South Treat,South Indian,Masala Dosa,1,86.82,48.76,57.1,1.9,97.06,60,UPI,Delivered,4.7,Priya
704640,9/14/2025,Jaipur,South Treat,Pizza,Farmhouse,5,246.05,67.44,41.81,58.14,1262.76,30,UPI,Delivered,4.1,Vikas
704641,7/19/2025,Jaipur,Urban Tadka,Biryani,Paneer Biryani,5,398.25,33.57,53.36,97.88,2108.92,42,Card,Delivered,3.7,Karan
704642,5/6/2025,Rajkot,Biryani Express,Beverages,Cold Coffee,4,350.9,67.87,32.13,66.79,1434.65,49,Wallet,Delivered,3.5,Karan
704643,6/25/2026,Rajkot,Pizza Corner,Chinese,Fried Rice,5,346.45,6.44,33.97,86.29,1846.07,73,Cash,Delivered,4.3,Vikas
704644,7/1/2025,Vadodara,South Treat,Burger,Cheese Burger,2,293.35,67.76,53.54,25.95,598.43,70,Card,Delivered,4.9,Suresh
704645,11/30/2025,Ahmedabad,South Treat,North Indian,Dal Makhani,4,391.05,44.42,26.77,75.99,1622.54,71,Card,Delivered,4.3,Karan
704646,4/8/2026,Pune,Chinese Wok,Chinese,Fried Rice,2,362.16,74,53.43,32.52,736.27,71,Cash,Delivered,4.9,Amit
704647,3/16/2026,Pune,South Treat,Biryani,Veg Biryani,4,121.94,47.91,50.03,21.99,511.87,38,Wallet,Delivered,3.4,Amit
704648,6/26/2025,Ahmedabad,Burger House,North Indian,Paneer Butter Masala,5,340.35,43.05,29.03,82.94,1770.67,36,Cash,Delivered,4.6,Amit
704649,6/22/2026,Gandhinagar,Pizza Corner,Dessert,Gulab Jamun,4,243.15,25.55,48.55,47.35,1042.95,61,Cash,Cancelled,,Neha
704650,4/27/2026,Vadodara,Urban Tadka,South Indian,Uttapam,2,252.4,7.42,38.43,24.87,560.68,52,Cash,Cancelled,,Neha
704651,6/20/2025,Pune,Chinese Wok,Biryani,Paneer Biryani,5,91.85,16.95,22.4,22.12,486.82,38,Card,Cancelled,,Suresh
704652,1/18/2026,Ahmedabad,South Treat,Burger,Cheese Burger,5,229.23,42.95,51.48,55.16,1209.84,57,Cash,Delivered,4,Rahul
704653,4/21/2025,Pune,South Treat,South Indian,Idli,2,305.31,71.1,32.78,26.98,599.28,69,Cash,Delivered,3,Karan
704654,5/19/2026,Rajkot,Urban Tadka,Burger,Veg Burger,3,216.72,31.42,34.11,30.94,683.79,67,Card,Delivered,3.2,Neha
704655,8/20/2025,Vadodara,Biryani Express,Dessert,Gulab Jamun,5,119.92,8.54,58.71,29.55,679.32,22,Card,Delivered,3.7,Neha
704656,6/12/2025,Ahmedabad,Food Fiesta,Biryani,Hyderabadi Veg,4,207.41,23.82,40,40.29,886.11,69,Card,Delivered,4.7,Neha
704657,10/1/2025,Gandhinagar,South Treat,Biryani,Hyderabadi Veg,3,110.28,2.29,25.95,16.43,370.93,66,Cash,Delivered,4.4,Neha
704658,5/28/2025,Ahmedabad,Food Fiesta,South Indian,Uttapam,1,301.37,21.59,20.86,13.99,314.63,68,Card,Delivered,4.3,Suresh
704659,10/4/2025,Mumbai,Spice Hub,Biryani,Veg Biryani,5,227.42,41.87,22.79,54.76,1172.78,39,Wallet,Cancelled,,Karan
704660,10/14/2025,Rajkot,Biryani Express,Pizza,Farmhouse,5,393.55,68.15,27.83,94.98,2022.41,48,UPI,Delivered,3.9,Rahul
704661,4/19/2025,Pune,Food Fiesta,Pizza,Veg Supreme,5,158.9,51.21,30.97,37.16,811.42,22,UPI,Delivered,4.7,Neha
704662,6/19/2026,Ahmedabad,Burger House,Chinese,Manchurian,2,145.85,67.22,20.3,11.22,256,39,Card,Cancelled,,Vikas
704663,1/27/2025,Surat,South Treat,Pizza,Margherita,4,388.94,37.29,31,75.92,1625.39,27,UPI,Delivered,4.1,Neha
704664,11/25/2025,Jaipur,South Treat,North Indian,Dal Makhani,1,115.63,64.51,34.14,2.56,87.82,66,Wallet,Delivered,4.7,Karan
704665,6/15/2025,Mumbai,Pizza Corner,Burger,Veg Burger,4,183.1,26.31,27.04,35.3,768.43,68,UPI,Delivered,4.2,Amit
704666,2/28/2025,Mumbai,Burger House,Biryani,Paneer Biryani,1,222.62,17.04,54.39,10.28,270.25,41,Cash,Delivered,5,Ravi
704667,10/19/2025,Ahmedabad,South Treat,Burger,Paneer Burger,4,170.35,38.84,48.15,32.13,722.84,39,Wallet,Delivered,4.6,Karan
704668,8/6/2025,Jaipur,Chinese Wok,Dessert,Gulab Jamun,2,300.67,68.39,48.51,26.65,608.11,34,Cash,Delivered,3.5,Ravi
704669,11/28/2025,Jaipur,Burger House,South Indian,Idli,2,307.52,54.7,46.02,28.02,634.38,52,Card,Delivered,3.1,Ravi
704670,3/27/2025,Ahmedabad,Pizza Corner,Pizza,Veg Supreme,4,322.93,23.14,36.64,63.43,1368.65,42,Wallet,Delivered,3.7,Neha
704671,10/31/2025,Vadodara,Food Fiesta,Beverages,Lassi,2,393.48,7.32,49.44,38.98,868.06,73,Wallet,Delivered,3.1,Suresh
704672,5/1/2026,Jaipur,South Treat,Biryani,Paneer Biryani,5,235.1,49.45,34.2,56.3,1216.55,35,Cash,Delivered,4.2,Priya
704673,4/8/2026,Pune,South Treat,South Indian,Uttapam,2,215.6,46.22,53.93,19.25,458.16,16,Cash,Cancelled,,Suresh
704674,2/18/2026,Mumbai,Spice Hub,Dessert,Brownie,5,183.8,0.36,53.19,45.93,1017.76,36,Wallet,Delivered,3.2,Amit
704675,2/2/2025,Jaipur,Urban Tadka,Chinese,Manchurian,3,233.07,67.61,46.81,31.58,709.99,24,Card,Delivered,3.6,Amit
704676,5/26/2026,Surat,Urban Tadka,South Indian,Idli,2,380.77,20.26,37.83,37.06,816.17,38,Wallet,Delivered,3.9,Amit
704677,6/15/2025,Pune,Urban Tadka,Pizza,Farmhouse,3,305.33,66.9,24.31,42.45,915.85,30,Cash,Cancelled,,Ravi
704678,1/11/2026,Vadodara,South Treat,Dessert,Brownie,5,229.19,17.07,42.96,56.44,1228.28,47,UPI,Delivered,4.4,Rahul
704679,3/2/2025,Surat,South Treat,Beverages,Lassi,1,273.21,39.85,29.47,11.67,274.5,66,UPI,Delivered,3.3,Amit
704680,5/21/2025,Surat,Urban Tadka,South Indian,Idli,2,252.8,33.95,21.41,23.58,516.64,57,Cash,Delivered,3.6,Amit
704681,6/3/2026,Pune,Biryani Express,Chinese,Manchurian,3,358.4,66.99,45.3,50.41,1103.92,73,Card,Delivered,3.8,Priya
704682,10/3/2025,Ahmedabad,South Treat,Pizza,Veg Supreme,2,189.19,0.37,48.34,18.9,445.25,33,Cash,Cancelled,,Amit
704683,9/12/2025,Mumbai,Food Fiesta,Dessert,Ice Cream,1,319.66,4.12,50.51,15.78,381.83,66,Cash,Cancelled,,Ravi
704684,1/2/2026,Vadodara,Spice Hub,Burger,Cheese Burger,5,375.79,40.73,52.62,91.91,1982.75,28,Cash,Delivered,4.6,Priya
704685,9/3/2025,Jaipur,Burger House,Dessert,Gulab Jamun,3,183.47,29.29,27.53,26.06,574.71,56,Cash,Delivered,4.3,Karan
704686,3/10/2026,Mumbai,Urban Tadka,Biryani,Hyderabadi Veg,1,161.31,49.54,40.97,5.59,158.33,35,Wallet,Delivered,3.4,Neha
704687,10/8/2025,Mumbai,South Treat,Chinese,Fried Rice,1,118.74,48.36,54.52,3.52,128.42,69,Wallet,Cancelled,,Neha
704688,12/10/2025,Vadodara,Biryani Express,Beverages,Fresh Juice,1,328.11,77.64,54.6,12.52,317.59,59,Cash,Delivered,3.9,Ravi
704689,5/28/2025,Mumbai,Food Fiesta,Chinese,Manchurian,1,94.29,35.76,50.46,2.93,111.92,16,Card,Cancelled,,Rahul
704690,10/5/2025,Ahmedabad,Spice Hub,Chinese,Noodles,5,110.39,37.35,58.52,25.73,598.85,56,Wallet,Cancelled,,Suresh
704691,5/9/2025,Mumbai,Burger House,Biryani,Paneer Biryani,2,308.89,24.24,22.7,29.68,645.92,57,UPI,Cancelled,,Karan
704692,1/1/2025,Gandhinagar,Pizza Corner,Dessert,Ice Cream,4,164.2,43.49,26.61,30.67,670.59,69,Card,Delivered,3.7,Amit
704693,5/12/2025,Surat,South Treat,South Indian,Uttapam,4,134.12,60.41,44.79,23.8,544.66,16,Cash,Delivered,3.1,Rahul
704694,2/6/2025,Jaipur,Spice Hub,Pizza,Margherita,3,85.05,14.55,26.45,12.03,279.08,62,UPI,Delivered,4.4,Priya
704695,7/6/2025,Vadodara,Burger House,Chinese,Fried Rice,2,101.54,0.64,29.64,10.12,242.2,31,UPI,Cancelled,,Rahul
704696,5/3/2026,Gandhinagar,Urban Tadka,Beverages,Fresh Juice,1,316.42,68.38,26.91,12.4,287.35,53,UPI,Delivered,4.5,Vikas
704697,10/31/2025,Jaipur,Burger House,Beverages,Lassi,2,231.06,68.66,57.11,19.67,470.24,68,Cash,Cancelled,,Karan
704698,4/15/2026,Gandhinagar,Pizza Corner,North Indian,Paneer Butter Masala,2,170.77,75.9,52.69,13.28,331.61,60,Card,Delivered,4.6,Karan
704699,1/26/2026,Pune,Biryani Express,Beverages,Lassi,4,299.96,27.51,58.28,58.62,1289.23,67,Wallet,Delivered,3.7,Amit
704700,12/5/2025,Rajkot,South Treat,North Indian,Paneer Butter Masala,2,184.33,63.56,46.15,15.26,366.51,23,UPI,Cancelled,,Neha
704701,1/26/2025,Surat,Biryani Express,Biryani,Veg Biryani,4,248.94,8.98,32.94,49.34,1069.06,55,Wallet,Delivered,3.9,Rahul
704702,3/17/2026,Jaipur,Biryani Express,Burger,Paneer Burger,5,379.92,72.6,43.57,91.35,1961.92,31,UPI,Delivered,3.3,Amit
704703,11/9/2025,Pune,Food Fiesta,North Indian,Dal Makhani,4,340.44,8.72,24.34,67.65,1445.03,58,Card,Delivered,3.2,Vikas
704704,4/9/2025,Vadodara,South Treat,North Indian,Paneer Butter Masala,3,132.14,59.3,34.04,16.86,388.02,27,UPI,Cancelled,,Rahul
704705,11/1/2025,Ahmedabad,Pizza Corner,South Indian,Idli,2,174.97,1.69,53.42,17.41,419.08,67,Card,Delivered,3,Neha
704706,3/28/2026,Rajkot,Food Fiesta,Burger,Veg Burger,5,313.7,36.36,55.67,76.61,1664.42,50,Cash,Delivered,3.9,Priya
704707,1/14/2026,Gandhinagar,South Treat,Biryani,Paneer Biryani,4,255.11,61.46,25.4,47.95,1032.33,68,Wallet,Delivered,4.6,Priya
704708,11/23/2025,Rajkot,Food Fiesta,Dessert,Gulab Jamun,3,381.11,27.71,56.91,55.78,1228.31,37,UPI,Cancelled,,Rahul
704709,9/18/2025,Gandhinagar,Biryani Express,Burger,Paneer Burger,4,84.67,18.1,20.44,16.03,357.05,32,Wallet,Delivered,3,Rahul
704710,3/2/2025,Rajkot,Urban Tadka,Chinese,Noodles,1,257.78,32.16,46.34,11.28,283.24,37,UPI,Delivered,3.2,Amit
704711,5/27/2025,Vadodara,Food Fiesta,Chinese,Noodles,4,237.18,59.2,31.91,44.48,965.91,34,Card,Cancelled,,Amit
704712,5/13/2026,Pune,Spice Hub,Pizza,Margherita,5,347.85,4.62,45.47,86.73,1866.83,36,Cash,Delivered,3.4,Ravi
704713,5/1/2025,Mumbai,Spice Hub,Burger,Paneer Burger,5,214.75,13.93,34.56,52.99,1147.37,62,UPI,Delivered,3.4,Amit
704714,4/25/2025,Mumbai,Burger House,North Indian,Paneer Butter Masala,3,308.46,65.24,50.63,43.01,953.78,53,Card,Delivered,3.6,Rahul
704715,2/9/2026,Vadodara,Burger House,Pizza,Margherita,1,171.96,66.16,21.23,5.29,132.32,36,Card,Delivered,3.3,Ravi
704716,1/12/2026,Gandhinagar,Food Fiesta,Biryani,Paneer Biryani,1,147.01,15.56,38.84,6.57,176.86,45,Cash,Delivered,3.8,Suresh
704717,6/6/2026,Ahmedabad,Burger House,Dessert,Gulab Jamun,1,391.76,76.37,32.54,15.77,363.7,26,Cash,Delivered,3.4,Suresh
704718,5/9/2026,Rajkot,Pizza Corner,Pizza,Farmhouse,3,310.38,53.73,30.34,43.87,951.62,38,Cash,Delivered,4.4,Amit
704719,12/26/2025,Ahmedabad,Biryani Express,Burger,Veg Burger,4,132.87,26.97,34.28,25.23,564.02,44,Card,Cancelled,,Karan
704720,7/26/2025,Surat,Biryani Express,Burger,Cheese Burger,5,127.6,66.28,39.3,28.59,639.61,27,Cash,Delivered,3.2,Neha
704721,1/24/2026,Rajkot,Pizza Corner,Burger,Paneer Burger,5,395,18.92,58.01,97.8,2111.89,25,Wallet,Delivered,4,Rahul
704722,1/28/2025,Vadodara,Urban Tadka,Burger,Cheese Burger,5,171.79,23.27,53.5,41.78,930.96,31,Wallet,Delivered,3.6,Neha
704723,6/11/2026,Vadodara,Burger House,South Indian,Uttapam,3,193.65,55.69,52.79,26.26,604.31,26,Card,Cancelled,,Amit
704724,7/28/2025,Mumbai,Urban Tadka,Beverages,Cold Coffee,4,180.95,74.56,28.3,32.46,710,66,Cash,Delivered,4.6,Vikas
704725,10/17/2025,Vadodara,South Treat,Chinese,Noodles,2,268.56,68.21,45.22,23.45,537.58,20,Wallet,Delivered,3.8,Ravi
704726,12/27/2025,Jaipur,South Treat,Burger,Cheese Burger,5,107.61,21.32,21.47,25.84,564.04,50,Wallet,Delivered,4.8,Amit
704727,5/20/2026,Pune,Urban Tadka,Beverages,Fresh Juice,2,150.97,52.11,35.81,12.49,298.13,42,Wallet,Delivered,3.4,Vikas
704728,8/14/2025,Surat,Chinese Wok,North Indian,Naan Combo,4,115.13,61.63,35.45,19.94,454.28,69,Card,Cancelled,,Neha
704729,3/7/2025,Vadodara,Chinese Wok,Beverages,Fresh Juice,1,376.63,26.02,59.1,17.53,427.24,31,UPI,Delivered,4.4,Suresh
704730,5/7/2025,Ahmedabad,Biryani Express,Biryani,Veg Biryani,5,250.86,44.77,52.36,60.48,1322.37,15,UPI,Delivered,3.1,Neha
704731,12/15/2025,Rajkot,Chinese Wok,Biryani,Veg Biryani,3,255.43,75.2,52.81,34.55,778.45,30,Cash,Cancelled,,Rahul
704732,6/15/2025,Ahmedabad,Spice Hub,Dessert,Ice Cream,4,229.96,59.93,25.19,43,928.1,39,UPI,Delivered,4.2,Neha
704733,4/5/2026,Surat,Biryani Express,North Indian,Dal Makhani,4,303.25,12.35,26.46,60.03,1287.14,69,Cash,Cancelled,,Priya
704734,8/27/2025,Jaipur,Chinese Wok,Dessert,Gulab Jamun,3,258.66,65.63,33.93,35.52,779.8,56,UPI,Delivered,4.4,Ravi
704735,5/8/2025,Surat,South Treat,Burger,Cheese Burger,3,212.16,36.13,46.7,30.02,677.07,67,Card,Delivered,4.1,Priya
704736,2/11/2026,Rajkot,Pizza Corner,Burger,Paneer Burger,5,209.69,9.41,38.61,51.95,1129.6,70,Wallet,Cancelled,,Ravi
704737,3/14/2025,Surat,Chinese Wok,Biryani,Hyderabadi Veg,3,100.62,53.65,25.55,12.41,286.17,33,Wallet,Delivered,4.2,Karan
704738,6/25/2026,Ahmedabad,South Treat,Pizza,Veg Supreme,2,375.84,56.38,39.51,34.77,769.58,73,Cash,Delivered,3.3,Rahul
704739,11/16/2025,Surat,Chinese Wok,Pizza,Farmhouse,4,260.7,33.52,41.7,50.46,1101.44,69,Cash,Cancelled,,Priya
704740,6/9/2026,Gandhinagar,Burger House,Biryani,Paneer Biryani,5,187.77,35.57,29.92,45.16,978.36,66,Wallet,Delivered,4.5,Rahul
704741,5/29/2025,Jaipur,Urban Tadka,Pizza,Farmhouse,2,129.07,77.25,48.04,9.04,237.97,45,Cash,Cancelled,,Karan
704742,1/26/2026,Vadodara,South Treat,South Indian,Uttapam,4,208.5,50.93,24.34,39.15,846.56,48,Cash,Delivered,3.8,Priya
704743,11/15/2025,Rajkot,South Treat,North Indian,Dal Makhani,3,351.81,11.73,20.9,52.19,1116.79,40,Card,Delivered,4.8,Vikas
704744,8/11/2025,Surat,Food Fiesta,Dessert,Brownie,5,376.74,30,40.92,92.69,1987.31,27,Card,Delivered,4.4,Priya
704745,1/28/2025,Jaipur,Chinese Wok,Dessert,Brownie,4,90.13,36.62,44.49,16.2,384.59,57,Wallet,Delivered,3.2,Priya
704746,8/4/2025,Ahmedabad,Biryani Express,Pizza,Margherita,5,178.2,64.87,28.66,41.31,896.1,53,UPI,Delivered,3.3,Priya
704747,3/28/2026,Surat,Biryani Express,Biryani,Paneer Biryani,2,236.97,22.77,31.63,22.56,505.36,72,Cash,Cancelled,,Ravi
704748,3/5/2025,Pune,Biryani Express,Pizza,Veg Supreme,3,381.38,58.12,22.33,54.3,1162.65,60,UPI,Delivered,4.9,Neha
704749,8/13/2025,Jaipur,Burger House,Burger,Paneer Burger,3,85.18,45.53,56.42,10.5,276.93,44,UPI,Delivered,4,Karan
704750,12/9/2025,Ahmedabad,Food Fiesta,Pizza,Farmhouse,1,250.51,6.32,40.72,12.21,297.12,61,Wallet,Delivered,3.5,Rahul
704751,10/6/2025,Mumbai,Chinese Wok,Burger,Cheese Burger,2,85.36,18.42,28.93,7.62,188.85,26,Cash,Delivered,3.4,Amit
704752,1/29/2026,Vadodara,Biryani Express,Beverages,Cold Coffee,4,248.41,76.39,51.18,45.86,1014.29,22,Wallet,Delivered,4.3,Vikas
704753,6/17/2026,Vadodara,Food Fiesta,Burger,Paneer Burger,1,237.96,56.36,45.01,9.08,235.69,28,UPI,Cancelled,,Neha
704754,7/10/2025,Jaipur,Spice Hub,Chinese,Noodles,4,321.19,65.19,40.07,60.98,1320.62,63,Card,Delivered,3.1,Vikas
704755,3/20/2025,Vadodara,Spice Hub,South Indian,Masala Dosa,4,291.79,0.67,26.49,58.32,1251.3,59,Cash,Delivered,4,Suresh
704756,5/5/2025,Surat,Chinese Wok,South Indian,Uttapam,3,397.16,22.4,38.67,58.45,1266.2,19,Wallet,Delivered,4.7,Vikas
704757,6/9/2026,Gandhinagar,Urban Tadka,Chinese,Fried Rice,5,134.75,37.23,45.32,31.83,713.67,31,Card,Delivered,3.5,Amit
704758,3/24/2026,Rajkot,Food Fiesta,Chinese,Manchurian,5,273.06,12.78,24.28,67.63,1444.43,29,UPI,Delivered,3.5,Amit
704759,5/1/2026,Ahmedabad,Biryani Express,Beverages,Fresh Juice,3,190.79,45.66,25.93,26.34,578.98,54,Cash,Delivered,3.9,Karan
704760,12/21/2025,Rajkot,Spice Hub,Chinese,Manchurian,4,381.17,77.39,49.65,72.36,1569.3,51,Wallet,Delivered,4.5,Ravi
704761,2/7/2025,Gandhinagar,South Treat,Biryani,Hyderabadi Veg,4,296.27,13.1,36.66,58.6,1267.24,48,Card,Delivered,4.8,Vikas
704762,9/8/2025,Jaipur,Pizza Corner,Burger,Veg Burger,5,213.86,21.66,26.74,52.38,1126.76,72,Cash,Cancelled,,Ravi
704763,8/26/2025,Ahmedabad,Food Fiesta,Chinese,Fried Rice,4,324.45,49.52,28.94,62.41,1339.63,25,UPI,Delivered,3.7,Suresh
704764,7/11/2025,Vadodara,Spice Hub,South Indian,Idli,3,221.85,65.5,37.7,30,667.75,25,Card,Cancelled,,Priya
704765,10/7/2025,Gandhinagar,Food Fiesta,Burger,Paneer Burger,4,339.84,67.61,52.77,64.59,1409.11,15,Card,Delivered,3.2,Ravi
704766,5/10/2026,Pune,Spice Hub,Burger,Cheese Burger,4,84.95,16.94,43.23,16.14,382.23,70,Card,Delivered,3.4,Neha
704767,12/17/2025,Ahmedabad,Food Fiesta,Dessert,Gulab Jamun,4,261.23,79.29,40.1,48.28,1054.01,29,UPI,Delivered,4.9,Karan
704768,11/16/2025,Rajkot,South Treat,Pizza,Farmhouse,5,82.22,67.67,54.92,17.17,415.52,67,UPI,Cancelled,,Rahul
704769,1/10/2025,Jaipur,Pizza Corner,Biryani,Hyderabadi Veg,4,125.33,67,55.58,21.72,511.62,51,Card,Delivered,3.3,Neha
704770,4/7/2025,Gandhinagar,Chinese Wok,Pizza,Margherita,1,275.33,60.92,35.54,10.72,260.67,57,Card,Delivered,3.1,Rahul
704771,3/22/2025,Gandhinagar,Biryani Express,North Indian,Naan Combo,3,275.44,74.04,36.1,37.61,825.99,25,Card,Delivered,4.3,Rahul
704772,4/20/2026,Mumbai,Biryani Express,Burger,Paneer Burger,2,295.35,1.95,43.97,29.44,662.16,23,Wallet,Delivered,4.8,Priya
704773,4/28/2026,Pune,Chinese Wok,Chinese,Noodles,1,368.05,77.76,24.85,14.51,329.65,65,Cash,Delivered,3.8,Ravi
704774,6/17/2025,Rajkot,Pizza Corner,North Indian,Paneer Butter Masala,3,330.68,29.4,57.47,48.13,1068.24,70,Wallet,Delivered,4.8,Ravi
704775,2/8/2025,Surat,South Treat,Pizza,Farmhouse,3,95.8,30.13,34.53,12.86,304.66,57,Card,Delivered,3.3,Rahul
704776,6/6/2026,Pune,Biryani Express,Dessert,Brownie,4,188.88,23.92,35.81,36.58,803.99,29,UPI,Cancelled,,Suresh
704777,2/20/2026,Surat,Food Fiesta,Chinese,Fried Rice,2,377.27,76.42,26.14,33.91,738.17,53,Cash,Delivered,4.6,Neha
704778,2/13/2025,Vadodara,Spice Hub,South Indian,Idli,3,108.52,77.46,52.96,12.41,313.47,50,Cash,Delivered,3.2,Vikas
704779,11/10/2025,Surat,Urban Tadka,North Indian,Paneer Butter Masala,1,154.63,78.86,51.4,3.79,130.96,30,Cash,Delivered,3.8,Neha
704780,12/23/2025,Ahmedabad,Pizza Corner,Biryani,Paneer Biryani,4,367.5,3.57,41.54,73.32,1581.29,27,UPI,Delivered,4.4,Karan
704781,10/14/2025,Mumbai,Spice Hub,Chinese,Fried Rice,2,375.58,26.41,33.25,36.24,794.24,47,UPI,Delivered,5,Karan
704782,10/6/2025,Surat,Pizza Corner,Beverages,Lassi,3,231.87,67.63,52.64,31.4,712.02,62,UPI,Delivered,4.6,Karan
704783,9/28/2025,Rajkot,South Treat,Pizza,Farmhouse,4,283.66,79.76,47.17,52.74,1154.79,71,Wallet,Delivered,3.4,Ravi
704784,4/10/2025,Pune,Biryani Express,North Indian,Naan Combo,1,380.34,58.9,36.89,16.07,374.4,70,Cash,Delivered,4.2,Rahul
704785,8/20/2025,Vadodara,Biryani Express,South Indian,Masala Dosa,4,377.09,68.16,24.53,72.01,1536.74,54,Cash,Cancelled,,Karan
704786,6/10/2026,Pune,Chinese Wok,North Indian,Paneer Butter Masala,1,289.68,26.21,32.86,13.17,309.5,44,Cash,Delivered,3,Suresh
704787,5/5/2025,Mumbai,Pizza Corner,Beverages,Fresh Juice,1,302.38,22.76,27.91,13.98,321.51,35,Cash,Delivered,3,Amit
704788,4/10/2025,Rajkot,Food Fiesta,Dessert,Ice Cream,1,245.27,52.28,54.5,9.65,257.14,25,Cash,Delivered,3.8,Amit
704789,1/23/2026,Gandhinagar,Biryani Express,North Indian,Dal Makhani,1,154.67,43.68,40.82,5.55,157.36,40,Wallet,Cancelled,,Ravi
704790,8/15/2025,Pune,Urban Tadka,Beverages,Lassi,4,362.52,77.97,55.62,68.61,1496.34,51,UPI,Cancelled,,Suresh
704791,4/2/2025,Rajkot,Pizza Corner,Beverages,Cold Coffee,5,363.31,67.11,44.45,87.47,1881.36,37,Card,Delivered,4.2,Amit
704792,4/8/2025,Gandhinagar,Urban Tadka,Biryani,Veg Biryani,2,174.5,9.05,54.29,17,411.24,39,Wallet,Cancelled,,Priya
704793,3/1/2025,Vadodara,Burger House,Dessert,Gulab Jamun,4,355.6,39.06,58.84,69.17,1511.35,15,UPI,Delivered,4.7,Karan
704794,5/29/2025,Surat,Chinese Wok,Beverages,Lassi,4,368.02,7.6,27.91,73.22,1565.61,16,Card,Cancelled,,Karan
704795,4/7/2025,Gandhinagar,Food Fiesta,Burger,Cheese Burger,4,283.07,69.07,45.83,53.16,1162.2,51,Cash,Delivered,3.3,Suresh
704796,4/25/2026,Ahmedabad,Pizza Corner,Beverages,Cold Coffee,1,224.31,27.97,59.71,9.82,265.87,68,Wallet,Delivered,3.5,Karan
704797,8/28/2025,Vadodara,Urban Tadka,Burger,Cheese Burger,1,126.01,23.45,31.02,5.13,138.71,27,UPI,Delivered,4.4,Priya
704798,12/13/2025,Vadodara,Chinese Wok,Burger,Cheese Burger,5,388.15,75.63,25.46,93.26,1983.84,51,Wallet,Delivered,4.6,Suresh
704799,9/29/2025,Gandhinagar,Chinese Wok,Chinese,Noodles,1,148.62,32.11,39.76,5.83,162.1,74,UPI,Delivered,5,Rahul
704800,1/3/2026,Ahmedabad,Chinese Wok,South Indian,Idli,3,288.45,64.53,23.69,40.04,864.55,75,Cash,Delivered,3.5,Rahul
704801,4/22/2026,Rajkot,Food Fiesta,Beverages,Fresh Juice,1,207.13,14.37,31.08,9.64,233.48,36,Wallet,Cancelled,,Ravi
704802,4/12/2025,Mumbai,Urban Tadka,Biryani,Paneer Biryani,1,177.46,8.44,50.19,8.45,227.66,38,Wallet,Delivered,4,Suresh
704803,4/3/2025,Surat,Biryani Express,Dessert,Brownie,4,241.87,41.09,42.38,46.32,1015.09,25,Card,Delivered,4.1,Rahul
704804,6/25/2025,Mumbai,Biryani Express,North Indian,Naan Combo,1,87.13,49.83,23.24,1.86,62.4,32,Cash,Delivered,4.9,Ravi
704805,4/24/2026,Vadodara,Burger House,North Indian,Paneer Butter Masala,4,102,12.74,21.47,19.76,436.49,74,Cash,Delivered,4.2,Priya
704806,5/30/2025,Vadodara,Urban Tadka,Burger,Cheese Burger,3,86.22,52.91,45.89,10.29,261.93,40,Wallet,Cancelled,,Suresh
704807,12/18/2025,Surat,Burger House,Pizza,Veg Supreme,2,201.96,33.89,57.11,18.5,445.64,38,Wallet,Cancelled,,Karan
704808,11/29/2025,Vadodara,Biryani Express,Pizza,Margherita,4,313.4,59.76,52.88,59.69,1306.41,34,Wallet,Delivered,3.2,Ravi
704809,6/25/2025,Vadodara,Spice Hub,Burger,Cheese Burger,3,272.94,27.89,55,39.55,885.48,23,Card,Delivered,3,Rahul
704810,2/17/2026,Rajkot,Spice Hub,Chinese,Manchurian,2,283.59,69.32,55.6,24.89,578.35,56,Wallet,Delivered,4.7,Neha
704811,1/11/2026,Ahmedabad,Chinese Wok,Dessert,Ice Cream,3,263.24,57.79,21.91,36.6,790.44,46,Cash,Cancelled,,Neha
704812,2/3/2026,Rajkot,Spice Hub,Chinese,Manchurian,1,364.18,11.34,24.5,17.64,394.98,56,Cash,Delivered,4.4,Suresh
704813,7/21/2025,Gandhinagar,Pizza Corner,Pizza,Margherita,1,80.18,27.08,36.91,2.66,92.67,23,Cash,Cancelled,,Rahul
704814,7/6/2025,Rajkot,Urban Tadka,North Indian,Dal Makhani,1,112.76,17.78,53.57,4.75,153.3,57,Cash,Delivered,3.9,Amit
704815,5/1/2025,Surat,Biryani Express,Pizza,Farmhouse,4,374.99,30.4,51.67,73.48,1594.71,50,Card,Delivered,3.2,Vikas
704816,5/24/2025,Gandhinagar,Chinese Wok,Pizza,Farmhouse,5,339.17,71.25,20.34,81.23,1726.17,27,Wallet,Cancelled,,Neha
704817,8/15/2025,Mumbai,Burger House,South Indian,Masala Dosa,1,92.03,53.97,26.83,1.9,66.79,53,Wallet,Cancelled,,Neha
704818,9/21/2025,Pune,Burger House,Chinese,Noodles,5,301.01,35.73,42.14,73.47,1584.93,27,UPI,Cancelled,,Rahul
704819,1/16/2025,Surat,Biryani Express,Beverages,Cold Coffee,4,247.87,63.13,25.67,46.42,1000.44,25,UPI,Cancelled,,Suresh
704820,8/3/2025,Surat,South Treat,Burger,Veg Burger,2,113.87,37.19,56.56,9.53,256.64,17,Wallet,Delivered,3.8,Priya
704821,6/1/2026,Gandhinagar,South Treat,North Indian,Naan Combo,2,147.08,5.22,21.24,14.45,324.63,55,Cash,Delivered,3.4,Priya
704822,4/25/2026,Gandhinagar,South Treat,South Indian,Uttapam,5,187.25,40.05,43.59,44.81,984.6,45,UPI,Delivered,4.8,Amit
704823,1/10/2026,Pune,Burger House,South Indian,Masala Dosa,3,292.8,65.53,39.92,40.64,893.43,44,Card,Delivered,4.4,Neha
704824,9/11/2025,Pune,Pizza Corner,Biryani,Veg Biryani,5,181.27,5.55,52.99,45.04,998.83,19,Card,Cancelled,,Karan
704825,4/16/2025,Rajkot,Biryani Express,Dessert,Brownie,4,81.31,41.3,49.15,14.2,347.29,38,Wallet,Delivered,4.3,Priya
704826,6/6/2026,Surat,Burger House,Burger,Paneer Burger,2,379.78,13.46,51.94,37.3,835.34,55,Card,Delivered,5,Ravi
704827,10/4/2025,Pune,Food Fiesta,South Indian,Idli,4,117.81,11.97,26.93,22.96,509.16,68,Wallet,Delivered,3.8,Neha
704828,12/18/2025,Gandhinagar,Spice Hub,Chinese,Manchurian,4,188.48,37.67,59.78,35.81,811.84,26,Cash,Delivered,4.1,Priya
704829,7/1/2025,Mumbai,Chinese Wok,Chinese,Fried Rice,3,149.14,31.88,45.15,20.78,481.47,52,UPI,Delivered,3.9,Vikas
704830,4/26/2026,Rajkot,Burger House,Burger,Cheese Burger,5,189.04,70.31,39.71,43.74,958.34,55,Wallet,Cancelled,,Suresh
704831,2/20/2026,Gandhinagar,Chinese Wok,Biryani,Veg Biryani,5,193.97,73.35,21.3,44.83,962.63,57,Wallet,Cancelled,,Neha
704832,5/20/2025,Mumbai,Burger House,Dessert,Gulab Jamun,4,371.53,39.49,44.99,72.33,1563.95,67,Card,Cancelled,,Karan
704833,7/26/2025,Mumbai,Pizza Corner,Pizza,Veg Supreme,1,164.7,21.99,53.38,7.14,203.23,71,Wallet,Delivered,4.1,Amit
704834,3/16/2025,Rajkot,South Treat,Biryani,Hyderabadi Veg,2,215.08,64.96,35.4,18.26,418.86,67,Wallet,Delivered,3.5,Vikas
704835,2/23/2025,Ahmedabad,South Treat,Chinese,Noodles,3,340.41,48.69,59.67,48.63,1080.84,40,Card,Delivered,4.1,Vikas
704836,1/24/2026,Surat,Chinese Wok,Biryani,Hyderabadi Veg,2,172.98,10.11,55.86,16.79,408.5,33,UPI,Cancelled,,Suresh
704837,11/4/2025,Rajkot,Food Fiesta,Pizza,Veg Supreme,2,322.2,68.57,44.58,28.79,649.2,64,Cash,Delivered,4.9,Karan
704838,4/28/2026,Mumbai,Urban Tadka,Beverages,Fresh Juice,2,307.72,33.69,20.02,29.09,630.86,25,Cash,Delivered,4.6,Karan
704839,2/26/2025,Surat,Burger House,North Indian,Paneer Butter Masala,1,109.35,5.46,21.85,5.19,130.93,16,Cash,Cancelled,,Rahul
704840,1/11/2025,Surat,Burger House,Biryani,Paneer Biryani,3,85.96,23.3,25.71,11.73,272.02,23,Cash,Delivered,3.5,Rahul
704841,9/19/2025,Rajkot,Burger House,Chinese,Noodles,3,98.34,19.53,39.65,13.77,328.91,25,Card,Delivered,3.5,Priya
704842,7/9/2025,Ahmedabad,Chinese Wok,Beverages,Lassi,1,342.08,26.18,31.59,15.79,363.28,44,Card,Delivered,3.3,Amit
704843,4/15/2025,Surat,Pizza Corner,Pizza,Margherita,1,284.83,19.59,32.55,13.26,311.05,63,Wallet,Delivered,3.7,Ravi
704844,9/9/2025,Surat,Pizza Corner,Chinese,Noodles,4,220.27,21.8,27.87,42.96,930.11,33,UPI,Delivered,3.3,Amit
704845,10/1/2025,Pune,South Treat,Burger,Veg Burger,5,359.46,74.6,35.13,86.14,1843.97,48,UPI,Delivered,4.8,Rahul
704846,7/27/2025,Jaipur,South Treat,North Indian,Naan Combo,5,167.2,71.25,27.6,38.24,830.59,60,Cash,Cancelled,,Rahul
704847,11/26/2025,Ahmedabad,South Treat,Pizza,Farmhouse,3,291.87,22.52,25.92,42.65,921.66,36,Cash,Delivered,3.9,Amit
704848,9/2/2025,Pune,Food Fiesta,Chinese,Noodles,3,275.85,6.97,20.01,41.03,881.62,36,UPI,Cancelled,,Neha
704849,2/14/2026,Mumbai,Biryani Express,Dessert,Brownie,2,147.45,54.51,33.88,12.02,286.29,43,Card,Delivered,4.6,Priya
704850,2/21/2026,Vadodara,Burger House,South Indian,Idli,1,298.44,11.4,39.96,14.35,341.35,42,Cash,Delivered,4.9,Amit
704851,3/25/2025,Ahmedabad,Urban Tadka,Biryani,Veg Biryani,2,180.93,52.86,39.42,15.45,363.87,20,UPI,Delivered,3,Vikas
704852,3/31/2025,Jaipur,Burger House,Dessert,Gulab Jamun,2,158.88,68.21,44.17,12.48,306.2,68,Wallet,Delivered,4.3,Ravi
704853,7/24/2025,Jaipur,Chinese Wok,North Indian,Paneer Butter Masala,5,128.18,77.11,32.05,28.19,624.03,21,UPI,Delivered,3.6,Karan
704854,2/1/2026,Pune,Burger House,Pizza,Veg Supreme,4,146.25,28.87,28.8,27.81,612.74,17,Card,Delivered,4.9,Karan
704855,2/11/2026,Vadodara,Burger House,Biryani,Paneer Biryani,2,325.76,7.71,21.58,32.19,697.58,24,UPI,Delivered,3.5,Priya
704856,1/23/2026,Jaipur,South Treat,Beverages,Lassi,3,240.98,17.12,33.26,35.29,774.37,19,Card,Delivered,3.9,Vikas
704857,4/20/2025,Vadodara,Burger House,Beverages,Cold Coffee,1,333.41,75.91,53.89,12.88,324.27,53,UPI,Delivered,4,Ravi
704858,2/24/2025,Gandhinagar,South Treat,North Indian,Paneer Butter Masala,1,292.05,56.84,45.51,11.76,292.48,24,Card,Delivered,3.3,Vikas
704859,3/5/2025,Gandhinagar,Food Fiesta,South Indian,Uttapam,3,81.58,65.98,33.6,8.94,221.3,72,Cash,Cancelled,,Amit
704860,4/20/2025,Pune,Spice Hub,South Indian,Idli,2,285.18,69.41,56.03,25.05,582.03,47,Wallet,Delivered,4.8,Priya
704861,1/11/2026,Surat,Pizza Corner,Pizza,Farmhouse,4,346.34,25.1,24.86,68.01,1453.13,21,Card,Cancelled,,Karan
704862,7/21/2025,Jaipur,Spice Hub,South Indian,Idli,3,343.2,30.55,42.93,49.95,1091.93,46,Wallet,Delivered,3.1,Priya
704863,7/24/2025,Gandhinagar,Food Fiesta,Dessert,Ice Cream,5,328.29,25.4,47.43,80.8,1744.28,45,UPI,Cancelled,,Ravi
704864,1/31/2026,Jaipur,Spice Hub,Dessert,Gulab Jamun,1,205.79,62.87,27.08,7.15,177.15,34,Wallet,Delivered,3.7,Karan
704865,6/16/2026,Surat,South Treat,Dessert,Brownie,1,248.69,68.74,24.51,9,213.46,39,Cash,Delivered,4.8,Karan
704866,7/24/2025,Pune,Chinese Wok,Dessert,Brownie,5,246.96,5.37,47.92,61.47,1338.82,22,Wallet,Cancelled,,Ravi
704867,2/19/2026,Ahmedabad,Food Fiesta,Chinese,Fried Rice,5,282.02,36.42,45.25,68.68,1487.61,58,UPI,Delivered,4.9,Suresh
704868,3/31/2025,Surat,Urban Tadka,Burger,Cheese Burger,3,206.89,39.82,55.23,29.04,665.12,25,UPI,Cancelled,,Priya
704869,8/6/2025,Surat,South Treat,Pizza,Farmhouse,4,326.85,12,55.64,64.77,1415.81,64,Card,Delivered,4.5,Amit
704870,1/25/2025,Mumbai,Food Fiesta,North Indian,Naan Combo,1,168.06,25.99,37.13,7.1,186.3,75,Wallet,Delivered,4.2,Rahul
704871,8/15/2025,Ahmedabad,Pizza Corner,Pizza,Margherita,3,278.06,76.89,45.81,37.86,840.96,27,Card,Delivered,4.6,Rahul
704872,5/14/2025,Pune,Biryani Express,Beverages,Lassi,4,155.46,55.84,51.29,28.3,645.59,17,Cash,Delivered,4.8,Amit
704873,3/1/2026,Rajkot,Pizza Corner,Biryani,Veg Biryani,1,210.63,35.24,35.96,8.77,220.12,69,Wallet,Delivered,3.4,Ravi
704874,11/4/2025,Mumbai,Biryani Express,Biryani,Hyderabadi Veg,3,221.57,52.74,42.3,30.6,684.87,61,Wallet,Delivered,4,Ravi
704875,12/18/2025,Jaipur,South Treat,Chinese,Manchurian,5,110.52,42,33.03,25.53,569.16,22,Cash,Delivered,3.1,Rahul
704876,7/7/2025,Jaipur,Urban Tadka,South Indian,Masala Dosa,3,141.87,31.41,44.75,19.71,458.66,67,UPI,Delivered,3.3,Rahul
704877,12/1/2025,Ahmedabad,Food Fiesta,Pizza,Margherita,4,82.71,50.92,58.68,14,352.6,35,Wallet,Cancelled,,Rahul
704878,6/17/2026,Ahmedabad,Burger House,Pizza,Veg Supreme,3,371.4,8.73,59.84,55.27,1220.58,54,Wallet,Delivered,4.1,Suresh
704879,1/16/2026,Vadodara,Pizza Corner,Biryani,Veg Biryani,5,160.36,75.68,56.31,36.31,818.74,68,Card,Delivered,4.6,Neha
704880,2/16/2026,Mumbai,Biryani Express,Chinese,Manchurian,3,165.52,63.51,52.14,21.65,506.84,23,Cash,Delivered,4.1,Vikas
704881,11/5/2025,Gandhinagar,Burger House,Beverages,Fresh Juice,1,225.97,57.65,38.34,8.42,215.08,49,Card,Delivered,3.2,Ravi
704882,8/6/2025,Pune,Chinese Wok,North Indian,Naan Combo,3,113.4,77.26,29.71,13.15,305.8,54,Card,Delivered,4.3,Ravi
704883,3/2/2025,Pune,Burger House,Pizza,Farmhouse,5,133.16,58.75,51.02,30.35,688.42,53,Card,Delivered,4.7,Amit
704884,11/23/2025,Vadodara,South Treat,South Indian,Uttapam,2,330.98,56.93,42.09,30.25,677.37,16,Cash,Delivered,3.6,Rahul
704885,3/24/2025,Rajkot,Food Fiesta,Pizza,Farmhouse,5,390.58,57.03,52,94.79,2042.66,35,Wallet,Delivered,3.3,Priya
704886,3/25/2025,Ahmedabad,Spice Hub,Chinese,Noodles,1,228.31,15.15,56.23,10.66,280.05,19,UPI,Delivered,4.2,Rahul
704887,10/28/2025,Pune,South Treat,Pizza,Margherita,3,138.53,18.86,46.83,19.84,463.4,73,UPI,Delivered,3.5,Ravi
704888,6/8/2026,Ahmedabad,Chinese Wok,North Indian,Dal Makhani,4,198.11,38.32,50,37.71,841.83,30,Card,Delivered,4.3,Vikas
704889,7/31/2025,Vadodara,Burger House,Chinese,Manchurian,5,108.5,14.11,53.31,26.42,608.12,51,UPI,Delivered,4.1,Priya
704890,9/27/2025,Gandhinagar,Spice Hub,South Indian,Uttapam,4,184.37,16.78,51.75,36.04,808.49,32,Card,Delivered,3.9,Ravi
704891,2/9/2026,Ahmedabad,Biryani Express,North Indian,Naan Combo,5,122.4,34.12,41.36,28.89,648.13,53,UPI,Cancelled,,Suresh
704892,3/30/2026,Mumbai,Pizza Corner,Pizza,Veg Supreme,2,268.02,73.45,22.32,23.13,508.04,24,Wallet,Delivered,4.4,Amit
704893,1/23/2025,Vadodara,Biryani Express,North Indian,Naan Combo,2,209.09,74.16,37.21,17.2,398.43,16,Wallet,Delivered,3.2,Ravi
704894,8/3/2025,Jaipur,Pizza Corner,Beverages,Cold Coffee,1,132.32,45.68,42.12,4.33,133.09,72,UPI,Delivered,3.4,Priya
704895,10/11/2025,Vadodara,Spice Hub,North Indian,Paneer Butter Masala,3,114.58,66.04,46.43,13.88,338.01,33,Card,Delivered,4.1,Rahul
704896,2/5/2025,Rajkot,Food Fiesta,Dessert,Brownie,3,190.11,24.53,54.72,27.29,627.81,69,Cash,Delivered,3.7,Suresh
704897,4/6/2026,Rajkot,Chinese Wok,Dessert,Brownie,2,289.68,53.67,56.25,26.28,608.22,39,Wallet,Delivered,4.8,Priya
704898,5/23/2025,Jaipur,Urban Tadka,Chinese,Noodles,1,127.82,31.55,51.41,4.81,152.49,57,UPI,Cancelled,,Rahul
704899,9/3/2025,Surat,Food Fiesta,Pizza,Margherita,2,311.69,27.57,57.59,29.79,683.19,58,Wallet,Delivered,4,Suresh
704900,6/20/2026,Ahmedabad,Chinese Wok,South Indian,Uttapam,3,277.67,31.55,49.4,40.07,890.93,27,Card,Delivered,3.3,Neha
704901,12/11/2025,Mumbai,Biryani Express,Beverages,Cold Coffee,5,122.61,52.84,49.85,28.01,638.07,60,UPI,Cancelled,,Vikas
704902,1/15/2025,Surat,Urban Tadka,Biryani,Veg Biryani,5,256.83,34.26,41.41,62.49,1353.79,20,Card,Delivered,3.2,Priya
704903,3/18/2025,Pune,Urban Tadka,North Indian,Paneer Butter Masala,5,344.93,56.43,56.76,83.41,1808.39,38,Cash,Delivered,3.8,Amit
704904,5/31/2025,Jaipur,Pizza Corner,Biryani,Veg Biryani,1,143.28,59.62,34.14,4.18,121.98,61,Card,Cancelled,,Karan
704905,11/22/2025,Mumbai,Chinese Wok,Pizza,Veg Supreme,1,206.39,28.81,20.28,8.88,206.74,24,Cash,Cancelled,,Karan
704906,4/11/2025,Ahmedabad,Biryani Express,Burger,Cheese Burger,4,367.2,10.33,44.41,72.92,1575.8,70,Cash,Delivered,4.1,Suresh
704907,3/16/2026,Pune,Chinese Wok,Dessert,Ice Cream,3,235.55,0.91,41.96,35.29,782.99,18,UPI,Delivered,4,Karan
704908,10/25/2025,Gandhinagar,South Treat,North Indian,Paneer Butter Masala,2,257.38,61.03,22.62,22.69,499.04,49,Card,Delivered,3.8,Suresh
704909,2/13/2025,Gandhinagar,Biryani Express,Biryani,Veg Biryani,4,257.95,67.19,59.71,48.23,1072.55,39,Wallet,Delivered,4.7,Ravi
704910,3/13/2025,Pune,South Treat,Chinese,Manchurian,3,270.73,77.64,54.49,36.73,825.77,46,Card,Delivered,4.3,Suresh
704911,3/5/2025,Gandhinagar,Food Fiesta,Pizza,Veg Supreme,1,101.17,22.19,45.73,3.95,128.66,29,Card,Delivered,3.5,Vikas
704912,11/15/2025,Surat,Spice Hub,Biryani,Veg Biryani,5,337.07,7.03,48.59,83.92,1810.83,48,Cash,Cancelled,,Rahul
704913,2/21/2026,Vadodara,Burger House,North Indian,Naan Combo,4,369.3,20.43,23.37,72.84,1552.98,74,Card,Delivered,3.6,Karan
704914,3/29/2025,Jaipur,Food Fiesta,Beverages,Fresh Juice,3,350.44,2.86,32.59,52.42,1133.47,74,UPI,Cancelled,,Rahul
704915,8/26/2025,Pune,Food Fiesta,Biryani,Hyderabadi Veg,4,197.61,77.12,26.37,35.67,775.36,26,Cash,Cancelled,,Amit
704916,8/18/2025,Rajkot,South Treat,Biryani,Hyderabadi Veg,2,309.69,41.81,22.01,28.88,628.46,34,Card,Delivered,4.5,Rahul
704917,9/16/2025,Gandhinagar,Chinese Wok,Burger,Cheese Burger,4,238.9,6.76,45.42,47.44,1041.7,61,Wallet,Cancelled,,Neha
704918,11/2/2025,Ahmedabad,Chinese Wok,Biryani,Paneer Biryani,5,89.53,9.3,35.27,21.92,495.54,55,Wallet,Delivered,3.4,Ravi
704919,2/20/2026,Mumbai,Chinese Wok,Pizza,Margherita,1,258.94,74.28,36.77,9.23,230.66,25,Card,Delivered,4,Priya
704920,7/20/2025,Rajkot,South Treat,North Indian,Dal Makhani,3,248.92,9.08,41.05,36.88,815.61,56,UPI,Cancelled,,Ravi
704921,6/21/2025,Vadodara,Pizza Corner,Chinese,Noodles,1,309.59,74.43,58.55,11.76,305.47,34,Card,Delivered,4.3,Neha
704922,12/1/2025,Rajkot,Chinese Wok,Burger,Veg Burger,5,125.75,68.02,32.36,28.04,621.13,28,UPI,Delivered,4.7,Neha
704923,3/23/2026,Mumbai,Biryani Express,Dessert,Brownie,4,151.27,73.11,43.78,26.6,602.35,74,Cash,Cancelled,,Neha
704924,9/4/2025,Vadodara,Urban Tadka,Chinese,Fried Rice,3,287.39,11.5,49.86,42.53,943.06,52,Cash,Cancelled,,Vikas
704925,1/15/2026,Mumbai,Biryani Express,North Indian,Naan Combo,5,360.55,20.17,56.01,89.13,1927.72,24,Card,Delivered,4.5,Rahul
704926,4/5/2026,Rajkot,Chinese Wok,Beverages,Cold Coffee,5,208.7,18.98,41.27,51.23,1117.02,57,Wallet,Delivered,3.3,Karan
704927,1/18/2025,Gandhinagar,South Treat,Burger,Veg Burger,3,122.74,60.71,55.78,15.38,378.67,53,Wallet,Delivered,4.7,Karan
704928,6/24/2025,Ahmedabad,Burger House,Burger,Paneer Burger,4,261.41,29.31,38.08,50.82,1105.23,38,Cash,Delivered,3.8,Suresh
704929,9/12/2025,Surat,Biryani Express,Biryani,Veg Biryani,5,264.84,66.24,24.96,62.9,1345.82,53,UPI,Cancelled,,Rahul
704930,1/2/2026,Rajkot,Burger House,South Indian,Uttapam,1,395.4,5.29,27.74,19.51,437.36,64,Wallet,Delivered,4.9,Vikas
704931,1/16/2026,Pune,Burger House,Dessert,Gulab Jamun,5,159.75,54.3,47.02,37.22,828.69,31,Wallet,Delivered,4.8,Neha
704932,1/26/2026,Rajkot,Food Fiesta,Beverages,Cold Coffee,1,320.91,75.56,32.09,12.27,289.71,30,Card,Delivered,4.2,Neha
704933,8/8/2025,Rajkot,Burger House,Dessert,Brownie,3,106.91,29.39,32.54,14.57,338.45,17,UPI,Delivered,3.9,Suresh
704934,1/8/2025,Pune,Burger House,Burger,Veg Burger,1,273.91,0.5,33.73,13.67,320.81,30,Card,Delivered,4.4,Vikas
704935,1/5/2026,Rajkot,South Treat,South Indian,Idli,1,268.61,67.52,23.97,10.05,235.11,33,UPI,Delivered,4,Suresh
704936,5/6/2026,Ahmedabad,Pizza Corner,Pizza,Farmhouse,4,235.3,38.32,38.16,45.14,986.18,58,UPI,Delivered,4.1,Karan
704937,5/4/2025,Ahmedabad,Pizza Corner,Biryani,Veg Biryani,3,189.28,63.95,45.88,25.19,574.96,43,Card,Delivered,3.8,Ravi
704938,2/4/2025,Rajkot,Urban Tadka,Dessert,Brownie,4,238.21,77.05,31.49,43.79,951.07,63,Wallet,Cancelled,,Priya
704939,8/2/2025,Surat,Spice Hub,Pizza,Margherita,3,115.69,15.56,31.37,16.58,379.46,45,Wallet,Delivered,4.1,Vikas
704940,1/21/2026,Rajkot,Biryani Express,Pizza,Farmhouse,5,329.89,22.5,56.92,81.35,1765.22,26,UPI,Delivered,4.6,Ravi
704941,3/6/2026,Rajkot,Biryani Express,Beverages,Fresh Juice,4,120.37,63.63,58.2,20.89,496.94,38,UPI,Delivered,3.2,Neha
704942,5/23/2025,Pune,Food Fiesta,Chinese,Noodles,3,98.59,30.82,32.49,13.25,310.69,40,Card,Delivered,3.4,Vikas
704943,5/14/2026,Ahmedabad,Spice Hub,South Indian,Idli,4,217.87,14.51,24.46,42.85,924.28,69,UPI,Delivered,4.3,Neha
704944,2/10/2026,Gandhinagar,Spice Hub,Beverages,Cold Coffee,1,396.76,22.05,32.25,18.74,425.7,25,Wallet,Delivered,3,Neha
704945,1/24/2025,Mumbai,Urban Tadka,Pizza,Veg Supreme,1,236.72,33.43,48.09,10.16,261.54,59,UPI,Cancelled,,Priya
704946,5/14/2025,Rajkot,Spice Hub,Biryani,Paneer Biryani,1,167.28,45.16,54.48,6.11,182.71,51,Card,Delivered,3.6,Amit
704947,11/23/2025,Mumbai,Pizza Corner,Burger,Paneer Burger,4,285.82,52.24,54.61,54.55,1200.2,26,Cash,Delivered,3.4,Ravi
704948,8/22/2025,Surat,South Treat,South Indian,Masala Dosa,5,205.3,32.93,25.65,49.68,1068.9,30,Cash,Delivered,4.5,Neha
704949,12/27/2025,Ahmedabad,Food Fiesta,Chinese,Fried Rice,1,194.56,65.64,28.96,6.45,164.33,66,Wallet,Delivered,4.6,Ravi
704950,5/27/2026,Vadodara,Pizza Corner,Pizza,Veg Supreme,4,257.71,37.97,29.87,49.64,1072.38,43,UPI,Delivered,4.5,Rahul
704951,3/22/2026,Vadodara,Burger House,Chinese,Fried Rice,2,395,10.18,48.39,38.99,867.2,50,UPI,Cancelled,,Ravi
704952,4/12/2025,Pune,Chinese Wok,Dessert,Gulab Jamun,4,295.61,19.92,47.45,58.13,1268.1,31,Cash,Delivered,4.6,Karan
704953,7/18/2025,Pune,South Treat,South Indian,Idli,3,236.8,62.7,58.52,32.39,738.61,50,UPI,Cancelled,,Karan
704954,9/29/2025,Ahmedabad,Burger House,South Indian,Uttapam,3,245.81,48.76,24.79,34.43,747.89,17,Wallet,Delivered,3.1,Karan
704955,4/17/2026,Rajkot,Urban Tadka,Pizza,Margherita,3,128.84,22.47,20.59,18.2,402.84,40,UPI,Delivered,4.1,Vikas
704956,8/17/2025,Jaipur,Biryani Express,Dessert,Gulab Jamun,1,220.31,12.07,22.55,10.41,241.2,54,UPI,Delivered,4.2,Karan
704957,6/2/2025,Vadodara,Food Fiesta,Beverages,Cold Coffee,3,295.84,39.2,22.6,42.42,913.34,21,Wallet,Delivered,4.9,Karan
704958,5/13/2026,Rajkot,South Treat,South Indian,Idli,5,207.72,51.56,32.51,49.35,1068.9,43,Cash,Delivered,3.1,Neha
704959,9/12/2025,Rajkot,Pizza Corner,Beverages,Cold Coffee,4,248.12,44.05,49.39,47.42,1045.24,46,Card,Delivered,3.7,Rahul
704960,3/8/2025,Vadodara,Spice Hub,Beverages,Lassi,1,86.49,26.96,34.46,2.98,96.97,65,Card,Delivered,4.3,Suresh
704961,1/24/2025,Ahmedabad,Food Fiesta,South Indian,Idli,2,262.27,31.85,44.81,24.63,562.13,16,UPI,Cancelled,,Suresh
704962,5/14/2025,Jaipur,South Treat,South Indian,Uttapam,5,195.13,56.59,50.18,45.95,1015.19,21,UPI,Cancelled,,Neha
704963,1/23/2026,Jaipur,Spice Hub,Biryani,Paneer Biryani,1,316.66,47.03,51.8,13.48,334.91,58,UPI,Delivered,4.1,Ravi
704964,5/24/2025,Surat,Food Fiesta,Dessert,Brownie,1,263.46,7.64,42.25,12.79,310.86,35,Card,Delivered,3.1,Neha
704965,5/5/2026,Ahmedabad,South Treat,Beverages,Lassi,3,232.69,65.81,53.61,31.61,717.48,59,UPI,Cancelled,,Priya
704966,10/1/2025,Rajkot,Burger House,Chinese,Manchurian,4,357.65,62.47,52.77,68.41,1489.31,20,Wallet,Delivered,3.3,Rahul
704967,6/8/2026,Pune,Burger House,Beverages,Fresh Juice,1,231.25,13.12,21.16,10.91,250.2,28,Cash,Delivered,3.3,Suresh
704968,2/25/2025,Vadodara,Burger House,South Indian,Masala Dosa,4,84.75,22.17,59.54,15.84,392.21,54,Wallet,Cancelled,,Neha
704969,2/3/2026,Pune,South Treat,Chinese,Noodles,2,184.39,50.75,24.68,15.9,358.61,68,UPI,Cancelled,,Rahul
704970,1/27/2026,Ahmedabad,Pizza Corner,Pizza,Farmhouse,5,132.55,65.05,42.86,29.89,670.45,26,Cash,Cancelled,,Karan
704971,3/6/2026,Mumbai,Burger House,Beverages,Fresh Juice,4,361.51,49.48,59.95,69.83,1526.34,38,Wallet,Cancelled,,Priya
704972,3/7/2025,Ahmedabad,Burger House,Beverages,Cold Coffee,2,172.98,24.29,35.18,16.08,372.93,62,Cash,Delivered,4,Vikas
704973,5/11/2025,Ahmedabad,Biryani Express,Pizza,Veg Supreme,1,362.39,76.18,59.03,14.31,359.55,16,Cash,Delivered,4.1,Ravi
704974,7/5/2025,Surat,Biryani Express,Chinese,Noodles,4,180.92,60.67,26.47,33.15,722.63,29,Wallet,Delivered,4.7,Ravi
704975,7/8/2025,Gandhinagar,Pizza Corner,Burger,Veg Burger,3,96.97,42.36,20.62,12.43,281.6,51,Wallet,Delivered,3.3,Karan
704976,4/21/2025,Ahmedabad,South Treat,Biryani,Paneer Biryani,5,308.75,4.48,47.96,76.96,1664.19,71,UPI,Delivered,4.4,Vikas
704977,2/22/2025,Mumbai,Biryani Express,Chinese,Manchurian,1,192.24,57.86,57.84,6.72,198.94,56,Wallet,Delivered,4.9,Karan
704978,3/26/2026,Jaipur,Urban Tadka,South Indian,Idli,2,324.49,10.39,32.75,31.93,703.27,29,UPI,Delivered,3.9,Karan
704979,6/1/2026,Rajkot,Pizza Corner,Dessert,Brownie,2,264.58,21.16,56.4,25.4,589.8,39,Wallet,Delivered,3.3,Karan
704980,3/10/2025,Jaipur,Pizza Corner,Dessert,Ice Cream,1,237.26,26.06,21.84,10.56,243.6,15,Card,Delivered,3.9,Vikas
704981,1/28/2026,Gandhinagar,Food Fiesta,Beverages,Lassi,1,269.42,41.37,40.22,11.4,279.67,56,Cash,Cancelled,,Vikas
704982,4/16/2025,Vadodara,Biryani Express,Beverages,Cold Coffee,5,230.87,60.56,47.26,54.69,1195.74,26,Wallet,Delivered,4.1,Vikas
704983,10/19/2025,Ahmedabad,Food Fiesta,Dessert,Brownie,4,198.47,51.25,56.49,37.13,836.25,37,Card,Delivered,3.4,Neha
704984,11/18/2025,Rajkot,Biryani Express,Biryani,Veg Biryani,4,383.51,26.17,34.37,75.39,1617.63,57,Card,Delivered,4.1,Priya
704985,5/7/2025,Vadodara,Burger House,Beverages,Lassi,2,118.14,20.33,59.5,10.8,286.25,44,Wallet,Delivered,3.1,Vikas
704986,11/1/2025,Vadodara,Pizza Corner,Pizza,Margherita,1,154.37,36.61,36.85,5.89,160.5,25,UPI,Delivered,3.9,Amit
704987,3/16/2025,Jaipur,Burger House,North Indian,Paneer Butter Masala,2,116.5,57.93,25.8,8.75,209.62,36,UPI,Delivered,4.7,Ravi
704988,9/10/2025,Surat,Pizza Corner,Pizza,Veg Supreme,2,153,30.97,35.48,13.75,324.26,60,Cash,Cancelled,,Suresh
704989,6/25/2026,Mumbai,Spice Hub,Burger,Paneer Burger,4,372.98,11.04,32.91,74.04,1587.83,23,Wallet,Cancelled,,Amit
704990,11/17/2025,Surat,Spice Hub,Dessert,Brownie,2,293.91,75.96,24.66,25.59,562.11,63,UPI,Delivered,4.4,Karan
704991,5/15/2025,Pune,Food Fiesta,Beverages,Fresh Juice,2,116.89,66.46,43.25,8.37,218.94,21,Wallet,Cancelled,,Suresh
704992,3/15/2025,Rajkot,Chinese Wok,Biryani,Veg Biryani,1,290.35,54.82,24.96,11.78,272.27,17,Cash,Delivered,3.6,Amit
704993,5/12/2026,Pune,Food Fiesta,North Indian,Naan Combo,3,215.35,26.51,25.23,30.98,675.75,64,Wallet,Delivered,3.1,Rahul
704994,5/27/2026,Vadodara,Pizza Corner,Pizza,Veg Supreme,2,298.54,32.96,46.8,28.21,639.13,41,Cash,Cancelled,,Amit
704995,4/14/2026,Vadodara,Spice Hub,Burger,Paneer Burger,3,170.38,56.27,36.24,22.74,513.85,40,Card,Cancelled,,Priya
704996,5/31/2026,Ahmedabad,Pizza Corner,Dessert,Ice Cream,3,213.01,1.03,54.84,31.9,724.74,37,Cash,Delivered,3.2,Amit
704997,12/2/2025,Rajkot,Chinese Wok,North Indian,Paneer Butter Masala,3,249.64,57.57,25.25,34.57,751.17,68,UPI,Cancelled,,Karan
704998,2/14/2025,Gandhinagar,Burger House,Beverages,Fresh Juice,2,148.54,28.67,24.82,13.42,306.65,45,UPI,Cancelled,,Ravi
704999,9/27/2025,Gandhinagar,Pizza Corner,Dessert,Brownie,5,206.27,4.52,46.73,51.34,1124.9,41,UPI,Delivered,3.3,Priya
705000,7/5/2025,Rajkot,Chinese Wok,Chinese,Noodles,5,249.43,0.98,59.33,62.31,1367.81,71,UPI,Delivered,3.7,Vikas
